expense_id,date,item_name,qty,unit,debit,kredit,saldo,month,source_sheet,item_key,is_topup
PCE-0001,2026-01-01,Additional Petty Cash,1.0,time,0.0,2000000.0,2000000.0,Januari,Expense Januari,ADDITIONAL PETTY CASH,True
PCE-0002,2026-01-01,plastic shopbag,1.0,pcs,300.0,0.0,1999700.0,Januari,Expense Januari,PLASTIC SHOPBAG,False
PCE-0003,2026-01-01,Susu UHT Plain 1L,2.0,pcs,44800.0,0.0,1954900.0,Januari,Expense Januari,SUSU UHT PLAIN 1L,False
PCE-0004,2026-01-01,Diamond Full Cream 1L,1.0,pcs,22500.0,0.0,1932400.0,Januari,Expense Januari,DIAMOND FULL CREAM 1L,False
PCE-0005,2026-01-01,Air Isi Ulang,2.0,pcs,14000.0,0.0,1918400.0,Januari,Expense Januari,AIR ISI ULANG,False
PCE-0006,2026-01-01,es,2.0,pax,20000.0,0.0,1898400.0,Januari,Expense Januari,ES,False
PCE-0007,2026-01-01,ongkir berlyanfood,0.0,,25000.0,0.0,1873400.0,Januari,Expense Januari,ONGKIR BERLYANFOOD,False
PCE-0008,2026-01-01,Sewa HP Spotify (Desember - Januari),0.0,,100000.0,0.0,1773400.0,Januari,Expense Januari,SEWA HP SPOTIFY (DESEMBER - JANUARI),False
PCE-0009,2026-01-01,Minyak Kita 1L,36.0,pcs,645000.0,0.0,1128400.0,Januari,Expense Januari,MINYAK KITA 1L,False
PCE-0010,2026-01-01,Telur,5.0,kg,142500.0,0.0,985900.0,Januari,Expense Januari,TELUR,False
PCE-0011,2026-01-01,Bawang Putih,500.0,gr,19000.0,0.0,966900.0,Januari,Expense Januari,BAWANG PUTIH,False
PCE-0012,2026-01-01,Ultra Milk Full Cream Plain Susu UHT 1L,5.0,pcs,104090.0,0.0,862810.0,Januari,Expense Januari,ULTRA MILK FULL CREAM PLAIN SUSU UHT 1L,False
PCE-0013,2026-01-01,Ultra Milk Full Cream Plain Susu UHT 1L,5.0,pcs,104090.0,0.0,758720.0,Januari,Expense Januari,ULTRA MILK FULL CREAM PLAIN SUSU UHT 1L,False
PCE-0014,2026-01-01,Ultra Milk Full Cream Plain Susu UHT 1L,2.0,pcs,42836.0,0.0,715884.0,Januari,Expense Januari,ULTRA MILK FULL CREAM PLAIN SUSU UHT 1L,False
PCE-0015,2026-01-02,Bogasari Segitiga Biru 1kg,12.0,pcs,186000.0,0.0,529884.0,Januari,Expense Januari,BOGASARI SEGITIGA BIRU 1KG,False
PCE-0016,2026-01-02,Solo Corner Straight -handle Umbrella White,1.0,pcs,69900.0,0.0,459984.0,Januari,Expense Januari,SOLO CORNER STRAIGHT -HANDLE UMBRELLA WHITE,False
PCE-0017,2026-01-02,Aqua Galon,1.0,pcs,22000.0,0.0,437984.0,Januari,Expense Januari,AQUA GALON,False
PCE-0018,2026-01-02,Air Isi Ulang,1.0,pcs,7000.0,0.0,430984.0,Januari,Expense Januari,AIR ISI ULANG,False
PCE-0019,2026-01-02,es,2.0,pax,18000.0,0.0,412984.0,Januari,Expense Januari,ES,False
PCE-0020,2026-01-02,Royco Ayam 1kg,1.0,pcs,55000.0,0.0,357984.0,Januari,Expense Januari,ROYCO AYAM 1KG,False
PCE-0021,2026-01-02,Cabe Pedas 1kg,1.0,pcs,82000.0,0.0,275984.0,Januari,Expense Januari,CABE PEDAS 1KG,False
PCE-0022,2026-01-02,Indo Ice Cream Vanilla 8L,1.0,box,165000.0,0.0,110984.0,Januari,Expense Januari,INDO ICE CREAM VANILLA 8L,False
PCE-0023,2026-01-02,"Delmonte Sauce Extra Hot 5,5kg",1.0,jerigen,112000.0,0.0,-1016.0,Januari,Expense Januari,"DELMONTE SAUCE EXTRA HOT 5,5KG",False
PCE-0024,2026-01-02,"Delmonte Sauce Tomat 5,7kg",1.0,jerigen,92000.0,0.0,-93016.0,Januari,Expense Januari,"DELMONTE SAUCE TOMAT 5,7KG",False
PCE-0025,2026-01-02,Anchor Butter 1kg,2.0,pax,308000.0,0.0,-401016.0,Januari,Expense Januari,ANCHOR BUTTER 1KG,False
PCE-0026,2026-01-03,Pisang Cavendish Sunpride,1.0,sisir,29200.0,0.0,-430216.0,Januari,Expense Januari,PISANG CAVENDISH SUNPRIDE,False
PCE-0027,2026-01-03,Beras Sedap Wangi 5kg,1.0,pcs,81000.0,0.0,-511216.0,Januari,Expense Januari,BERAS SEDAP WANGI 5KG,False
PCE-0028,2026-01-03,Minyak Kita 1L,12.0,pcs,210000.0,0.0,-721216.0,Januari,Expense Januari,MINYAK KITA 1L,False
PCE-0029,2026-01-03,Whipping Cream Millac Gold 1L,1.0,pcs,77000.0,0.0,-798216.0,Januari,Expense Januari,WHIPPING CREAM MILLAC GOLD 1L,False
PCE-0030,2026-01-03,Gulaku Gula TB PR,2.0,pcs,35000.0,0.0,-833216.0,Januari,Expense Januari,GULAKU GULA TB PR,False
PCE-0031,2026-01-03,365 Minyak Goreng Pch,1.0,pcs,19900.0,0.0,-853116.0,Januari,Expense Januari,365 MINYAK GORENG PCH,False
PCE-0032,2026-01-03,Kol Merah Whl,374.0,gr,24290.0,0.0,-877406.0,Januari,Expense Januari,KOL MERAH WHL,False
PCE-0033,2026-01-03,Kol Putih,514.0,gr,7145.0,0.0,-884551.0,Januari,Expense Januari,KOL PUTIH,False
PCE-0034,2026-01-03,Lettuce,402.0,gr,22070.0,0.0,-906621.0,Januari,Expense Januari,LETTUCE,False
PCE-0035,2026-01-03,Lettuce,264.0,gr,14495.0,0.0,-921116.0,Januari,Expense Januari,LETTUCE,False
PCE-0036,2026-01-03,es,1.0,pax,9000.0,0.0,-930116.0,Januari,Expense Januari,ES,False
PCE-0037,2026-01-03,Indomilk UHT 1L,10.0,pcs,200000.0,0.0,-1130116.0,Januari,Expense Januari,INDOMILK UHT 1L,False
PCE-0038,2026-01-03,Indomilk UHT 1L,6.0,pcs,120000.0,0.0,-1250116.0,Januari,Expense Januari,INDOMILK UHT 1L,False
PCE-0039,2026-01-03,Minyak Kita 1L,12.0,pcs,215000.0,0.0,-1465116.0,Januari,Expense Januari,MINYAK KITA 1L,False
PCE-0040,2026-01-03,Beras Ladang 5kg,1.0,pcs,77000.0,0.0,-1542116.0,Januari,Expense Januari,BERAS LADANG 5KG,False
PCE-0041,2026-01-03,Isi Token Listrik via BCA,0.0,,203000.0,0.0,-1745116.0,Januari,Expense Januari,ISI TOKEN LISTRIK VIA BCA,False
PCE-0042,2026-01-03,Perbaikan Instalasi Auto Elemen Cuci Body Mesin Waffle,0.0,,250000.0,0.0,-1995116.0,Januari,Expense Januari,PERBAIKAN INSTALASI AUTO ELEMEN CUCI BODY MESIN WAFFLE,False
PCE-0043,2026-01-03,Iuran Sampah Januari,0.0,,400000.0,0.0,-2395116.0,Januari,Expense Januari,IURAN SAMPAH JANUARI,False
PCE-0044,2026-01-04,es,2.0,pax,18000.0,0.0,-2413116.0,Januari,Expense Januari,ES,False
PCE-0045,2026-01-04,ongkir berlyanfood,0.0,,17000.0,0.0,-2430116.0,Januari,Expense Januari,ONGKIR BERLYANFOOD,False
PCE-0046,2026-01-04,Nutella 3kg,1.0,pcs,525000.0,0.0,-2955116.0,Januari,Expense Januari,NUTELLA 3KG,False
PCE-0047,2026-01-04,Mosa Soda Chargers,10.0,pcs,75000.0,0.0,-3030116.0,Januari,Expense Januari,MOSA SODA CHARGERS,False
PCE-0048,2026-01-04,Milac Gold Cooking Cream 1L ,1.0,pcs,72000.0,0.0,-3102116.0,Januari,Expense Januari,MILAC GOLD COOKING CREAM 1L,False
PCE-0049,2026-01-05,Bogasari Segitiga Biru 1kg,9.0,pcs,139500.0,0.0,-3241616.0,Januari,Expense Januari,BOGASARI SEGITIGA BIRU 1KG,False
PCE-0050,2026-01-05,Bogasari Cakra Kembar 1kg,6.0,pcs,96000.0,0.0,-3337616.0,Januari,Expense Januari,BOGASARI CAKRA KEMBAR 1KG,False
PCE-0051,2026-01-05,es,2.0,pax,19000.0,0.0,-3356616.0,Januari,Expense Januari,ES,False
PCE-0052,2026-01-05,Telur,3.0,kg,84000.0,0.0,-3440616.0,Januari,Expense Januari,TELUR,False
PCE-0053,2026-01-05,Tomat Beef Fresh,1020.0,gr,30550.0,0.0,-3471166.0,Januari,Expense Januari,TOMAT BEEF FRESH,False
PCE-0054,2026-01-05,Sunpride Pisang W,824.0,gr,22165.0,0.0,-3493331.0,Januari,Expense Januari,SUNPRIDE PISANG W,False
PCE-0055,2026-01-05,parkir superindo,1.0,x,2000.0,0.0,-3495331.0,Januari,Expense Januari,PARKIR SUPERINDO,False
PCE-0056,2026-01-05,Nestle Pure Life 600ml,48.0,pcs,91200.0,0.0,-3586531.0,Januari,Expense Januari,NESTLE PURE LIFE 600ML,False
PCE-0057,2026-01-05,Diamond Full Cream 1L,12.0,pcs,235000.0,0.0,-3821531.0,Januari,Expense Januari,DIAMOND FULL CREAM 1L,False
PCE-0058,2026-01-05,Ultra Milk Full Cream Plain Susu UHT 1L,12.0,pcs,246000.0,0.0,-4067531.0,Januari,Expense Januari,ULTRA MILK FULL CREAM PLAIN SUSU UHT 1L,False
PCE-0059,2026-01-05,Aqua Galon,2.0,pcs,44000.0,0.0,-4111531.0,Januari,Expense Januari,AQUA GALON,False
PCE-0060,2026-01-05,Salmon Frozen Fillet Skin On,1.5,kg,393110.0,0.0,-4504641.0,Januari,Expense Januari,SALMON FROZEN FILLET SKIN ON,False
PCE-0061,2026-01-05,Peanut Butter Creamy 500gr,4.0,pcs,196800.0,0.0,-4701441.0,Januari,Expense Januari,PEANUT BUTTER CREAMY 500GR,False
PCE-0062,2026-01-05,UHT Milk Full Cream Sleeve 1000ml Plain 1L,36.0,pcs,579224.0,0.0,-5280665.0,Januari,Expense Januari,UHT MILK FULL CREAM SLEEVE 1000ML PLAIN 1L,False
PCE-0063,2026-01-05,Lotus Biscoff 250gr,5.0,pax,172842.0,0.0,-5453507.0,Januari,Expense Januari,LOTUS BISCOFF 250GR,False
PCE-0064,2026-01-05,PPN Sukanda,0.0,,104375.0,0.0,-5557882.0,Januari,Expense Januari,PPN SUKANDA,False
PCE-0065,2026-01-05,Cream Whipping Millac Gold 1L,3.0,pcs,220462.0,0.0,-5778344.0,Januari,Expense Januari,CREAM WHIPPING MILLAC GOLD 1L,False
PCE-0066,2026-01-06,es,2.0,pax,20000.0,0.0,-5798344.0,Januari,Expense Januari,ES,False
PCE-0067,2026-01-06,Santos Oren Scp 32 F Powder Creamer 1kg,5.0,pax,240000.0,0.0,-6038344.0,Januari,Expense Januari,SANTOS OREN SCP 32 F POWDER CREAMER 1KG,False
PCE-0068,2026-01-06,Indo Ice Cream Vanilla 8L,1.0,box,165000.0,0.0,-6203344.0,Januari,Expense Januari,INDO ICE CREAM VANILLA 8L,False
PCE-0069,2026-01-06,Frutaneira Ecoline Peach Halves in Syrup 8500gr,4.0,cans,200000.0,0.0,-6403344.0,Januari,Expense Januari,FRUTANEIRA ECOLINE PEACH HALVES IN SYRUP 8500GR,False
PCE-0070,2026-01-06,Milac Gold Cooking Cream 1L ,2.0,pax,144000.0,0.0,-6547344.0,Januari,Expense Januari,MILAC GOLD COOKING CREAM 1L,False
PCE-0071,2026-01-06,Garam Refina 250gr,40.0,pcs,160000.0,0.0,-6707344.0,Januari,Expense Januari,GARAM REFINA 250GR,False
PCE-0072,2026-01-06,Nestle Pure Life 600ml,96.0,pcs,180000.0,0.0,-6887344.0,Januari,Expense Januari,NESTLE PURE LIFE 600ML,False
PCE-0073,2026-01-06,ongkir lalamove mineral,0.0,,30000.0,0.0,-6917344.0,Januari,Expense Januari,ONGKIR LALAMOVE MINERAL,False
PCE-0074,2026-01-06,Telur,3.0,kg,82500.0,0.0,-6999844.0,Januari,Expense Januari,TELUR,False
PCE-0075,2026-01-06,Minyak Kita 1L,36.0,pcs,645000.0,0.0,-7644844.0,Januari,Expense Januari,MINYAK KITA 1L,False
PCE-0076,2026-01-06,Cabe Rawit,500.0,gr,25200.0,0.0,-7670044.0,Januari,Expense Januari,CABE RAWIT,False
PCE-0077,2026-01-06,Additional Petty Cash,1.0,time,0.0,6377671.0,-1292373.0,Januari,Expense Januari,ADDITIONAL PETTY CASH,True
PCE-0078,2026-01-07,Bola Deli Tepung Maizena 1kg,10.0,pcs,158445.0,0.0,-1450818.0,Januari,Expense Januari,BOLA DELI TEPUNG MAIZENA 1KG,False
PCE-0079,2026-01-07,Segitiga Biru Premium 1kg,7.0,pcs,93555.0,0.0,-1544373.0,Januari,Expense Januari,SEGITIGA BIRU PREMIUM 1KG,False
PCE-0080,2026-01-07,es,3.0,pax,30000.0,0.0,-1574373.0,Januari,Expense Januari,ES,False
PCE-0081,2026-01-07,Alpara Caps 10s (1 strip),1.0,pcs,10000.0,0.0,-1584373.0,Januari,Expense Januari,ALPARA CAPS 10S (1 STRIP),False
PCE-0082,2026-01-07,Panadol Extra (1 strip),1.0,pcs,15000.0,0.0,-1599373.0,Januari,Expense Januari,PANADOL EXTRA (1 STRIP),False
PCE-0083,2026-01-07,Onion Powder 1kg,1.0,pcs,60000.0,0.0,-1659373.0,Januari,Expense Januari,ONION POWDER 1KG,False
PCE-0084,2026-01-07,Garlic Powder 1kg,1.0,pcs,50000.0,0.0,-1709373.0,Januari,Expense Januari,GARLIC POWDER 1KG,False
PCE-0085,2026-01-07,Royco Ayam 1kg,1.0,pax,43000.0,0.0,-1752373.0,Januari,Expense Januari,ROYCO AYAM 1KG,False
PCE-0086,2026-01-07,Ajinomoto MSG 1kg x 12,1.0,pax,53000.0,0.0,-1805373.0,Januari,Expense Januari,AJINOMOTO MSG 1KG X 12,False
PCE-0087,2026-01-07,Cheese Parmesan,1.0,kg,204000.0,0.0,-2009373.0,Januari,Expense Januari,CHEESE PARMESAN,False
PCE-0088,2026-01-07,Beras Lesung Padi 5kg,1.0,pcs,82500.0,0.0,-2091873.0,Januari,Expense Januari,BERAS LESUNG PADI 5KG,False
PCE-0089,2026-01-07,Whole Brown Bread 1200gr (03/01),6.0,pax,331200.0,0.0,-2423073.0,Januari,Expense Januari,WHOLE BROWN BREAD 1200GR (03/01),False
PCE-0090,2026-01-08,Air Isi Ulang,2.0,pcs,14000.0,0.0,-2437073.0,Januari,Expense Januari,AIR ISI ULANG,False
PCE-0091,2026-01-08,Straightcut 2kg x 6 polos,12.0,pax,696000.0,0.0,-3133073.0,Januari,Expense Januari,STRAIGHTCUT 2KG X 6 POLOS,False
PCE-0092,2026-01-08,Anchor Butter 1kg,1.0,pax,154000.0,0.0,-3287073.0,Januari,Expense Januari,ANCHOR BUTTER 1KG,False
PCE-0093,2026-01-08,Strawberry (Laju),1.0,pax,9000.0,0.0,-3296073.0,Januari,Expense Januari,STRAWBERRY (LAJU),False
PCE-0094,2026-01-08,Pisang Cavendish Sunpride,0.6388,gr,15000.0,0.0,-3311073.0,Januari,Expense Januari,PISANG CAVENDISH SUNPRIDE,False
PCE-0095,2026-01-08,parkir bumi buah,1.0,x,2000.0,0.0,-3313073.0,Januari,Expense Januari,PARKIR BUMI BUAH,False
PCE-0096,2026-01-08,Beras Lesung Padi 5kg,1.0,pcs,82500.0,0.0,-3395573.0,Januari,Expense Januari,BERAS LESUNG PADI 5KG,False
PCE-0097,2026-01-08,Idm Cuka Btl 150ml,3.0,pcs,17400.0,0.0,-3412973.0,Januari,Expense Januari,IDM CUKA BTL 150ML,False
PCE-0098,2026-01-08,Chilli Crushed 350gr,1.0,pcs,85500.0,0.0,-3498473.0,Januari,Expense Januari,CHILLI CRUSHED 350GR,False
PCE-0099,2026-01-08,GM Bumbu Italian 150gr,1.0,pcs,43000.0,0.0,-3541473.0,Januari,Expense Januari,GM BUMBU ITALIAN 150GR,False
PCE-0100,2026-01-08,parkir gluckmart,1.0,x,2000.0,0.0,-3543473.0,Januari,Expense Januari,PARKIR GLUCKMART,False
PCE-0101,2026-01-08,Indomilk UHT Cho9,2.0,pcs,28970.0,0.0,-3572443.0,Januari,Expense Januari,INDOMILK UHT CHO9,False
PCE-0102,2026-01-08,Kol Putih,498.0,gr,7420.0,0.0,-3579863.0,Januari,Expense Januari,KOL PUTIH,False
PCE-0103,2026-01-08,Cabe Paprika Hijau,1.0,pcs,16900.0,0.0,-3596763.0,Januari,Expense Januari,CABE PAPRIKA HIJAU,False
PCE-0104,2026-01-08,Kol Merah Whl,418.0,gr,27150.0,0.0,-3623913.0,Januari,Expense Januari,KOL MERAH WHL,False
PCE-0105,2026-01-08,"Keni Pipa ukuran 0,5",2.0,pcs,9000.0,0.0,-3632913.0,Januari,Expense Januari,"KENI PIPA UKURAN 0,5",False
PCE-0106,2026-01-08,"Pipa T ukuran 0,5",1.0,pcs,5000.0,0.0,-3637913.0,Januari,Expense Januari,"PIPA T UKURAN 0,5",False
PCE-0107,2026-01-08,Keran CP ,1.0,pcs,120000.0,0.0,-3757913.0,Januari,Expense Januari,KERAN CP,False
PCE-0108,2026-01-08,Isor Plus,1.0,pcs,12000.0,0.0,-3769913.0,Januari,Expense Januari,ISOR PLUS,False
PCE-0109,2026-01-08,TBA,1.0,pcs,6000.0,0.0,-3775913.0,Januari,Expense Januari,TBA,False
PCE-0110,2026-01-08,"Pipa Pralon ukuran 0,5",1.0,meter,12500.0,0.0,-3788413.0,Januari,Expense Januari,"PIPA PRALON UKURAN 0,5",False
PCE-0111,2026-01-09,Filma Minyak Gr Rf 2L,1.0,pcs,39900.0,0.0,-3828313.0,Januari,Expense Januari,FILMA MINYAK GR RF 2L,False
PCE-0112,2026-01-09,Aqua Galon,2.0,pcs,44000.0,0.0,-3872313.0,Januari,Expense Januari,AQUA GALON,False
PCE-0113,2026-01-09,es,1.0,pax,10000.0,0.0,-3882313.0,Januari,Expense Januari,ES,False
PCE-0114,2026-01-09,Uang Makan GC,10.0,org,250000.0,0.0,-4132313.0,Januari,Expense Januari,UANG MAKAN GC,False
PCE-0115,2026-01-09,Minyak Kita 1L,36.0,pcs,645000.0,0.0,-4777313.0,Januari,Expense Januari,MINYAK KITA 1L,False
PCE-0116,2026-01-09,Bawang Putih,500.0,gr,20000.0,0.0,-4797313.0,Januari,Expense Januari,BAWANG PUTIH,False
PCE-0117,2026-01-10,Soda Api,0.0,,30000.0,0.0,-4827313.0,Januari,Expense Januari,SODA API,False
PCE-0118,2026-01-10,S/W Beras Premium 5kg,1.0,pcs,74500.0,0.0,-4901813.0,Januari,Expense Januari,S/W BERAS PREMIUM 5KG,False
PCE-0119,2026-01-10,Orilia Sunflower Oil 1L,1.0,pcs,77000.0,0.0,-4978813.0,Januari,Expense Januari,ORILIA SUNFLOWER OIL 1L,False
PCE-0120,2026-01-10,parkir gluckmart,1.0,x,2000.0,0.0,-4980813.0,Januari,Expense Januari,PARKIR GLUCKMART,False
PCE-0121,2026-01-10,Cabe Paprika Hijau,1.0,pcs,16900.0,0.0,-4997713.0,Januari,Expense Januari,CABE PAPRIKA HIJAU,False
PCE-0122,2026-01-10,Lettuce,398.0,gr,21850.0,0.0,-5019563.0,Januari,Expense Januari,LETTUCE,False
PCE-0123,2026-01-10,Lettuce,316.0,gr,17350.0,0.0,-5036913.0,Januari,Expense Januari,LETTUCE,False
PCE-0124,2026-01-10,es,2.0,pax,20000.0,0.0,-5056913.0,Januari,Expense Januari,ES,False
PCE-0125,2026-01-10,Lemon,900.0,gr,39600.0,0.0,-5096513.0,Januari,Expense Januari,LEMON,False
PCE-0126,2026-01-10,Pisang Cavendish Sunpride,1.0,sisir,20000.0,0.0,-5116513.0,Januari,Expense Januari,PISANG CAVENDISH SUNPRIDE,False
PCE-0127,2026-01-10,Ketumbar Bubuk,1.0,kg,50000.0,0.0,-5166513.0,Januari,Expense Januari,KETUMBAR BUBUK,False
PCE-0128,2026-01-10,Jahe Bubuk,1.0,kg,105000.0,0.0,-5271513.0,Januari,Expense Januari,JAHE BUBUK,False
PCE-0129,2026-01-11,Additional Petty Cash,1.0,time,0.0,5158373.0,-113140.0,Januari,Expense Januari,ADDITIONAL PETTY CASH,True
PCE-0130,2026-01-11,Es Krim Vanilla 8L,1.0,pcs,192105.0,0.0,-305245.0,Januari,Expense Januari,ES KRIM VANILLA 8L,False
PCE-0131,2026-01-11,Anchor Unsalted Butter Portion,50.0,pcs,125000.0,0.0,-430245.0,Januari,Expense Januari,ANCHOR UNSALTED BUTTER PORTION,False
PCE-0132,2026-01-11,Admin Shopee,0.0,,5000.0,0.0,-435245.0,Januari,Expense Januari,ADMIN SHOPEE,False
PCE-0133,2026-01-11,Bogasari Segitiga Biru 1kg,3.0,pcs,46500.0,0.0,-481745.0,Januari,Expense Januari,BOGASARI SEGITIGA BIRU 1KG,False
PCE-0134,2026-01-11,Bogasari Cakra Kembar 1kg,3.0,pcs,48000.0,0.0,-529745.0,Januari,Expense Januari,BOGASARI CAKRA KEMBAR 1KG,False
PCE-0135,2026-01-11,Segitiga Biru Premium 1kg,10.0,pcs,133650.0,0.0,-663395.0,Januari,Expense Januari,SEGITIGA BIRU PREMIUM 1KG,False
PCE-0136,2026-01-11,Cakra Kembar Premium 1kg,8.0,pcs,110880.0,0.0,-774275.0,Januari,Expense Januari,CAKRA KEMBAR PREMIUM 1KG,False
PCE-0137,2026-01-11,McLewis Mayo Ori 1kg,6.0,pcs,145570.0,0.0,-919845.0,Januari,Expense Januari,MCLEWIS MAYO ORI 1KG,False
PCE-0138,2026-01-11,Greenfields UHT 1L,12.0,pcs,258000.0,0.0,-1177845.0,Januari,Expense Januari,GREENFIELDS UHT 1L,False
PCE-0139,2026-01-11,ongkir shopeexpress,0.0,,20000.0,0.0,-1197845.0,Januari,Expense Januari,ONGKIR SHOPEEXPRESS,False
PCE-0140,2026-01-11,es,2.0,pax,20000.0,0.0,-1217845.0,Januari,Expense Januari,ES,False
PCE-0141,2026-01-11,Telur Ayam,3.0,kg,81000.0,0.0,-1298845.0,Januari,Expense Januari,TELUR AYAM,False
PCE-0142,2026-01-11,Minyak Kita 1L,12.0,pcs,215000.0,0.0,-1513845.0,Januari,Expense Januari,MINYAK KITA 1L,False
PCE-0143,2026-01-11,Beras Premium,5.0,kg,80000.0,0.0,-1593845.0,Januari,Expense Januari,BERAS PREMIUM,False
PCE-0144,2026-01-12,Diamond Full Cream 1L,12.0,pcs,264000.0,0.0,-1857845.0,Januari,Expense Januari,DIAMOND FULL CREAM 1L,False
PCE-0145,2026-01-12,Admin Shopee,0.0,,5000.0,0.0,-1862845.0,Januari,Expense Januari,ADMIN SHOPEE,False
PCE-0146,2026-01-12,Umami Maizena 1kg,8.0,pcs,184000.0,0.0,-2046845.0,Januari,Expense Januari,UMAMI MAIZENA 1KG,False
PCE-0147,2026-01-12,Full Cream UHT Diamond 1L,8.0,pcs,176000.0,0.0,-2222845.0,Januari,Expense Januari,FULL CREAM UHT DIAMOND 1L,False
PCE-0148,2026-01-12,parkir gluckmart,1.0,x,2000.0,0.0,-2224845.0,Januari,Expense Januari,PARKIR GLUCKMART,False
PCE-0149,2026-01-12,Indomilk UHT Cho9,2.0,pcs,29000.0,0.0,-2253845.0,Januari,Expense Januari,INDOMILK UHT CHO9,False
PCE-0150,2026-01-12,365 Cabe Hju Bsr1,1.0,pax,9900.0,0.0,-2263745.0,Januari,Expense Januari,365 CABE HJU BSR1,False
PCE-0151,2026-01-12,Pisang Cavendish Sunpride,840.0,gr,18440.0,0.0,-2282185.0,Januari,Expense Januari,PISANG CAVENDISH SUNPRIDE,False
PCE-0152,2026-01-12,Lettuce,430.0,gr,23620.0,0.0,-2305805.0,Januari,Expense Januari,LETTUCE,False
PCE-0153,2026-01-12,Lettuce,416.0,gr,22840.0,0.0,-2328645.0,Januari,Expense Januari,LETTUCE,False
PCE-0154,2026-01-12,Air Isi Ulang,2.0,pcs,14000.0,0.0,-2342645.0,Januari,Expense Januari,AIR ISI ULANG,False
PCE-0155,2026-01-12,es,3.0,pax,30000.0,0.0,-2372645.0,Januari,Expense Januari,ES,False
PCE-0156,2026-01-12,Batre A3 4's,1.0,pax,10000.0,0.0,-2382645.0,Januari,Expense Januari,BATRE A3 4'S,False
PCE-0157,2026-01-12,Bawang Bombay,3.0,kg,114000.0,0.0,-2496645.0,Januari,Expense Januari,BAWANG BOMBAY,False
PCE-0158,2026-01-12,Kikkoman Gochujang Sauce 300gr,10.0,pcs,235000.0,0.0,-2731645.0,Januari,Expense Januari,KIKKOMAN GOCHUJANG SAUCE 300GR,False
PCE-0159,2026-01-12,PP Clip Vtec No.1/Vt-6031,1.0,pcs,1800.0,0.0,-2733445.0,Januari,Expense Januari,PP CLIP VTEC NO.1/VT-6031,False
PCE-0160,2026-01-12,PP Clip Vtec No.5/Vt-6050,1.0,pcs,4200.0,0.0,-2737645.0,Januari,Expense Januari,PP CLIP VTEC NO.5/VT-6050,False
PCE-0161,2026-01-12,Thermal Forte 57x40,40.0,pcs,120000.0,0.0,-2857645.0,Januari,Expense Januari,THERMAL FORTE 57X40,False
PCE-0162,2026-01-12,parkir toko merah,1.0,x,2000.0,0.0,-2859645.0,Januari,Expense Januari,PARKIR TOKO MERAH,False
PCE-0163,2026-01-12,Scotch B ID-30 Pro Spon 2s,1.0,pcs,15900.0,0.0,-2875545.0,Januari,Expense Januari,SCOTCH B ID-30 PRO SPON 2S,False
PCE-0164,2026-01-12,Pltx Sbt Stasinls 2s XL,1.0,pcs,46200.0,0.0,-2921745.0,Januari,Expense Januari,PLTX SBT STASINLS 2S XL,False
PCE-0165,2026-01-12,MM Clear RF 440 Apel,2.0,pcs,7600.0,0.0,-2929345.0,Januari,Expense Januari,MM CLEAR RF 440 APEL,False
PCE-0166,2026-01-12,Stella All in/1 55g Balinese Jsmn,2.0,pcs,19224.0,0.0,-2948569.0,Januari,Expense Januari,STELLA ALL IN/1 55G BALINESE JSMN,False
PCE-0167,2026-01-12,Harpic 450 Lemon,1.0,pcs,28115.0,0.0,-2976684.0,Januari,Expense Januari,HARPIC 450 LEMON,False
PCE-0168,2026-01-12,MM Clear RF 440 Lavender,2.0,pcs,7600.0,0.0,-2984284.0,Januari,Expense Januari,MM CLEAR RF 440 LAVENDER,False
PCE-0169,2026-01-12,So Soft Det Liq 700ml Rose&Wtrlily,1.0,pcs,11137.0,0.0,-2995421.0,Januari,Expense Januari,SO SOFT DET LIQ 700ML ROSE&WTRLILY,False
PCE-0170,2026-01-12,Wipol RF 750 Srh&Jrk,1.0,pcs,12592.0,0.0,-3008013.0,Januari,Expense Januari,WIPOL RF 750 SRH&JRK,False
PCE-0171,2026-01-12,Hit Ars 400 Cttn Pwd,1.0,pcs,23488.0,0.0,-3031501.0,Januari,Expense Januari,HIT ARS 400 CTTN PWD,False
PCE-0172,2026-01-12,Stella Ars 175 Balinese Jsmn,1.0,pcs,15300.0,0.0,-3046801.0,Januari,Expense Januari,STELLA ARS 175 BALINESE JSMN,False
PCE-0173,2026-01-12,Bagus Sibiru 2sx5,1.0,pcs,20160.0,0.0,-3066961.0,Januari,Expense Januari,BAGUS SIBIRU 2SX5,False
PCE-0174,2026-01-12,Stella Bath 10 Blue,2.0,pcs,16680.0,0.0,-3083641.0,Januari,Expense Januari,STELLA BATH 10 BLUE,False
PCE-0175,2026-01-12,Dahlia Napt Fln Frs Flo K.31,1.0,pcs,18830.0,0.0,-3102471.0,Januari,Expense Januari,DAHLIA NAPT FLN FRS FLO K.31,False
PCE-0176,2026-01-12,plastic shopbag,1.0,pcs,300.0,0.0,-3102771.0,Januari,Expense Januari,PLASTIC SHOPBAG,False
PCE-0177,2026-01-12,One Two Tamping Mate,1.0,pcs,34900.0,0.0,-3137671.0,Januari,Expense Januari,ONE TWO TAMPING MATE,False
PCE-0178,2026-01-12,One Two Sikat Grouphead Mesin Kopi,1.0,pcs,19900.0,0.0,-3157571.0,Januari,Expense Januari,ONE TWO SIKAT GROUPHEAD MESIN KOPI,False
PCE-0179,2026-01-13,Cup Sambung 35ml LUX (50pcs),300.0,pcs,54000.0,0.0,-3211571.0,Januari,Expense Januari,CUP SAMBUNG 35ML LUX (50PCS),False
PCE-0180,2026-01-13,Sedotan Bubble Red 620cm,600.0,pcs,36000.0,0.0,-3247571.0,Januari,Expense Januari,SEDOTAN BUBBLE RED 620CM,False
PCE-0181,2026-01-13,Sedotan Bubble Hitam 620cm,600.0,pcs,16800.0,0.0,-3264371.0,Januari,Expense Januari,SEDOTAN BUBBLE HITAM 620CM,False
PCE-0182,2026-01-13,es,2.0,pax,20000.0,0.0,-3284371.0,Januari,Expense Januari,ES,False
PCE-0183,2026-01-13,365 Gula Pasir,2.0,kg,33800.0,0.0,-3318171.0,Januari,Expense Januari,365 GULA PASIR,False
PCE-0184,2026-01-13,Tomat Merah,532.0,gr,11650.0,0.0,-3329821.0,Januari,Expense Januari,TOMAT MERAH,False
PCE-0185,2026-01-13,Kol Putih,756.0,gr,11265.0,0.0,-3341086.0,Januari,Expense Januari,KOL PUTIH,False
PCE-0186,2026-01-13,Kol Merah Whl,454.0,gr,29485.0,0.0,-3370571.0,Januari,Expense Januari,KOL MERAH WHL,False
PCE-0187,2026-01-13,parkir superindo,1.0,x,2000.0,0.0,-3372571.0,Januari,Expense Januari,PARKIR SUPERINDO,False
PCE-0188,2026-01-13,Kraft Cheddar All in 1 2kg,1.0,pcs,170000.0,0.0,-3542571.0,Januari,Expense Januari,KRAFT CHEDDAR ALL IN 1 2KG,False
PCE-0189,2026-01-13,Refill Gas 50kg,1.0,pcs,788000.0,0.0,-4330571.0,Januari,Expense Januari,REFILL GAS 50KG,False
PCE-0190,2026-01-13,Additional Petty Cash,1.0,time,0.0,7183273.0,2852702.0,Januari,Expense Januari,ADDITIONAL PETTY CASH,True
PCE-0191,2026-01-14,Beras Sedap Wangi 5kg,5.0,kg,81000.0,0.0,2771702.0,Januari,Expense Januari,BERAS SEDAP WANGI 5KG,False
PCE-0192,2026-01-14,Minyak Kita 1L,36.0,pcs,645000.0,0.0,2126702.0,Januari,Expense Januari,MINYAK KITA 1L,False
PCE-0193,2026-01-14,Telur Ayam,3.0,kg,79500.0,0.0,2047202.0,Januari,Expense Januari,TELUR AYAM,False
PCE-0194,2026-01-14,Cabe Rawit,1.0,kg,40000.0,0.0,2007202.0,Januari,Expense Januari,CABE RAWIT,False
PCE-0195,2026-01-14,Diamond Full Cream 1L,24.0,pcs,468000.0,0.0,1539202.0,Januari,Expense Januari,DIAMOND FULL CREAM 1L,False
PCE-0196,2026-01-14,"BMA Jack Akai Mini Stereo 3,5mm",1.0,pcs,29450.0,0.0,1509752.0,Januari,Expense Januari,"BMA JACK AKAI MINI STEREO 3,5MM",False
PCE-0197,2026-01-14,Madu,3.0,kg,180000.0,0.0,1329752.0,Januari,Expense Januari,MADU,False
PCE-0198,2026-01-14,Madu (Laju),1.0,kg,70000.0,0.0,1259752.0,Januari,Expense Januari,MADU (LAJU),False
PCE-0199,2026-01-14,"La Costena Chipotle Pepper Sauce 2,8kg",1.0,pcs,486358.0,0.0,773394.0,Januari,Expense Januari,"LA COSTENA CHIPOTLE PEPPER SAUCE 2,8KG",False
PCE-0200,,Beras Sedap Wangi 5kg,1.0,pcs,81000.0,0.0,692394.0,Januari,Expense Januari,BERAS SEDAP WANGI 5KG,False
PCE-0201,,es,1.0,pax,10000.0,0.0,682394.0,Januari,Expense Januari,ES,False
PCE-0202,,Aduk Ajah Powder Fresh Lime Powder,1.0,kg,49500.0,0.0,632894.0,Januari,Expense Januari,ADUK AJAH POWDER FRESH LIME POWDER,False
PCE-0203,,Kresek PE Bening Size15,3.0,pax,24600.0,0.0,608294.0,Januari,Expense Januari,KRESEK PE BENING SIZE15,False
PCE-0204,,Kresek PE Bening Size24,3.0,pax,42000.0,0.0,566294.0,Januari,Expense Januari,KRESEK PE BENING SIZE24,False
PCE-0205,,Kresek PE Bening Size28,3.0,pax,60000.0,0.0,506294.0,Januari,Expense Januari,KRESEK PE BENING SIZE28,False
PCE-0206,,Kresek PE Bening Size30,3.0,pax,72000.0,0.0,434294.0,Januari,Expense Januari,KRESEK PE BENING SIZE30,False
PCE-0207,,Indo Ice Cream Vanilla 8L,1.0,box,165000.0,0.0,269294.0,Januari,Expense Januari,INDO ICE CREAM VANILLA 8L,False
PCE-0208,,"Delisaos Hot Lava 6,2kg",3.0,jerigen,510000.0,0.0,-240706.0,Januari,Expense Januari,"DELISAOS HOT LAVA 6,2KG",False
PCE-0209,,"Delmonte Sauce Extra Hot 5,5kg",1.0,jerigen,112000.0,0.0,-352706.0,Januari,Expense Januari,"DELMONTE SAUCE EXTRA HOT 5,5KG",False
PCE-0210,,"Delmonte Sauce Tomat 5,7kg",1.0,jerigen,92000.0,0.0,-444706.0,Januari,Expense Januari,"DELMONTE SAUCE TOMAT 5,7KG",False
PCE-0211,,Anchor Butter 1kg,1.0,pax,154000.0,0.0,-598706.0,Januari,Expense Januari,ANCHOR BUTTER 1KG,False
PCE-0212,2026-01-16,Pisang Cavendish Sunpride,0.8782,gr,20638.0,0.0,-619344.0,Januari,Expense Januari,PISANG CAVENDISH SUNPRIDE,False
PCE-0213,2026-01-16,Diamond Full Cream 1L,12.0,pcs,234000.0,0.0,-853344.0,Januari,Expense Januari,DIAMOND FULL CREAM 1L,False
PCE-0214,2026-01-16,Veg Cilantro pergram,100.0,gr,12300.0,0.0,-865644.0,Januari,Expense Januari,VEG CILANTRO PERGRAM,False
PCE-0215,2026-01-16,Garam Masala AI 500gr,1.0,pcs,113000.0,0.0,-978644.0,Januari,Expense Januari,GARAM MASALA AI 500GR,False
PCE-0216,2026-01-16,es,2.0,pax,20000.0,0.0,-998644.0,Januari,Expense Januari,ES,False
PCE-0217,2026-01-16,Minyak Kita 1L,12.0,pcs,215000.0,0.0,-1213644.0,Januari,Expense Januari,MINYAK KITA 1L,False
PCE-0218,2026-01-16,Telur Ayam,4.0,kg,104000.0,0.0,-1317644.0,Januari,Expense Januari,TELUR AYAM,False
PCE-0219,2026-01-17,Diamond Full Cream 1L (Laju),4.0,pcs,90000.0,0.0,-1407644.0,Januari,Expense Januari,DIAMOND FULL CREAM 1L (LAJU),False
PCE-0220,2026-01-17,Anchor Unsalted Butter Portion 7 gr,50.0,pcs,127200.0,0.0,-1534844.0,Januari,Expense Januari,ANCHOR UNSALTED BUTTER PORTION 7 GR,False
PCE-0221,2026-01-17,Beras Sedap Wangi 5kg,1.0,pcs,81000.0,0.0,-1615844.0,Januari,Expense Januari,BERAS SEDAP WANGI 5KG,False
PCE-0222,2026-01-17,Bio/O Kol Putih,706.0,gr,19735.0,0.0,-1635579.0,Januari,Expense Januari,BIO/O KOL PUTIH,False
PCE-0223,2026-01-17,Lettuce,252.0,gr,13835.0,0.0,-1649414.0,Januari,Expense Januari,LETTUCE,False
PCE-0224,2026-01-17,Lettuce,326.0,gr,17895.0,0.0,-1667309.0,Januari,Expense Januari,LETTUCE,False
PCE-0225,2026-01-17,Cabe Paprika Hijau,1.0,pcs,16900.0,0.0,-1684209.0,Januari,Expense Januari,CABE PAPRIKA HIJAU,False
PCE-0226,2026-01-17,Kol Merah Whl,426.0,gr,27670.0,0.0,-1711879.0,Januari,Expense Januari,KOL MERAH WHL,False
PCE-0227,2026-01-17,Tomat Whl,334.0,gr,7365.0,0.0,-1719244.0,Januari,Expense Januari,TOMAT WHL,False
PCE-0228,2026-01-17,parkir superindo,1.0,x,2000.0,0.0,-1721244.0,Januari,Expense Januari,PARKIR SUPERINDO,False
PCE-0229,2026-01-17,Aqua Galon (14/01),2.0,pcs,44000.0,0.0,-1765244.0,Januari,Expense Januari,AQUA GALON (14/01),False
PCE-0230,2026-01-17,es,2.0,pax,20000.0,0.0,-1785244.0,Januari,Expense Januari,ES,False
PCE-0231,2026-01-17,Pisang Cavendish Sunpride,1.0,sisir,20000.0,0.0,-1805244.0,Januari,Expense Januari,PISANG CAVENDISH SUNPRIDE,False
PCE-0232,2026-01-17,ongkir shopeexpress marinasi ayam,1.0,time,37000.0,0.0,-1842244.0,Januari,Expense Januari,ONGKIR SHOPEEXPRESS MARINASI AYAM,False
PCE-0233,2026-01-17,Nutella 3kg,1.0,pax,525000.0,0.0,-2367244.0,Januari,Expense Januari,NUTELLA 3KG,False
PCE-0234,2026-01-18,Umami Maizena 1kg,10.0,pcs,115000.0,0.0,-2482244.0,Januari,Expense Januari,UMAMI MAIZENA 1KG,False
PCE-0235,2026-01-18,Admin Shopee,1.0,time,2200.0,0.0,-2484444.0,Januari,Expense Januari,ADMIN SHOPEE,False
PCE-0236,2026-01-18,Diamond Full Cream 1L,5.0,pcs,110000.0,0.0,-2594444.0,Januari,Expense Januari,DIAMOND FULL CREAM 1L,False
PCE-0237,2026-01-18,Aqua Galon,1.0,pcs,22000.0,0.0,-2616444.0,Januari,Expense Januari,AQUA GALON,False
PCE-0238,2026-01-18,Air Isi Ulang,2.0,pcs,14000.0,0.0,-2630444.0,Januari,Expense Januari,AIR ISI ULANG,False
PCE-0239,2026-01-18,es,1.0,pax,20000.0,0.0,-2650444.0,Januari,Expense Januari,ES,False
PCE-0240,2026-01-18,Isi Token Listrik Atas via BCA,1.0,time,103000.0,0.0,-2753444.0,Januari,Expense Januari,ISI TOKEN LISTRIK ATAS VIA BCA,False
PCE-0241,2026-01-18,Isi Token Listrik Bawah via BCA,1.0,time,503000.0,0.0,-3256444.0,Januari,Expense Januari,ISI TOKEN LISTRIK BAWAH VIA BCA,False
PCE-0242,2026-01-18,ongkir gosend berlyanfood,2.0,x,30000.0,0.0,-3286444.0,Januari,Expense Januari,ONGKIR GOSEND BERLYANFOOD,False
PCE-0243,2026-01-18,Additional Petty Cash,1.0,time,0.0,5202416.0,1915972.0,Januari,Expense Januari,ADDITIONAL PETTY CASH,True
PCE-0244,2026-01-19,Es Krim Vanilla 8L,1.0,pcs,178112.0,0.0,1737860.0,Januari,Expense Januari,ES KRIM VANILLA 8L,False
PCE-0245,2026-01-19,Nestle Pure Life 600ml,96.0,pcs,180000.0,0.0,1557860.0,Januari,Expense Januari,NESTLE PURE LIFE 600ML,False
PCE-0246,2026-01-19,Diamond UHT Milk 1L Full Cream,24.0,pcs,468000.0,0.0,1089860.0,Januari,Expense Januari,DIAMOND UHT MILK 1L FULL CREAM,False
PCE-0247,2026-01-19,Minyak Kita 1L,36.0,pcs,645000.0,0.0,444860.0,Januari,Expense Januari,MINYAK KITA 1L,False
PCE-0248,2026-01-19,Telur Ayam,4.0,kg,102000.0,0.0,342860.0,Januari,Expense Januari,TELUR AYAM,False
PCE-0249,2026-01-19,Beras Sedap Wangi 5kg,1.0,pcs,80000.0,0.0,262860.0,Januari,Expense Januari,BERAS SEDAP WANGI 5KG,False
PCE-0250,2026-01-19,UHT Milk Chocolate Sleeve 1000ml,4.0,pcs,96240.0,0.0,166620.0,Januari,Expense Januari,UHT MILK CHOCOLATE SLEEVE 1000ML,False
PCE-0251,2026-01-19,Indo Ice Cream Vanilla 8L,1.0,box,165000.0,0.0,1620.0,Januari,Expense Januari,INDO ICE CREAM VANILLA 8L,False
PCE-0252,2026-01-20,Pisang Cavendish Sunpride,0.8201,gr,19300.0,0.0,-17680.0,Januari,Expense Januari,PISANG CAVENDISH SUNPRIDE,False
PCE-0253,2026-01-20,Lemon RRC,0.9381,gr,42700.0,0.0,-60380.0,Januari,Expense Januari,LEMON RRC,False
PCE-0254,2026-01-20,Lettuce,248.0,gr,13645.0,0.0,-74025.0,Januari,Expense Januari,LETTUCE,False
PCE-0255,2026-01-20,Lettuce,236.0,gr,12955.0,0.0,-86980.0,Januari,Expense Januari,LETTUCE,False
PCE-0256,2026-01-20,Veg Cilantro pergram,80.0,gr,9800.0,0.0,-96780.0,Januari,Expense Januari,VEG CILANTRO PERGRAM,False
PCE-0257,2026-01-20,parkir gluckmart,1.0,x,2000.0,0.0,-98780.0,Januari,Expense Januari,PARKIR GLUCKMART,False
PCE-0258,2026-01-20,es,2.0,pax,20000.0,0.0,-118780.0,Januari,Expense Januari,ES,False
PCE-0259,2026-01-20,Beras Ladang Pangan 5kg,1.0,pcs,76000.0,0.0,-194780.0,Januari,Expense Januari,BERAS LADANG PANGAN 5KG,False
PCE-0260,2026-01-20,Yutakachi Bubuk Cabai,1.0,kg,94000.0,0.0,-288780.0,Januari,Expense Januari,YUTAKACHI BUBUK CABAI,False
PCE-0261,2026-01-20,Mosa Soda Chargers,10.0,pcs,75000.0,0.0,-363780.0,Januari,Expense Januari,MOSA SODA CHARGERS,False
PCE-0262,2026-01-20,Diamond UHT Full Cream Plain 1LT,12.0,pcs,218000.0,0.0,-581780.0,Januari,Expense Januari,DIAMOND UHT FULL CREAM PLAIN 1LT,False
PCE-0263,2026-01-21,"Minyak Goreng ""Tawon"" 1L",12.0,pcs,217000.0,0.0,-798780.0,Januari,Expense Januari,"MINYAK GORENG ""TAWON"" 1L",False
PCE-0264,2026-01-21,Aqua Galon,2.0,pcs,46000.0,0.0,-844780.0,Januari,Expense Januari,AQUA GALON,False
PCE-0265,2026-01-21,es,1.0,pax,10000.0,0.0,-854780.0,Januari,Expense Januari,ES,False
PCE-0266,2026-01-21,Lemon (Laju),0.66,gr,25500.0,0.0,-880280.0,Januari,Expense Januari,LEMON (LAJU),False
PCE-0267,2026-01-21,parkir toko buah,1.0,x,2000.0,0.0,-882280.0,Januari,Expense Januari,PARKIR TOKO BUAH,False
PCE-0268,2026-01-21,Cabe Rawit ,1.0,kg,48000.0,0.0,-930280.0,Januari,Expense Januari,CABE RAWIT,False
PCE-0269,2026-01-21,Bawang Putih Kupas,500.0,gr,24000.0,0.0,-954280.0,Januari,Expense Januari,BAWANG PUTIH KUPAS,False
PCE-0270,2026-01-22,Cup Sambung 35ml LUX,200.0,pcs,60000.0,0.0,-1014280.0,Januari,Expense Januari,CUP SAMBUNG 35ML LUX,False
PCE-0271,2026-01-22,es,2.0,pax,20000.0,0.0,-1034280.0,Januari,Expense Januari,ES,False
PCE-0272,2026-01-22,Baking Powder Koepoe,1.0,kg,70000.0,0.0,-1104280.0,Januari,Expense Januari,BAKING POWDER KOEPOE,False
PCE-0273,2026-01-22,Diamond UHT 1000ml,12.0,pcs,234000.0,0.0,-1338280.0,Januari,Expense Januari,DIAMOND UHT 1000ML,False
PCE-0274,2026-01-22,ongkir shopeexpress intisari,1.0,time,7000.0,0.0,-1345280.0,Januari,Expense Januari,ONGKIR SHOPEEXPRESS INTISARI,False
PCE-0275,2026-01-22,Minyak Kita 1L,36.0,pcs,645000.0,0.0,-1990280.0,Januari,Expense Januari,MINYAK KITA 1L,False
PCE-0276,2026-01-22,Kikkoman Gochujang Sauce 300gr,10.0,pcs,235000.0,0.0,-2225280.0,Januari,Expense Januari,KIKKOMAN GOCHUJANG SAUCE 300GR,False
PCE-0277,2026-01-22,Diamond UHT Milk 1L Full Cream,24.0,pcs,468000.0,0.0,-2693280.0,Januari,Expense Januari,DIAMOND UHT MILK 1L FULL CREAM,False
PCE-0278,2026-01-23,es,2.0,pax,20000.0,0.0,-2713280.0,Januari,Expense Januari,ES,False
PCE-0279,2026-01-23,Kabel Ties,2.0,pax,15000.0,0.0,-2728280.0,Januari,Expense Januari,KABEL TIES,False
PCE-0280,2026-01-23,Bawang Bombay,3.0,kg,111000.0,0.0,-2839280.0,Januari,Expense Januari,BAWANG BOMBAY,False
PCE-0281,2026-01-23,Promaag,1.0,strip,10000.0,0.0,-2849280.0,Januari,Expense Januari,PROMAAG,False
PCE-0282,2026-01-23,Pisang Cavendish Sunpride,0.6306,gr,14900.0,0.0,-2864180.0,Januari,Expense Januari,PISANG CAVENDISH SUNPRIDE,False
PCE-0283,2026-01-23,Additional Petty Cash,1.0,time,0.0,3630480.0,766300.0,Januari,Expense Januari,ADDITIONAL PETTY CASH,True
PCE-0284,2026-01-24,PP Sealer 1200Cup 12/14/16oz (Laju),1.0,pax,60000.0,0.0,706300.0,Januari,Expense Januari,PP SEALER 1200CUP 12/14/16OZ (LAJU),False
PCE-0285,2026-01-24,Sunpride Pisang W,940.0,gr,18300.0,0.0,688000.0,Januari,Expense Januari,SUNPRIDE PISANG W,False
PCE-0286,2026-01-24,Tomat Juice Fresh,1.0,pax,15900.0,0.0,672100.0,Januari,Expense Januari,TOMAT JUICE FRESH,False
PCE-0287,2026-01-24,parkir superindo,1.0,x,2000.0,0.0,670100.0,Januari,Expense Januari,PARKIR SUPERINDO,False
PCE-0288,2026-01-24,Kikkoman Gochujang Saus 300gr,10.0,pcs,235000.0,0.0,435100.0,Januari,Expense Januari,KIKKOMAN GOCHUJANG SAUS 300GR,False
PCE-0289,2026-01-24,Air Isi Ulang,2.0,pcs,14000.0,0.0,421100.0,Januari,Expense Januari,AIR ISI ULANG,False
PCE-0290,2026-01-24,Aqua Galon,1.0,pcs,23000.0,0.0,398100.0,Januari,Expense Januari,AQUA GALON,False
PCE-0291,2026-01-24,es,2.0,pax,20000.0,0.0,378100.0,Januari,Expense Januari,ES,False
PCE-0292,2026-01-24,Kresek PE Bening Size15,2.0,pax,22000.0,0.0,356100.0,Januari,Expense Januari,KRESEK PE BENING SIZE15,False
PCE-0293,2026-01-24,Kresek PE Bening Size30,3.0,pax,67500.0,0.0,288600.0,Januari,Expense Januari,KRESEK PE BENING SIZE30,False
PCE-0294,2026-01-24,ongkir shopeexpress,1.0,x,7000.0,0.0,281600.0,Januari,Expense Januari,ONGKIR SHOPEEXPRESS,False
PCE-0295,2026-01-24,Diamond UHT 1000ml,12.0,pcs,234000.0,0.0,47600.0,Januari,Expense Januari,DIAMOND UHT 1000ML,False
PCE-0296,2026-01-24,L'arome Vanilla Susu 500gr,1.0,pcs,242000.0,0.0,-194400.0,Januari,Expense Januari,L'AROME VANILLA SUSU 500GR,False
PCE-0297,2026-01-24,Beras Ladang Pangan 5kg,1.0,pcs,76000.0,0.0,-270400.0,Januari,Expense Januari,BERAS LADANG PANGAN 5KG,False
PCE-0298,2026-01-24,Kol Ungu,500.0,gr,22500.0,0.0,-292900.0,Januari,Expense Januari,KOL UNGU,False
PCE-0299,2026-01-24,Kol,0.6,kg,6000.0,0.0,-298900.0,Januari,Expense Januari,KOL,False
PCE-0300,2026-01-24,Lettuce Iceberg,0.6,kg,15000.0,0.0,-313900.0,Januari,Expense Januari,LETTUCE ICEBERG,False
PCE-0301,2026-01-24,Tomat Merah,500.0,gr,10000.0,0.0,-323900.0,Januari,Expense Januari,TOMAT MERAH,False
PCE-0302,2026-01-24,Refill Gas 50kg,1.0,pcs,788000.0,0.0,-1111900.0,Januari,Expense Januari,REFILL GAS 50KG,False
PCE-0303,2026-01-25,Umami Maizena 1kg,6.0,pcs,138000.0,0.0,-1249900.0,Januari,Expense Januari,UMAMI MAIZENA 1KG,False
PCE-0304,2026-01-25,Sunflowe Oil Orilia 1L,1.0,pcs,77000.0,0.0,-1326900.0,Januari,Expense Januari,SUNFLOWE OIL ORILIA 1L,False
PCE-0305,2026-01-25,ongkir shopeexpress,0.0,,5000.0,0.0,-1331900.0,Januari,Expense Januari,ONGKIR SHOPEEXPRESS,False
PCE-0306,2026-01-25,es,2.0,pax,20000.0,0.0,-1351900.0,Januari,Expense Januari,ES,False
PCE-0307,2026-01-25,Minyak Kita 1L,12.0,pcs,215000.0,0.0,-1566900.0,Januari,Expense Januari,MINYAK KITA 1L,False
PCE-0308,2026-01-25,Telur Ayam,5.0,kg,130000.0,0.0,-1696900.0,Januari,Expense Januari,TELUR AYAM,False
PCE-0309,2026-01-25,Beras Lesung 5kg,1.0,pcs,80000.0,0.0,-1776900.0,Januari,Expense Januari,BERAS LESUNG 5KG,False
PCE-0310,2026-01-26,es,2.0,pax,20000.0,0.0,-1796900.0,Januari,Expense Januari,ES,False
PCE-0311,2026-01-26,Minyak Kita 1L,12.0,pcs,213000.0,0.0,-2009900.0,Januari,Expense Januari,MINYAK KITA 1L,False
PCE-0312,2026-01-26,Telur Ayam,3.0,kg,78000.0,0.0,-2087900.0,Januari,Expense Januari,TELUR AYAM,False
PCE-0313,2026-01-26,Beras Lesung 5kg,1.0,pcs,77000.0,0.0,-2164900.0,Januari,Expense Januari,BERAS LESUNG 5KG,False
PCE-0314,2026-01-26,UHT Milk Chocolate Sleeve 1000ml,3.0,pcs,82600.0,0.0,-2247500.0,Januari,Expense Januari,UHT MILK CHOCOLATE SLEEVE 1000ML,False
PCE-0315,2026-01-26,Isi Paket HP Gudang via BCA,0.0,,52000.0,0.0,-2299500.0,Januari,Expense Januari,ISI PAKET HP GUDANG VIA BCA,False
PCE-0316,2026-01-26,Kresek PE Bening Size24,3.0,pax,42000.0,0.0,-2341500.0,Januari,Expense Januari,KRESEK PE BENING SIZE24,False
PCE-0317,2026-01-26,Kresek PE Bening Size28,3.0,pax,60000.0,0.0,-2401500.0,Januari,Expense Januari,KRESEK PE BENING SIZE28,False
PCE-0318,2026-01-26,ongkir shopeexpress toko enampuluh,0.0,,7000.0,0.0,-2408500.0,Januari,Expense Januari,ONGKIR SHOPEEXPRESS TOKO ENAMPULUH,False
PCE-0319,2026-01-27,L'arome Vanilla Susu 500gr,1.0,pcs,242000.0,0.0,-2650500.0,Januari,Expense Januari,L'AROME VANILLA SUSU 500GR,False
PCE-0320,2026-01-27,Es Krim Vanilla 8L,1.0,pcs,193910.0,0.0,-2844410.0,Januari,Expense Januari,ES KRIM VANILLA 8L,False
PCE-0321,2026-01-27,Cup Sambung 35ml LUX ,500.0,pcs,85000.0,0.0,-2929410.0,Januari,Expense Januari,CUP SAMBUNG 35ML LUX,False
PCE-0322,2026-01-27,Sendok Spork Hitam Steril,250.0,pcs,67500.0,0.0,-2996910.0,Januari,Expense Januari,SENDOK SPORK HITAM STERIL,False
PCE-0323,2026-01-27,ongkir shopeexpress toko enampuluh,1.0,x,7000.0,0.0,-3003910.0,Januari,Expense Januari,ONGKIR SHOPEEXPRESS TOKO ENAMPULUH,False
PCE-0324,2026-01-27,Aqua Asli,1.0,pcs,23000.0,0.0,-3026910.0,Januari,Expense Januari,AQUA ASLI,False
PCE-0325,2026-01-27,Air Isi Ulang,1.0,pcs,7000.0,0.0,-3033910.0,Januari,Expense Januari,AIR ISI ULANG,False
PCE-0326,2026-01-27,es,1.0,pax,10000.0,0.0,-3043910.0,Januari,Expense Januari,ES,False
PCE-0327,2026-01-27,Baterai SUL-181H,1.0,pcs,32713.0,0.0,-3076623.0,Januari,Expense Januari,BATERAI SUL-181H,False
PCE-0328,2026-01-27,Indomilk UHT Full Cream Plain 1 L,24.0,pcs,410000.0,0.0,-3486623.0,Januari,Expense Januari,INDOMILK UHT FULL CREAM PLAIN 1 L,False
PCE-0329,2026-01-27,Ongkir Shopeexpress Victory,1.0,x,5000.0,0.0,-3491623.0,Januari,Expense Januari,ONGKIR SHOPEEXPRESS VICTORY,False
PCE-0330,2026-01-28,es,1.0,pax,10000.0,0.0,-3501623.0,Januari,Expense Januari,ES,False
PCE-0331,2026-01-28,Bawang Putih Kupas,2.0,kg,96000.0,0.0,-3597623.0,Januari,Expense Januari,BAWANG PUTIH KUPAS,False
PCE-0332,2026-01-28,Kol Merah Whl,0.5,kg,22500.0,0.0,-3620123.0,Januari,Expense Januari,KOL MERAH WHL,False
PCE-0333,2026-01-28,Kubis,1.5,kg,15000.0,0.0,-3635123.0,Januari,Expense Januari,KUBIS,False
PCE-0334,2026-01-28,Lettuce Iceberg,0.5,kg,12500.0,0.0,-3647623.0,Januari,Expense Januari,LETTUCE ICEBERG,False
PCE-0335,2026-01-28,Cabe Rawit,1.0,kg,55000.0,0.0,-3702623.0,Januari,Expense Januari,CABE RAWIT,False
PCE-0336,2026-01-28,Apel Fuji,1.1,kg,57200.0,0.0,-3759823.0,Januari,Expense Januari,APEL FUJI,False
PCE-0337,2026-01-28,Lemon,0.6,kg,36000.0,0.0,-3795823.0,Januari,Expense Januari,LEMON,False
PCE-0338,2026-01-28,Indomilk UHT Full Cream Plain 1 L,24.0,pcs,410000.0,0.0,-4205823.0,Januari,Expense Januari,INDOMILK UHT FULL CREAM PLAIN 1 L,False
PCE-0339,2026-01-28,Cuka Dixi 12x650ml,4.0,botol,76000.0,0.0,-4281823.0,Januari,Expense Januari,CUKA DIXI 12X650ML,False
PCE-0340,2026-01-28,Additional Petty Cash,1.0,time,0.0,6565023.0,2283200.0,Januari,Expense Januari,ADDITIONAL PETTY CASH,True
PCE-0341,2026-01-29,Drc Kasa Steril 16x16,1.0,pax,17700.0,0.0,2265500.0,Januari,Expense Januari,DRC KASA STERIL 16X16,False
PCE-0342,2026-01-29,One Med Rivanol 100ml,1.0,pcs,3900.0,0.0,2261600.0,Januari,Expense Januari,ONE MED RIVANOL 100ML,False
PCE-0343,2026-01-29,parkir k24,1.0,x,2000.0,0.0,2259600.0,Januari,Expense Januari,PARKIR K24,False
PCE-0344,2026-01-29,plastic shopbag,1.0,pcs,200.0,0.0,2259400.0,Januari,Expense Januari,PLASTIC SHOPBAG,False
PCE-0345,2026-01-29,G/Gen Det.P/Grdn7,3.0,pcs,36540.0,0.0,2222860.0,Januari,Expense Januari,G/GEN DET.P/GRDN7,False
PCE-0346,2026-01-29,Mr/M Clear Lvndrr4,1.0,pcs,4090.0,0.0,2218770.0,Januari,Expense Januari,MR/M CLEAR LVNDRR4,False
PCE-0347,2026-01-29,Cling P/K Ocean40,3.0,pcs,9870.0,0.0,2208900.0,Januari,Expense Januari,CLING P/K OCEAN40,False
PCE-0348,2026-01-29,parkir superindo,1.0,x,2000.0,0.0,2206900.0,Januari,Expense Januari,PARKIR SUPERINDO,False
PCE-0349,2026-01-29,Diamond Full Cream 1L (Laju),12.0,pcs,234000.0,0.0,1972900.0,Januari,Expense Januari,DIAMOND FULL CREAM 1L (LAJU),False
PCE-0350,2026-01-29,ongkir shopeexpress intisari,1.0,x,7000.0,0.0,1965900.0,Januari,Expense Januari,ONGKIR SHOPEEXPRESS INTISARI,False
PCE-0351,2026-01-29,es,2.0,pax,20000.0,0.0,1945900.0,Januari,Expense Januari,ES,False
PCE-0352,2026-01-29,Minyak Kita 1L,36.0,pcs,645000.0,0.0,1300900.0,Januari,Expense Januari,MINYAK KITA 1L,False
PCE-0353,2026-01-29,Beras Lesung 5kg,1.0,pcs,80000.0,0.0,1220900.0,Januari,Expense Januari,BERAS LESUNG 5KG,False
PCE-0354,2026-01-29,Kraft Cheddar All in 1 2kg,1.0,pcs,170000.0,0.0,1050900.0,Januari,Expense Januari,KRAFT CHEDDAR ALL IN 1 2KG,False
PCE-0355,2026-01-29,Maizena Honika 1kg,4.0,pcs,92000.0,0.0,958900.0,Januari,Expense Januari,MAIZENA HONIKA 1KG,False
PCE-0356,2026-01-29,Segitiga Biru Premium 1kg,8.0,pcs,124000.0,0.0,834900.0,Januari,Expense Januari,SEGITIGA BIRU PREMIUM 1KG,False
PCE-0357,2026-01-29,Lemon,1540.0,gr,60000.0,0.0,774900.0,Januari,Expense Januari,LEMON,False
PCE-0358,2026-01-29,Pisang Cavendish Sunpride,1.0,sisir,18000.0,0.0,756900.0,Januari,Expense Januari,PISANG CAVENDISH SUNPRIDE,False
PCE-0359,2026-01-29,Service Clean AC,3.0,unit,300000.0,0.0,456900.0,Januari,Expense Januari,SERVICE CLEAN AC,False
PCE-0360,2026-01-29,Check Up Outdoor AC,3.0,unit,50000.0,0.0,406900.0,Januari,Expense Januari,CHECK UP OUTDOOR AC,False
PCE-0361,2026-01-29,Upgrade Obat Pembersih Minyak,1.0,unit,40000.0,0.0,366900.0,Januari,Expense Januari,UPGRADE OBAT PEMBERSIH MINYAK,False
PCE-0362,2026-01-30,Beras Sedap Wangi 5kg,1.0,pcs,81000.0,0.0,285900.0,Januari,Expense Januari,BERAS SEDAP WANGI 5KG,False
PCE-0363,2026-01-30,Aqua Galon,2.0,pcs,46000.0,0.0,239900.0,Januari,Expense Januari,AQUA GALON,False
PCE-0364,2026-01-30,es,1.0,pax,10000.0,0.0,229900.0,Januari,Expense Januari,ES,False
PCE-0365,2026-01-31,es,2.0,pax,20000.0,0.0,209900.0,Januari,Expense Januari,ES,False
PCE-0366,2026-01-31,Minyak Kita 1L,12.0,pcs,215000.0,0.0,-5100.0,Januari,Expense Januari,MINYAK KITA 1L,False
PCE-0367,2026-01-31,Telur Ayam,2.0,kg,52000.0,0.0,-57100.0,Januari,Expense Januari,TELUR AYAM,False
PCE-0368,2026-01-31,Beras Lesung 5kg,1.0,pcs,80000.0,0.0,-137100.0,Januari,Expense Januari,BERAS LESUNG 5KG,False
PCE-0369,2026-01-31,ongkir jogjakita berlyanfood,1.0,time,30000.0,0.0,-167100.0,Januari,Expense Januari,ONGKIR JOGJAKITA BERLYANFOOD,False
PCE-0370,2026-01-31,Lettuce Iceberg,0.0,kg,12500.0,0.0,-179600.0,Januari,Expense Januari,LETTUCE ICEBERG,False
PCE-0371,2026-01-31,Kol,0.0,kg,5000.0,0.0,-184600.0,Januari,Expense Januari,KOL,False
PCE-0372,2026-01-31,Red Cabbage,0.75,kg,33750.0,0.0,-218350.0,Januari,Expense Januari,RED CABBAGE,False
PCE-0373,2026-01-31,Cabai Rawit,0.3,kg,13500.0,0.0,-231850.0,Januari,Expense Januari,CABAI RAWIT,False
PCE-0374,2026-01-31,Daun Kari,0.15,kg,9000.0,0.0,-240850.0,Januari,Expense Januari,DAUN KARI,False
PCE-0375,2026-01-31,Indomilk UHT Full Cream Plain 1 L,12.0,pcs,205000.0,0.0,-445850.0,Januari,Expense Januari,INDOMILK UHT FULL CREAM PLAIN 1 L,False
PCE-0376,2026-01-31,Nutella 3kg,1.0,pail,525000.0,0.0,-970850.0,Januari,Expense Januari,NUTELLA 3KG,False
PCE-0377,2026-01-31,Lotus Biscoff Biscuit 250gr x 10,3.0,pax,144000.0,0.0,-1114850.0,Januari,Expense Januari,LOTUS BISCOFF BISCUIT 250GR X 10,False
PCE-0378,2026-01-31,Es Krim Vanilla 8L,1.0,pcs,192100.0,0.0,-1306950.0,Januari,Expense Januari,ES KRIM VANILLA 8L,False
PCE-0379,2026-02-03,Additional Petty Cash,1.0,time,0.0,1306950.0,0.0,Januari,Expense Januari,ADDITIONAL PETTY CASH,True
PCE-0380,2026-02-01,Additional Petty Cash,1.0,time,0.0,2000000.0,2000000.0,Februari,Expense Februari,ADDITIONAL PETTY CASH,True
PCE-0381,2026-02-01,Aqua Galon,1.0,pcs,23000.0,0.0,1977000.0,Februari,Expense Februari,AQUA GALON,False
PCE-0382,2026-02-01,Air Isi Ulang,1.0,pcs,7000.0,0.0,1970000.0,Februari,Expense Februari,AIR ISI ULANG,False
PCE-0383,2026-02-01,es,1.0,pax,10000.0,0.0,1960000.0,Februari,Expense Februari,ES,False
PCE-0384,2026-02-01,Iuran Sampah Februari,1.0,time,400000.0,0.0,1560000.0,Februari,Expense Februari,IURAN SAMPAH FEBRUARI,False
PCE-0385,2026-02-01,Maizenaku 1kg,4.0,pcs,80000.0,0.0,1480000.0,Februari,Expense Februari,MAIZENAKU 1KG,False
PCE-0386,2026-02-01,L'arome Vanilla Susu 500gr,1.0,pcs,242000.0,0.0,1238000.0,Februari,Expense Februari,L'AROME VANILLA SUSU 500GR,False
PCE-0387,2026-02-01,Terigu Cakra Kembar Premium 1kg,2.0,pcs,27000.0,0.0,1211000.0,Februari,Expense Februari,TERIGU CAKRA KEMBAR PREMIUM 1KG,False
PCE-0388,2026-02-01,Terigu Segitiga Biru 1kg,8.0,pcs,104000.0,0.0,1107000.0,Februari,Expense Februari,TERIGU SEGITIGA BIRU 1KG,False
PCE-0389,2026-02-01,ongkir shopeexpress intisari,1.0,x,10000.0,0.0,1097000.0,Februari,Expense Februari,ONGKIR SHOPEEXPRESS INTISARI,False
PCE-0390,2026-02-01,Pisang Cavendish Sunpride,1.0,sisir,18000.0,0.0,1079000.0,Februari,Expense Februari,PISANG CAVENDISH SUNPRIDE,False
PCE-0391,2026-02-01,parkir,1.0,x,2000.0,0.0,1077000.0,Februari,Expense Februari,PARKIR,False
PCE-0392,2026-02-01,Cheese Parmesan,1.0,kg,204000.0,0.0,873000.0,Februari,Expense Februari,CHEESE PARMESAN,False
PCE-0393,2026-02-01,Frutaneira Ecoline Peach Halves In Syrup 8500gr,3.0,can,150000.0,0.0,723000.0,Februari,Expense Februari,FRUTANEIRA ECOLINE PEACH HALVES IN SYRUP 8500GR,False
PCE-0394,2026-02-01,Ongkir Jogjakita Berlyanfood,1.0,x,30000.0,0.0,693000.0,Februari,Expense Februari,ONGKIR JOGJAKITA BERLYANFOOD,False
PCE-0395,2026-02-02,es,2.0,pax,20000.0,0.0,673000.0,Februari,Expense Februari,ES,False
PCE-0396,2026-02-02,Tepung Maizena 1kg,7.0,pax,119000.0,0.0,554000.0,Februari,Expense Februari,TEPUNG MAIZENA 1KG,False
PCE-0397,2026-02-02,Indo Ice Cream Vanillla 8L,1.0,box,165000.0,0.0,389000.0,Februari,Expense Februari,INDO ICE CREAM VANILLLA 8L,False
PCE-0398,2026-02-02,Minyak Kita 1L,36.0,pcs,669000.0,0.0,-280000.0,Februari,Expense Februari,MINYAK KITA 1L,False
PCE-0399,2026-02-03,Diamond UHT Full Cream 1L,12.0,pcs,236000.0,0.0,-516000.0,Februari,Expense Februari,DIAMOND UHT FULL CREAM 1L,False
PCE-0400,2026-02-03,Diamond UHT Chocolate 1L,1.0,pcs,19500.0,0.0,-535500.0,Februari,Expense Februari,DIAMOND UHT CHOCOLATE 1L,False
PCE-0401,2026-02-03,Ultramilk Chocolate 1L,1.0,pcs,20000.0,0.0,-555500.0,Februari,Expense Februari,ULTRAMILK CHOCOLATE 1L,False
PCE-0402,2026-02-03,es,1.0,pax,10000.0,0.0,-565500.0,Februari,Expense Februari,ES,False
PCE-0403,2026-02-03,Refill Gas 50kg,1.0,pcs,788000.0,0.0,-1353500.0,Februari,Expense Februari,REFILL GAS 50KG,False
PCE-0404,2026-02-03,Beras Sedap Wangi 5kg,1.0,pcs,81000.0,0.0,-1434500.0,Februari,Expense Februari,BERAS SEDAP WANGI 5KG,False
PCE-0405,2026-02-03,Bawang Bombay,3.0,kg,114000.0,0.0,-1548500.0,Februari,Expense Februari,BAWANG BOMBAY,False
PCE-0406,2026-02-03,Isi Token Listrik Atas via BCA,1.0,time,103000.0,0.0,-1651500.0,Februari,Expense Februari,ISI TOKEN LISTRIK ATAS VIA BCA,False
PCE-0407,2026-02-03,Whipping Cream Millac Gold 1L,1.0,pcs,79000.0,0.0,-1730500.0,Februari,Expense Februari,WHIPPING CREAM MILLAC GOLD 1L,False
PCE-0408,2026-02-03,Ongkir BerlyanFood,1.0,time,30000.0,0.0,-1760500.0,Februari,Expense Februari,ONGKIR BERLYANFOOD,False
PCE-0409,2026-02-04,Minyak Bimoli 1L,2.0,pcs,40000.0,0.0,-1800500.0,Februari,Expense Februari,MINYAK BIMOLI 1L,False
PCE-0410,2026-02-04,Gulaku Hijau Kuning 1kg,2.0,pcs,39000.0,0.0,-1839500.0,Februari,Expense Februari,GULAKU HIJAU KUNING 1KG,False
PCE-0411,2026-02-04,Skippy PB Creamy 500gr,1.0,pcs,88760.0,0.0,-1928260.0,Februari,Expense Februari,SKIPPY PB CREAMY 500GR,False
PCE-0412,2026-02-04,Aqua Galon,1.0,pcs,23000.0,0.0,-1951260.0,Februari,Expense Februari,AQUA GALON,False
PCE-0413,2026-02-04,Air Isi Ulang,1.0,pcs,7000.0,0.0,-1958260.0,Februari,Expense Februari,AIR ISI ULANG,False
PCE-0414,2026-02-04,es,2.0,pax,20000.0,0.0,-1978260.0,Februari,Expense Februari,ES,False
PCE-0415,2026-02-04,Isi Token Listrik Atas via BCA,1.0,time,203000.0,0.0,-2181260.0,Februari,Expense Februari,ISI TOKEN LISTRIK ATAS VIA BCA,False
PCE-0416,2026-02-04,Telur Ayam,3.0,kg,81000.0,0.0,-2262260.0,Februari,Expense Februari,TELUR AYAM,False
PCE-0417,2026-02-04,Pisang Cavendish Sunpride,1.0,sisir,21000.0,0.0,-2283260.0,Februari,Expense Februari,PISANG CAVENDISH SUNPRIDE,False
PCE-0418,2026-02-04,Lettuce Iceberge,500.0,gr,12500.0,0.0,-2295760.0,Februari,Expense Februari,LETTUCE ICEBERGE,False
PCE-0419,2026-02-04,Mosa CO2 Soda Charger,20.0,pcs,146000.0,0.0,-2441760.0,Februari,Expense Februari,MOSA CO2 SODA CHARGER,False
PCE-0420,2026-02-05,Beras Sedap Wangi 5kg,1.0,pcs,81000.0,0.0,-2522760.0,Februari,Expense Februari,BERAS SEDAP WANGI 5KG,False
PCE-0421,2026-02-05,Sunflower Oil Orilia 1L,1.0,pcs,77000.0,0.0,-2599760.0,Februari,Expense Februari,SUNFLOWER OIL ORILIA 1L,False
PCE-0422,2026-02-05,parkir gluckmart,1.0,x,2000.0,0.0,-2601760.0,Februari,Expense Februari,PARKIR GLUCKMART,False
PCE-0423,2026-02-05,Indomilk UHT Chocolate 950 ml,4.0,pcs,59800.0,0.0,-2661560.0,Februari,Expense Februari,INDOMILK UHT CHOCOLATE 950 ML,False
PCE-0424,2026-02-05,plastic shopbag,1.0,pcs,200.0,0.0,-2661760.0,Februari,Expense Februari,PLASTIC SHOPBAG,False
PCE-0425,2026-02-05,parkir superindo,1.0,x,2000.0,0.0,-2663760.0,Februari,Expense Februari,PARKIR SUPERINDO,False
PCE-0426,2026-02-05,es,1.0,pax,10000.0,0.0,-2673760.0,Februari,Expense Februari,ES,False
PCE-0427,2026-02-05,Indomilk UHT Full Cream Plain 1 L,36.0,pcs,615000.0,0.0,-3288760.0,Februari,Expense Februari,INDOMILK UHT FULL CREAM PLAIN 1 L,False
PCE-0428,2026-02-05,Isi Pulsa HP Toko via BCA,1.0,pax,33000.0,0.0,-3321760.0,Februari,Expense Februari,ISI PULSA HP TOKO VIA BCA,False
PCE-0429,2026-02-05,Makan GC,11.0,org,275000.0,0.0,-3596760.0,Februari,Expense Februari,MAKAN GC,False
PCE-0430,2026-02-05,Biaya Perbaikan Saluran Listrik Lampu Gantung dan Box Laju,1.0,time,300000.0,0.0,-3896760.0,Februari,Expense Februari,BIAYA PERBAIKAN SALURAN LISTRIK LAMPU GANTUNG DAN BOX LAJU,False
PCE-0431,2026-02-05,Additional Petty Cash,1.0,time,0.0,3508750.0,-388010.0,Februari,Expense Februari,ADDITIONAL PETTY CASH,True
PCE-0432,2026-02-06,Maizenaku 1kg,6.0,pcs,120000.0,0.0,-508010.0,Februari,Expense Februari,MAIZENAKU 1KG,False
PCE-0433,2026-02-06,L'arome Vanilla Susu 500gr,1.0,pcs,242000.0,0.0,-750010.0,Februari,Expense Februari,L'AROME VANILLA SUSU 500GR,False
PCE-0434,2026-02-06,Terigu Cakra Kembar Premium 1kg,4.0,pcs,54000.0,0.0,-804010.0,Februari,Expense Februari,TERIGU CAKRA KEMBAR PREMIUM 1KG,False
PCE-0435,2026-02-06,Terigu Segitiga Biru 1kg,8.0,pcs,104000.0,0.0,-908010.0,Februari,Expense Februari,TERIGU SEGITIGA BIRU 1KG,False
PCE-0436,2026-02-06,"Star V Whle Pled Tmtes 2,5kg",1.0,pcs,98000.0,0.0,-1006010.0,Februari,Expense Februari,"STAR V WHLE PLED TMTES 2,5KG",False
PCE-0437,2026-02-06,Aqua Galon,1.0,pcs,23000.0,0.0,-1029010.0,Februari,Expense Februari,AQUA GALON,False
PCE-0438,2026-02-06,Air Isi Ulang,1.0,pcs,7000.0,0.0,-1036010.0,Februari,Expense Februari,AIR ISI ULANG,False
PCE-0439,2026-02-06,es,1.0,pax,10000.0,0.0,-1046010.0,Februari,Expense Februari,ES,False
PCE-0440,2026-02-06,Minyak Kita 1L,12.0,pcs,223000.0,0.0,-1269010.0,Februari,Expense Februari,MINYAK KITA 1L,False
PCE-0441,2026-02-06,Ketumbar Bubuk Rempah,1.0,kg,50000.0,0.0,-1319010.0,Februari,Expense Februari,KETUMBAR BUBUK REMPAH,False
PCE-0442,2026-02-06,Bubuk Rempah Jahe,1.0,kg,105000.0,0.0,-1424010.0,Februari,Expense Februari,BUBUK REMPAH JAHE,False
PCE-0443,2026-02-06,Caramel Sauce 2kg,1.0,pcs,183000.0,0.0,-1607010.0,Februari,Expense Februari,CARAMEL SAUCE 2KG,False
PCE-0444,2026-02-06,Bubuk Jahe 50gr,2.0,pcs,34000.0,0.0,-1641010.0,Februari,Expense Februari,BUBUK JAHE 50GR,False
PCE-0445,2026-02-07,Minyak Kita 1L,36.0,pcs,669000.0,0.0,-2310010.0,Februari,Expense Februari,MINYAK KITA 1L,False
PCE-0446,2026-02-07,Telur Ayam,4.0,kg,116000.0,0.0,-2426010.0,Februari,Expense Februari,TELUR AYAM,False
PCE-0447,2026-02-07,Beras Lesung Padi 5kg,2.0,pcs,160000.0,0.0,-2586010.0,Februari,Expense Februari,BERAS LESUNG PADI 5KG,False
PCE-0448,2026-02-07,Segitiga Biru Premium 1kg,8.0,pcs,108000.0,0.0,-2694010.0,Februari,Expense Februari,SEGITIGA BIRU PREMIUM 1KG,False
PCE-0449,2026-02-07,Maizenaku 1kg,6.0,pcs,126000.0,0.0,-2820010.0,Februari,Expense Februari,MAIZENAKU 1KG,False
PCE-0450,2026-02-07,Cakra Kembar Premium 1kg,4.0,pcs,56000.0,0.0,-2876010.0,Februari,Expense Februari,CAKRA KEMBAR PREMIUM 1KG,False
PCE-0451,2026-02-07,Indomilk Full Cream 950ml,12.0,pcs,210000.0,0.0,-3086010.0,Februari,Expense Februari,INDOMILK FULL CREAM 950ML,False
PCE-0452,2026-02-07,Whipping Cream Millac Gold 1L,1.0,pcs,81000.0,0.0,-3167010.0,Februari,Expense Februari,WHIPPING CREAM MILLAC GOLD 1L,False
PCE-0453,2026-02-07,es,2.0,pax,20000.0,0.0,-3187010.0,Februari,Expense Februari,ES,False
PCE-0454,2026-02-07,Es Krim Vanilla 8L,1.0,box,175000.0,0.0,-3362010.0,Februari,Expense Februari,ES KRIM VANILLA 8L,False
PCE-0455,2026-02-07,Lettuce Iceberge,500.0,gr,12500.0,0.0,-3374510.0,Februari,Expense Februari,LETTUCE ICEBERGE,False
PCE-0456,2026-02-07,Bawang Putih Kupas,1.0,kg,48000.0,0.0,-3422510.0,Februari,Expense Februari,BAWANG PUTIH KUPAS,False
PCE-0457,2026-02-07,Cabai Rawit,1.0,kg,85000.0,0.0,-3507510.0,Februari,Expense Februari,CABAI RAWIT,False
PCE-0458,2026-02-07,Tomat Merah,500.0,gr,10000.0,0.0,-3517510.0,Februari,Expense Februari,TOMAT MERAH,False
PCE-0459,2026-02-07,Santos Powder Creamer 1kg (Laju),4.0,pax,176000.0,0.0,-3693510.0,Februari,Expense Februari,SANTOS POWDER CREAMER 1KG (LAJU),False
PCE-0460,2026-02-08,Pisang Cavendish Sunpride,0.8324,gr,19561.0,0.0,-3713071.0,Februari,Expense Februari,PISANG CAVENDISH SUNPRIDE,False
PCE-0461,2026-02-08,Nestle Pure Life 600ml,120.0,pcs,225000.0,0.0,-3938071.0,Februari,Expense Februari,NESTLE PURE LIFE 600ML,False
PCE-0462,2026-02-08,es,2.0,pax,20000.0,0.0,-3958071.0,Februari,Expense Februari,ES,False
PCE-0463,2026-02-08,L'arome Vanilla Susu 500gr,1.0,pcs,242000.0,0.0,-4200071.0,Februari,Expense Februari,L'AROME VANILLA SUSU 500GR,False
PCE-0464,2026-02-09,Additional Petty Cash,1.0,time,0.0,5416647.0,1216576.0,Februari,Expense Februari,ADDITIONAL PETTY CASH,True
PCE-0465,2026-02-09,es,2.0,pax,20000.0,0.0,1196576.0,Februari,Expense Februari,ES,False
PCE-0466,2026-02-09,Ultramilk UHT Milk Plain 1L,4.0,pcs,82120.0,0.0,1114456.0,Februari,Expense Februari,ULTRAMILK UHT MILK PLAIN 1L,False
PCE-0467,2026-02-09,ongkir shopeexpress,1.0,time,5000.0,0.0,1109456.0,Februari,Expense Februari,ONGKIR SHOPEEXPRESS,False
PCE-0468,2026-02-09,Es Krim Vanilla 8L,1.0,box,188302.0,0.0,921154.0,Februari,Expense Februari,ES KRIM VANILLA 8L,False
PCE-0469,2026-02-09,Thermal Forte 57x40,40.0,pcs,120000.0,0.0,801154.0,Februari,Expense Februari,THERMAL FORTE 57X40,False
PCE-0470,2026-02-09,BP Sno V5,1.0,pcs,3000.0,0.0,798154.0,Februari,Expense Februari,BP SNO V5,False
PCE-0471,2026-02-09,Spidol Sno K Col,2.0,pcs,2600.0,0.0,795554.0,Februari,Expense Februari,SPIDOL SNO K COL,False
PCE-0472,2026-02-09,Sticky Note Forte 654py 75x75 / Yellow Pas,3.0,pcs,8100.0,0.0,787454.0,Februari,Expense Februari,STICKY NOTE FORTE 654PY 75X75 / YELLOW PAS,False
PCE-0473,2026-02-09,La Fonte Chifferi Rigati 500gr,5.0,pcs,82500.0,0.0,704954.0,Februari,Expense Februari,LA FONTE CHIFFERI RIGATI 500GR,False
PCE-0474,2026-02-09,Diamond UHT Milk Full Cream 1L,24.0,pcs,468000.0,0.0,236954.0,Februari,Expense Februari,DIAMOND UHT MILK FULL CREAM 1L,False
PCE-0475,2026-02-09,ongkir shopeexpress intisari,1.0,time,10000.0,0.0,226954.0,Februari,Expense Februari,ONGKIR SHOPEEXPRESS INTISARI,False
PCE-0476,2026-02-09,Minyak Kita 1L,12.0,pcs,223000.0,0.0,3954.0,Februari,Expense Februari,MINYAK KITA 1L,False
PCE-0477,2026-02-09,Telur Ayam,5.0,kg,147500.0,0.0,-143546.0,Februari,Expense Februari,TELUR AYAM,False
PCE-0478,2026-02-09,Cup Polos 14oz,100.0,pcs,16000.0,0.0,-159546.0,Februari,Expense Februari,CUP POLOS 14OZ,False
PCE-0479,2026-02-09,Aqua Galon,1.0,pcs,23000.0,0.0,-182546.0,Februari,Expense Februari,AQUA GALON,False
PCE-0480,2026-02-09,Air Isi Ulang,1.0,pcs,7000.0,0.0,-189546.0,Februari,Expense Februari,AIR ISI ULANG,False
PCE-0481,2026-02-09,Saringan ST Taller Brim 22cm,2.0,pcs,30000.0,0.0,-219546.0,Februari,Expense Februari,SARINGAN ST TALLER BRIM 22CM,False
PCE-0482,2026-02-09,Gulaku 1kg,3.0,pcs,53700.0,0.0,-273246.0,Februari,Expense Februari,GULAKU 1KG,False
PCE-0483,2026-02-09,Nng Fah Srrcha Hot Chilli Sce 250 ml ,2.0,pcs,60000.0,0.0,-333246.0,Februari,Expense Februari,NNG FAH SRRCHA HOT CHILLI SCE 250 ML,False
PCE-0484,2026-02-09,parkir gluckmart,1.0,x,2000.0,0.0,-335246.0,Februari,Expense Februari,PARKIR GLUCKMART,False
PCE-0485,2026-02-09,Pisang Cavendish Sunpride,1.0,sisir,18000.0,0.0,-353246.0,Februari,Expense Februari,PISANG CAVENDISH SUNPRIDE,False
PCE-0486,2026-02-10,L'arome Vanilla Susu 500gr,1.0,pcs,242000.0,0.0,-595246.0,Februari,Expense Februari,L'AROME VANILLA SUSU 500GR,False
PCE-0487,2026-02-10,Bogasari Tepung Cakra Kembar 1kg,3.0,pcs,40500.0,0.0,-635746.0,Februari,Expense Februari,BOGASARI TEPUNG CAKRA KEMBAR 1KG,False
PCE-0488,2026-02-10,Bogasari Tepung Segitiga Biru 1kg,8.0,pcs,104000.0,0.0,-739746.0,Februari,Expense Februari,BOGASARI TEPUNG SEGITIGA BIRU 1KG,False
PCE-0489,2026-02-10,Maizenaku 1kg,8.0,pcs,160000.0,0.0,-899746.0,Februari,Expense Februari,MAIZENAKU 1KG,False
PCE-0490,2026-02-10,ongkir shopeexpress,1.0,x,7000.0,0.0,-906746.0,Februari,Expense Februari,ONGKIR SHOPEEXPRESS,False
PCE-0491,2026-02-10,es,1.0,pax,10000.0,0.0,-916746.0,Februari,Expense Februari,ES,False
PCE-0492,2026-02-10,Kol Ungu,0.55,kg,24700.0,0.0,-941446.0,Februari,Expense Februari,KOL UNGU,False
PCE-0493,2026-02-10,Kubis,1.5,kg,15000.0,0.0,-956446.0,Februari,Expense Februari,KUBIS,False
PCE-0494,2026-02-10,Lettuce Iceberge,0.0,kg,12500.0,0.0,-968946.0,Februari,Expense Februari,LETTUCE ICEBERGE,False
PCE-0495,2026-02-10,Coriander,0.1,kg,6000.0,0.0,-974946.0,Februari,Expense Februari,CORIANDER,False
PCE-0496,2026-02-10,Apel Fuji,1.0,kg,53000.0,0.0,-1027946.0,Februari,Expense Februari,APEL FUJI,False
PCE-0497,2026-02-10,Onion Powder 1kg,1.0,pcs,60000.0,0.0,-1087946.0,Februari,Expense Februari,ONION POWDER 1KG,False
PCE-0498,2026-02-10,Paprika Powder 1kg,1.0,kg,87000.0,0.0,-1174946.0,Februari,Expense Februari,PAPRIKA POWDER 1KG,False
PCE-0499,2026-02-10,Lada Hitam Bubuk 1kg,1.0,pax,105000.0,0.0,-1279946.0,Februari,Expense Februari,LADA HITAM BUBUK 1KG,False
PCE-0500,2026-02-10,Milac Gold Cooking Cream 1L,3.0,pcs,216000.0,0.0,-1495946.0,Februari,Expense Februari,MILAC GOLD COOKING CREAM 1L,False
PCE-0501,2026-02-10,Frutaneira Ecoline Peach Halves In Syrup 8500gr ,3.0,can,150000.0,0.0,-1645946.0,Februari,Expense Februari,FRUTANEIRA ECOLINE PEACH HALVES IN SYRUP 8500GR,False
PCE-0502,2026-02-10,Anchor Butter 1kg,2.0,pax,308000.0,0.0,-1953946.0,Februari,Expense Februari,ANCHOR BUTTER 1KG,False
PCE-0503,2026-02-10,"Delmonte Sauce Extra Hot 5,5kg",2.0,jerigen,224000.0,0.0,-2177946.0,Februari,Expense Februari,"DELMONTE SAUCE EXTRA HOT 5,5KG",False
PCE-0504,2026-02-10,"Delmonte Sauce Tomat 5,7kg",2.0,jerigen,184000.0,0.0,-2361946.0,Februari,Expense Februari,"DELMONTE SAUCE TOMAT 5,7KG",False
PCE-0505,2026-02-10,Tepung Maizena 1kg,4.0,pax,68000.0,0.0,-2429946.0,Februari,Expense Februari,TEPUNG MAIZENA 1KG,False
PCE-0506,2026-02-10,McLewis Mayo Ori 1kg,6.0,pcs,147000.0,0.0,-2576946.0,Februari,Expense Februari,MCLEWIS MAYO ORI 1KG,False
PCE-0507,2026-02-10,Kikkoman Gochujang Saus 300gr,7.0,pcs,164500.0,0.0,-2741446.0,Februari,Expense Februari,KIKKOMAN GOCHUJANG SAUS 300GR,False
PCE-0508,2026-02-10,Butter Unsalted Elle Mini 10gr,25.0,pcs,112500.0,0.0,-2853946.0,Februari,Expense Februari,BUTTER UNSALTED ELLE MINI 10GR,False
PCE-0509,2026-02-10,Minyak Kita 1L,36.0,pcs,669000.0,0.0,-3522946.0,Februari,Expense Februari,MINYAK KITA 1L,False
PCE-0510,2026-02-10,Telur Ayam,5.0,kg,145000.0,0.0,-3667946.0,Februari,Expense Februari,TELUR AYAM,False
PCE-0511,2026-02-10,UHT Indomilk 1L,8.0,pcs,166200.0,0.0,-3834146.0,Februari,Expense Februari,UHT INDOMILK 1L,False
PCE-0512,2026-02-11,Cup Sambung 35ml LUX,500.0,pcs,85000.0,0.0,-3919146.0,Februari,Expense Februari,CUP SAMBUNG 35ML LUX,False
PCE-0513,2026-02-11,Cup Sambung 60ml,250.0,pcs,75000.0,0.0,-3994146.0,Februari,Expense Februari,CUP SAMBUNG 60ML,False
PCE-0514,2026-02-11,ongkir shopeexpress,1.0,x,5000.0,0.0,-3999146.0,Februari,Expense Februari,ONGKIR SHOPEEXPRESS,False
PCE-0515,2026-02-11,Lea & Perrins Worcestershire 284 ml,1.0,pcs,79500.0,0.0,-4078646.0,Februari,Expense Februari,LEA & PERRINS WORCESTERSHIRE 284 ML,False
PCE-0516,2026-02-11,Lotus Biscoff Biscuit Caramel,4.0,pcs,172000.0,0.0,-4250646.0,Februari,Expense Februari,LOTUS BISCOFF BISCUIT CARAMEL,False
PCE-0517,2026-02-11,es,1.0,pax,10000.0,0.0,-4260646.0,Februari,Expense Februari,ES,False
PCE-0518,2026-02-11,Knorr Sauce Mix Cheese 750gr,1.0,pcs,254005.0,0.0,-4514651.0,Februari,Expense Februari,KNORR SAUCE MIX CHEESE 750GR,False
PCE-0519,2026-02-11,Grandairy UHT FC 1L ,12.0,pcs,189500.0,0.0,-4704151.0,Februari,Expense Februari,GRANDAIRY UHT FC 1L,False
PCE-0520,2026-02-11,Anchor Cheese Red Cheddar 84 slices,1.0,pax,154000.0,0.0,-4858151.0,Februari,Expense Februari,ANCHOR CHEESE RED CHEDDAR 84 SLICES,False
PCE-0521,2026-02-11,Milac Gold Cooking Cream 1L ,2.0,pcs,144000.0,0.0,-5002151.0,Februari,Expense Februari,MILAC GOLD COOKING CREAM 1L,False
PCE-0522,2026-02-11,Garam Refina 250gr ,40.0,pcs,160000.0,0.0,-5162151.0,Februari,Expense Februari,GARAM REFINA 250GR,False
PCE-0523,2026-02-11,Cuka Dixi 650ml,4.0,botol,76000.0,0.0,-5238151.0,Februari,Expense Februari,CUKA DIXI 650ML,False
PCE-0524,2026-02-11,Hansaplast Elastis,25.0,pcs,16950.0,0.0,-5255101.0,Februari,Expense Februari,HANSAPLAST ELASTIS,False
PCE-0525,2026-02-11,Refill Super Mop,1.0,pcs,31500.0,0.0,-5286601.0,Februari,Expense Februari,REFILL SUPER MOP,False
PCE-0526,2026-02-11,SWL-S.109 Toilet Ball 5pcs,1.0,pax,22635.0,0.0,-5309236.0,Februari,Expense Februari,SWL-S.109 TOILET BALL 5PCS,False
PCE-0527,2026-02-11,Pltx Sbt Stainless,2.0,pax,30880.0,0.0,-5340116.0,Februari,Expense Februari,PLTX SBT STAINLESS,False
PCE-0528,2026-02-11,Pledge Pol Pm 450,1.0,pcs,23380.0,0.0,-5363496.0,Februari,Expense Februari,PLEDGE POL PM 450,False
PCE-0529,2026-02-11,Scoth B ID-30 P5,2.0,pax,58000.0,0.0,-5421496.0,Februari,Expense Februari,SCOTH B ID-30 P5,False
PCE-0530,2026-02-11,Hit Ars 400 Cotton Pwd,1.0,pcs,23488.0,0.0,-5444984.0,Februari,Expense Februari,HIT ARS 400 COTTON PWD,False
PCE-0531,2026-02-11,Stella All in/1 55gr Balinese Jsmn,2.0,pcs,19224.0,0.0,-5464208.0,Februari,Expense Februari,STELLA ALL IN/1 55GR BALINESE JSMN,False
PCE-0532,2026-02-11,ABC-Alk Mp LR-03 4B,1.0,pax,33700.0,0.0,-5497908.0,Februari,Expense Februari,ABC-ALK MP LR-03 4B,False
PCE-0533,2026-02-11,Stella Bath 10 Blue,2.0,pcs,16680.0,0.0,-5514588.0,Februari,Expense Februari,STELLA BATH 10 BLUE,False
PCE-0534,2026-02-11,Gentle G Det Liq Btl 700 M Breeze,1.0,pcs,18115.0,0.0,-5532703.0,Februari,Expense Februari,GENTLE G DET LIQ BTL 700 M BREEZE,False
PCE-0535,2026-02-11,Wipol RF 720gr Srh&Jrk,2.0,pcs,26330.0,0.0,-5559033.0,Februari,Expense Februari,WIPOL RF 720GR SRH&JRK,False
PCE-0536,2026-02-11,Stella Ars 175 Balinese Jasmine,1.0,pcs,15300.0,0.0,-5574333.0,Februari,Expense Februari,STELLA ARS 175 BALINESE JASMINE,False
PCE-0537,2026-02-11,MM Clear RF 400 Blue,2.0,pcs,7600.0,0.0,-5581933.0,Februari,Expense Februari,MM CLEAR RF 400 BLUE,False
PCE-0538,2026-02-11,MM Clear RF 400 Lvndr,1.0,pcs,3800.0,0.0,-5585733.0,Februari,Expense Februari,MM CLEAR RF 400 LVNDR,False
PCE-0539,2026-02-11,plastic shopbag,1.0,pcs,550.0,0.0,-5586283.0,Februari,Expense Februari,PLASTIC SHOPBAG,False
PCE-0540,2026-02-11,Beras Sedap Wangi 5kg,1.0,pcs,81000.0,0.0,-5667283.0,Februari,Expense Februari,BERAS SEDAP WANGI 5KG,False
PCE-0541,2026-02-11,Yutakachi Bubuk Cabai,1.0,kg,70000.0,0.0,-5737283.0,Februari,Expense Februari,YUTAKACHI BUBUK CABAI,False
PCE-0542,2026-02-12,Anchor Unsalted Butter Portion,50.0,pcs,127200.0,0.0,-5864483.0,Februari,Expense Februari,ANCHOR UNSALTED BUTTER PORTION,False
PCE-0543,2026-02-12,Terigu Segitiga Biru 1kg,8.0,pcs,104000.0,0.0,-5968483.0,Februari,Expense Februari,TERIGU SEGITIGA BIRU 1KG,False
PCE-0544,2026-02-12,Chef Mate Choco Chips 300gr,1.0,pcs,33000.0,0.0,-6001483.0,Februari,Expense Februari,CHEF MATE CHOCO CHIPS 300GR,False
PCE-0545,2026-02-12,es,1.0,pax,10000.0,0.0,-6011483.0,Februari,Expense Februari,ES,False
PCE-0546,2026-02-12,Es Krim Vanilla 8L,1.0,box,188100.0,0.0,-6199583.0,Februari,Expense Februari,ES KRIM VANILLA 8L,False
PCE-0547,2026-02-12,Ultra UHT Choco 1000ml,4.0,pcs,82120.0,0.0,-6281703.0,Februari,Expense Februari,ULTRA UHT CHOCO 1000ML,False
PCE-0548,2026-02-12,Minyak Kita 1L,36.0,pcs,669000.0,0.0,-6950703.0,Februari,Expense Februari,MINYAK KITA 1L,False
PCE-0549,2026-02-12,Additional Petty Cash,1.0,time,0.0,5965033.0,-985670.0,Februari,Expense Februari,ADDITIONAL PETTY CASH,True
PCE-0550,2026-02-13,Diamond UHT Milk Full Cream 1L,29.0,pcs,568000.0,0.0,-1553670.0,Februari,Expense Februari,DIAMOND UHT MILK FULL CREAM 1L,False
PCE-0551,2026-02-13,ongkir shopeexpress,1.0,time,7000.0,0.0,-1560670.0,Februari,Expense Februari,ONGKIR SHOPEEXPRESS,False
PCE-0552,2026-02-13,Sunpride Pisang W,942.0,gr,18400.0,0.0,-1579070.0,Februari,Expense Februari,SUNPRIDE PISANG W,False
PCE-0553,2026-02-13,plastic shopbag,1.0,pcs,200.0,0.0,-1579270.0,Februari,Expense Februari,PLASTIC SHOPBAG,False
PCE-0554,2026-02-13,Aqua Asli,1.0,pcs,23000.0,0.0,-1602270.0,Februari,Expense Februari,AQUA ASLI,False
PCE-0555,2026-02-13,Air Isi Ulang,2.0,pcs,14000.0,0.0,-1616270.0,Februari,Expense Februari,AIR ISI ULANG,False
PCE-0556,2026-02-13,Aqua Asli,1.0,pcs,23000.0,0.0,-1639270.0,Februari,Expense Februari,AQUA ASLI,False
PCE-0557,2026-02-13,es,1.0,pax,10000.0,0.0,-1649270.0,Februari,Expense Februari,ES,False
PCE-0558,2026-02-13,Minyak Goreng Sunco 2L,6.0,pcs,245000.0,0.0,-1894270.0,Februari,Expense Februari,MINYAK GORENG SUNCO 2L,False
PCE-0559,2026-02-13,Ongkir Shopeexpress Marinasi Ayam,1.0,time,40000.0,0.0,-1934270.0,Februari,Expense Februari,ONGKIR SHOPEEXPRESS MARINASI AYAM,False
PCE-0560,2026-02-13,Nutella,680.0,gr,139000.0,0.0,-2073270.0,Februari,Expense Februari,NUTELLA,False
PCE-0561,2026-02-13,Baking Powder Koepoe,1.0,kg,83000.0,0.0,-2156270.0,Februari,Expense Februari,BAKING POWDER KOEPOE,False
PCE-0562,2026-02-13,Lettuce Iceberge,500.0,gr,12500.0,0.0,-2168770.0,Februari,Expense Februari,LETTUCE ICEBERGE,False
PCE-0563,2026-02-13,Refill Gas 50kg,1.0,pcs,827000.0,0.0,-2995770.0,Februari,Expense Februari,REFILL GAS 50KG,False
PCE-0564,2026-02-13,Ongkir Mapple Syrup,1.0,time,100000.0,0.0,-3095770.0,Februari,Expense Februari,ONGKIR MAPPLE SYRUP,False
PCE-0565,2026-02-13,Cup Stainless,60.0,pcs,142200.0,0.0,-3237970.0,Februari,Expense Februari,CUP STAINLESS,False
PCE-0566,2026-02-14,Kraft Cheddar All in One 2kg,1.0,pcs,170000.0,0.0,-3407970.0,Februari,Expense Februari,KRAFT CHEDDAR ALL IN ONE 2KG,False
PCE-0567,2026-02-14,admin shopee,1.0,pax,2200.0,0.0,-3410170.0,Februari,Expense Februari,ADMIN SHOPEE,False
PCE-0568,2026-02-14,Tokai Gas Portable 235gr,2.0,pcs,37000.0,0.0,-3447170.0,Februari,Expense Februari,TOKAI GAS PORTABLE 235GR,False
PCE-0569,2026-02-14,ongkir shopeexpress,1.0,time,7000.0,0.0,-3454170.0,Februari,Expense Februari,ONGKIR SHOPEEXPRESS,False
PCE-0570,2026-02-14,Beras Sedap Wangi 5kg,2.0,pcs,162000.0,0.0,-3616170.0,Februari,Expense Februari,BERAS SEDAP WANGI 5KG,False
PCE-0571,2026-02-14,Hercules Baking Powder 1kg,1.0,pcs,66600.0,0.0,-3682770.0,Februari,Expense Februari,HERCULES BAKING POWDER 1KG,False
PCE-0572,2026-02-14,Panasonic Timer TB388099NE7,1.0,pcs,475000.0,0.0,-4157770.0,Februari,Expense Februari,PANASONIC TIMER TB388099NE7,False
PCE-0573,2026-02-14,ongkir gosend,1.0,time,25000.0,0.0,-4182770.0,Februari,Expense Februari,ONGKIR GOSEND,False
PCE-0574,2026-02-14,Jasa Pasang Timer Mas Janu,1.0,pax,150000.0,0.0,-4332770.0,Februari,Expense Februari,JASA PASANG TIMER MAS JANU,False
PCE-0575,2026-02-14,es,3.0,pax,30000.0,0.0,-4362770.0,Februari,Expense Februari,ES,False
PCE-0576,2026-02-14,Minyak Sania 2L,6.0,pcs,234000.0,0.0,-4596770.0,Februari,Expense Februari,MINYAK SANIA 2L,False
PCE-0577,2026-02-14,Sunflower Oil Orilia 1L,1.0,pcs,79000.0,0.0,-4675770.0,Februari,Expense Februari,SUNFLOWER OIL ORILIA 1L,False
PCE-0578,2026-02-14,L'arome Vanilla Susu 500gr,1.0,pcs,242000.0,0.0,-4917770.0,Februari,Expense Februari,L'AROME VANILLA SUSU 500GR,False
PCE-0579,2026-02-14,Maizenaku 1kg,6.0,pcs,120000.0,0.0,-5037770.0,Februari,Expense Februari,MAIZENAKU 1KG,False
PCE-0580,2026-02-14,Tepung Cakra 1kg,8.0,pcs,108000.0,0.0,-5145770.0,Februari,Expense Februari,TEPUNG CAKRA 1KG,False
PCE-0581,2026-02-14,ongkir shopeexpress,1.0,time,7000.0,0.0,-5152770.0,Februari,Expense Februari,ONGKIR SHOPEEXPRESS,False
PCE-0582,2026-02-14,UHT Milk Full Cream Sleeve 1000ml,24.0,pcs,428700.0,0.0,-5581470.0,Februari,Expense Februari,UHT MILK FULL CREAM SLEEVE 1000ML,False
PCE-0583,2026-02-14,UHT Milk Full Cream Sleeve 1000ml (Laju),12.0,pcs,214300.0,0.0,-5795770.0,Februari,Expense Februari,UHT MILK FULL CREAM SLEEVE 1000ML (LAJU),False
PCE-0584,2026-02-14,Additional Petty Cash,1.0,time,0.0,5965033.0,169263.0,Februari,Expense Februari,ADDITIONAL PETTY CASH,True
PCE-0585,2026-02-15,Skippy Creamy Peanut Butter 340gr,1.0,pcs,52000.0,0.0,117263.0,Februari,Expense Februari,SKIPPY CREAMY PEANUT BUTTER 340GR,False
PCE-0586,2026-02-15,es,1.0,pax,10000.0,0.0,107263.0,Februari,Expense Februari,ES,False
PCE-0587,2026-02-16,Diamond Full Cream UHT 1L,2.0,pcs,44000.0,0.0,63263.0,Februari,Expense Februari,DIAMOND FULL CREAM UHT 1L,False
PCE-0588,2026-02-16,Anchor Unsalted Butter Portion,50.0,pcs,125000.0,0.0,-61737.0,Februari,Expense Februari,ANCHOR UNSALTED BUTTER PORTION,False
PCE-0589,2026-02-16,admin shopee,1.0,time,2740.0,0.0,-64477.0,Februari,Expense Februari,ADMIN SHOPEE,False
PCE-0590,2026-02-16,Segitiga Biru Premium 1kg,10.0,pcs,135000.0,0.0,-199477.0,Februari,Expense Februari,SEGITIGA BIRU PREMIUM 1KG,False
PCE-0591,2026-02-16,Maizenaku 1kg,4.0,pcs,84000.0,0.0,-283477.0,Februari,Expense Februari,MAIZENAKU 1KG,False
PCE-0592,2026-02-16,ongkir shopeexpress,1.0,time,7000.0,0.0,-290477.0,Februari,Expense Februari,ONGKIR SHOPEEXPRESS,False
PCE-0593,2026-02-16,es,2.0,pax,20000.0,0.0,-310477.0,Februari,Expense Februari,ES,False
PCE-0594,2026-02-16,Ongkir Shopeexpress Marinasi Ayam,1.0,time,37000.0,0.0,-347477.0,Februari,Expense Februari,ONGKIR SHOPEEXPRESS MARINASI AYAM,False
PCE-0595,2026-02-16,Soda Api,2.0,pcs,30000.0,0.0,-377477.0,Februari,Expense Februari,SODA API,False
PCE-0596,2026-02-16,Es Krim Vanilla 8L,1.0,box,188100.0,0.0,-565577.0,Februari,Expense Februari,ES KRIM VANILLA 8L,False
PCE-0597,2026-02-16,Lettuce Iceberge,700.0,gr,17500.0,0.0,-583077.0,Februari,Expense Februari,LETTUCE ICEBERGE,False
PCE-0598,2026-02-16,Cabai Rawit,500.0,gr,45000.0,0.0,-628077.0,Februari,Expense Februari,CABAI RAWIT,False
PCE-0599,2026-02-16,Lemon,1.0,kg,55000.0,0.0,-683077.0,Februari,Expense Februari,LEMON,False
PCE-0600,2026-02-17,Pisang Cavendish Sunpride,0.8249,gr,19400.0,0.0,-702477.0,Februari,Expense Februari,PISANG CAVENDISH SUNPRIDE,False
PCE-0601,2026-02-17,parkir bumi buah,1.0,x,2000.0,0.0,-704477.0,Februari,Expense Februari,PARKIR BUMI BUAH,False
PCE-0602,2026-02-17,Nutella 1000gr,1.0,pcs,233000.0,0.0,-937477.0,Februari,Expense Februari,NUTELLA 1000GR,False
PCE-0603,2026-02-17,Cup Sambung 35ml LUX,500.0,pcs,85000.0,0.0,-1022477.0,Februari,Expense Februari,CUP SAMBUNG 35ML LUX,False
PCE-0604,2026-02-17,ongkir shopeexpress,1.0,time,7000.0,0.0,-1029477.0,Februari,Expense Februari,ONGKIR SHOPEEXPRESS,False
PCE-0605,2026-02-17,Aqua Asli,2.0,pcs,46000.0,0.0,-1075477.0,Februari,Expense Februari,AQUA ASLI,False
PCE-0606,2026-02-17,Air Isi Ulang,2.0,pcs,14000.0,0.0,-1089477.0,Februari,Expense Februari,AIR ISI ULANG,False
PCE-0607,2026-02-17,es,1.0,pax,10000.0,0.0,-1099477.0,Februari,Expense Februari,ES,False
PCE-0608,2026-02-17,Spork Hitam (Sendok Garpu),100.0,pcs,92000.0,0.0,-1191477.0,Februari,Expense Februari,SPORK HITAM (SENDOK GARPU),False
PCE-0609,2026-02-17,ongkir shopeexpress,1.0,time,10000.0,0.0,-1201477.0,Februari,Expense Februari,ONGKIR SHOPEEXPRESS,False
PCE-0610,2026-02-17,Telur Ayam,2.0,kg,60000.0,0.0,-1261477.0,Februari,Expense Februari,TELUR AYAM,False
PCE-0611,2026-02-17,Keran Black Planter Tanam 1/2,1.0,pcs,87500.0,0.0,-1348977.0,Februari,Expense Februari,KERAN BLACK PLANTER TANAM 1/2,False
PCE-0612,2026-02-17,Ultra UHT Chocolate 1000ml,4.0,pcs,77652.0,0.0,-1426629.0,Februari,Expense Februari,ULTRA UHT CHOCOLATE 1000ML,False
PCE-0613,2026-02-17,L'arome Vanilla Susu 500gr,1.0,pcs,242000.0,0.0,-1668629.0,Februari,Expense Februari,L'AROME VANILLA SUSU 500GR,False
PCE-0614,2026-02-17,Diamond UHT Milk Full Cream 1L,1.0,pcs,234000.0,0.0,-1902629.0,Februari,Expense Februari,DIAMOND UHT MILK FULL CREAM 1L,False
PCE-0615,2026-02-17,ongkir shopeexpress,1.0,time,7000.0,0.0,-1909629.0,Februari,Expense Februari,ONGKIR SHOPEEXPRESS,False
PCE-0616,2026-02-17,Salted Caramel Syrup 750ml,1.0,pcs,104500.0,0.0,-2014129.0,Februari,Expense Februari,SALTED CARAMEL SYRUP 750ML,False
PCE-0617,2026-02-17,Straw Hygen Runcing Black,500.0,pcs,31600.0,0.0,-2045729.0,Februari,Expense Februari,STRAW HYGEN RUNCING BLACK,False
PCE-0618,2026-02-18,Hemart 900ml Minyak Goreng,3.0,pcs,57000.0,0.0,-2102729.0,Februari,Expense Februari,HEMART 900ML MINYAK GORENG,False
PCE-0619,2026-02-18,es,2.0,pax,20000.0,0.0,-2122729.0,Februari,Expense Februari,ES,False
PCE-0620,2026-02-18,"Isolasi Talang 0,5m",1.0,pcs,8000.0,0.0,-2130729.0,Februari,Expense Februari,"ISOLASI TALANG 0,5M",False
PCE-0621,2026-02-18,Maizenaku 1kg,6.0,pcs,138228.0,0.0,-2268957.0,Februari,Expense Februari,MAIZENAKU 1KG,False
PCE-0622,2026-02-18,Minyak Kita 1L,36.0,pcs,669000.0,0.0,-2937957.0,Februari,Expense Februari,MINYAK KITA 1L,False
PCE-0623,2026-02-18,Telur Ayam,5.0,kg,150000.0,0.0,-3087957.0,Februari,Expense Februari,TELUR AYAM,False
PCE-0624,2026-02-18,Lemon (Laju),2.0,kg,110000.0,0.0,-3197957.0,Februari,Expense Februari,LEMON (LAJU),False
PCE-0625,2026-02-18,Kubis,2.0,kg,20000.0,0.0,-3217957.0,Februari,Expense Februari,KUBIS,False
PCE-0626,2026-02-18,Red Cabbage,500.0,gr,22500.0,0.0,-3240457.0,Februari,Expense Februari,RED CABBAGE,False
PCE-0627,2026-02-18,Tomat Merah,500.0,gr,10000.0,0.0,-3250457.0,Februari,Expense Februari,TOMAT MERAH,False
PCE-0628,2026-02-18,Coriander,200.0,gr,12000.0,0.0,-3262457.0,Februari,Expense Februari,CORIANDER,False
PCE-0629,2026-02-18,Lemon,1.0,kg,55000.0,0.0,-3317457.0,Februari,Expense Februari,LEMON,False
PCE-0630,2026-02-18,Milac Gold Cooking Cream 1L ,2.0,pax,147000.0,0.0,-3464457.0,Februari,Expense Februari,MILAC GOLD COOKING CREAM 1L,False
PCE-0631,2026-02-18,Anchor Cheese Red Cheddar 84 slices,1.0,pax,154000.0,0.0,-3618457.0,Februari,Expense Februari,ANCHOR CHEESE RED CHEDDAR 84 SLICES,False
PCE-0632,2026-02-18,Cheese Parmesan,1.0,kg,204000.0,0.0,-3822457.0,Februari,Expense Februari,CHEESE PARMESAN,False
PCE-0633,2026-02-18,Lotus Biscoff Biscuit 250gr,3.0,pax,144000.0,0.0,-3966457.0,Februari,Expense Februari,LOTUS BISCOFF BISCUIT 250GR,False
PCE-0634,2026-02-18,Indo Ice Cream Vanilla 8L,1.0,box,165000.0,0.0,-4131457.0,Februari,Expense Februari,INDO ICE CREAM VANILLA 8L,False
PCE-0635,2026-02-18,Whole Brown Bread 1200gr,6.0,pcs,331200.0,0.0,-4462657.0,Februari,Expense Februari,WHOLE BROWN BREAD 1200GR,False
PCE-0636,2026-02-19,Beras Lesung Padi 5kg,1.0,pcs,78500.0,0.0,-4541157.0,Februari,Expense Februari,BERAS LESUNG PADI 5KG,False
PCE-0637,2026-02-19,Diamond UHT Milk Full Cream 1L,24.0,pcs,468000.0,0.0,-5009157.0,Februari,Expense Februari,DIAMOND UHT MILK FULL CREAM 1L,False
PCE-0638,2026-02-19,ongkir shopeexpress intisari,1.0,time,10000.0,0.0,-5019157.0,Februari,Expense Februari,ONGKIR SHOPEEXPRESS INTISARI,False
PCE-0639,2026-02-19,es,1.0,pax,9000.0,0.0,-5028157.0,Februari,Expense Februari,ES,False
PCE-0640,2026-02-19,Sapu Lidi Halaman,1.0,pcs,20000.0,0.0,-5048157.0,Februari,Expense Februari,SAPU LIDI HALAMAN,False
PCE-0641,2026-02-19,Peanut Butter Creamy 500gr,2.0,pcs,109224.0,0.0,-5157381.0,Februari,Expense Februari,PEANUT BUTTER CREAMY 500GR,False
PCE-0642,2026-02-19,Isi Token Listrik via BCA,1.0,time,203000.0,0.0,-5360381.0,Februari,Expense Februari,ISI TOKEN LISTRIK VIA BCA,False
PCE-0643,2026-02-19,Diamond UHT Milk Full Cream 1L,8.0,pcs,176000.0,0.0,-5536381.0,Februari,Expense Februari,DIAMOND UHT MILK FULL CREAM 1L,False
PCE-0644,2026-02-19,ongkir shopeexpress,1.0,time,15000.0,0.0,-5551381.0,Februari,Expense Februari,ONGKIR SHOPEEXPRESS,False
PCE-0645,2026-02-19,Cakra Kembar Premium 1kg,6.0,pcs,83200.0,0.0,-5634581.0,Februari,Expense Februari,CAKRA KEMBAR PREMIUM 1KG,False
PCE-0646,2026-02-20,Air Isi Ulang,1.0,pcs,7000.0,0.0,-5641581.0,Februari,Expense Februari,AIR ISI ULANG,False
PCE-0647,2026-02-20,Aqua Galon,1.0,pcs,23000.0,0.0,-5664581.0,Februari,Expense Februari,AQUA GALON,False
PCE-0648,2026-02-20,es,2.0,pax,20000.0,0.0,-5684581.0,Februari,Expense Februari,ES,False
PCE-0649,2026-02-20,UHT Milk Full Cream Sleeve 1000ml,36.0,pcs,642939.0,0.0,-6327520.0,Februari,Expense Februari,UHT MILK FULL CREAM SLEEVE 1000ML,False
PCE-0650,2026-02-21,Beras Lesung Padi 5kg,1.0,pcs,78500.0,0.0,-6406020.0,Februari,Expense Februari,BERAS LESUNG PADI 5KG,False
PCE-0651,2026-02-21,plastic shopbag,1.0,pcs,200.0,0.0,-6406220.0,Februari,Expense Februari,PLASTIC SHOPBAG,False
PCE-0652,2026-02-21,Lettuce,340.0,gr,18665.0,0.0,-6424885.0,Februari,Expense Februari,LETTUCE,False
PCE-0653,2026-02-21,Lettuce,318.0,gr,17460.0,0.0,-6442345.0,Februari,Expense Februari,LETTUCE,False
PCE-0654,2026-02-21,N/F Tomat Beef Wh,510.0,gr,7650.0,0.0,-6449995.0,Februari,Expense Februari,N/F TOMAT BEEF WH,False
PCE-0655,2026-02-21,Sunpride Pisang W,888.0,gr,17325.0,0.0,-6467320.0,Februari,Expense Februari,SUNPRIDE PISANG W,False
PCE-0656,2026-02-21,parkir superindo,1.0,x,2000.0,0.0,-6469320.0,Februari,Expense Februari,PARKIR SUPERINDO,False
PCE-0657,2026-02-21,es,1.0,pax,10000.0,0.0,-6479320.0,Februari,Expense Februari,ES,False
PCE-0658,2026-02-21,Bawang Bombay,3.0,kg,114000.0,0.0,-6593320.0,Februari,Expense Februari,BAWANG BOMBAY,False
PCE-0659,2026-02-21,Refill Gas 50kg,1.0,pcs,827000.0,0.0,-7420320.0,Februari,Expense Februari,REFILL GAS 50KG,False
PCE-0660,2026-02-21,Straightcut 2kg ,18.0,pax,1044000.0,0.0,-8464320.0,Februari,Expense Februari,STRAIGHTCUT 2KG,False
PCE-0661,2026-02-21,Maizenaku 1kg,4.0,pcs,105600.0,0.0,-8569920.0,Februari,Expense Februari,MAIZENAKU 1KG,False
PCE-0662,2026-02-21,Anchor Unsalted Butter Portion 10 gr,50.0,pcs,125000.0,0.0,-8694920.0,Februari,Expense Februari,ANCHOR UNSALTED BUTTER PORTION 10 GR,False
PCE-0663,2026-02-21,Bogasari Tepung Segitiga Biru 1kg,6.0,pcs,74368.0,0.0,-8769288.0,Februari,Expense Februari,BOGASARI TEPUNG SEGITIGA BIRU 1KG,False
PCE-0664,2026-02-22,es,2.0,pax,20000.0,0.0,-8789288.0,Februari,Expense Februari,ES,False
PCE-0665,2026-02-22,Minyak Kita 1L,12.0,pcs,223000.0,0.0,-9012288.0,Februari,Expense Februari,MINYAK KITA 1L,False
PCE-0666,2026-02-22,Telur Ayam,3.0,kg,87000.0,0.0,-9099288.0,Februari,Expense Februari,TELUR AYAM,False
PCE-0667,2026-02-22,Ultramilk Chocolate 1L,5.0,pcs,98450.0,0.0,-9197738.0,Februari,Expense Februari,ULTRAMILK CHOCOLATE 1L,False
PCE-0668,2026-02-22,ongkir shopeexpress,1.0,time,7000.0,0.0,-9204738.0,Februari,Expense Februari,ONGKIR SHOPEEXPRESS,False
PCE-0669,2026-02-22,Polytex,6.0,pcs,21000.0,0.0,-9225738.0,Februari,Expense Februari,POLYTEX,False
PCE-0670,2026-02-22,Additional Petty Cash,1.0,time,0.0,8448052.0,-777686.0,Februari,Expense Februari,ADDITIONAL PETTY CASH,True
PCE-0671,2026-02-23,Bogasari Tep. Segitiga Biru 1kg,8.0,pcs,104000.0,0.0,-881686.0,Februari,Expense Februari,BOGASARI TEP. SEGITIGA BIRU 1KG,False
PCE-0672,2026-02-23,L'arome Vanilla Susu 500gr,1.0,pcs,242000.0,0.0,-1123686.0,Februari,Expense Februari,L'AROME VANILLA SUSU 500GR,False
PCE-0673,2026-02-23,ongkir shopeexpress,1.0,time,7000.0,0.0,-1130686.0,Februari,Expense Februari,ONGKIR SHOPEEXPRESS,False
PCE-0674,2026-02-23,es,1.0,pax,10000.0,0.0,-1140686.0,Februari,Expense Februari,ES,False
PCE-0675,2026-02-23,Nutella 1000gr,1.0,pcs,195792.0,0.0,-1336478.0,Februari,Expense Februari,NUTELLA 1000GR,False
PCE-0676,2026-02-23,Ketumbar Bubuk 500gr,2.0,pcs,61900.0,0.0,-1398378.0,Februari,Expense Februari,KETUMBAR BUBUK 500GR,False
PCE-0677,2026-02-23,Milac Gold Cooking Cream 1lt ,2.0,pax,147000.0,0.0,-1545378.0,Februari,Expense Februari,MILAC GOLD COOKING CREAM 1LT,False
PCE-0678,2026-02-23,Garlic Powder 1kg,2.0,kg,100000.0,0.0,-1645378.0,Februari,Expense Februari,GARLIC POWDER 1KG,False
PCE-0679,2026-02-23,Handgloves Plastik,75.0,pax,525000.0,0.0,-2170378.0,Februari,Expense Februari,HANDGLOVES PLASTIK,False
PCE-0680,2026-02-24,Pisang Cavendish Sunpride,0.8621,gr,20300.0,0.0,-2190678.0,Februari,Expense Februari,PISANG CAVENDISH SUNPRIDE,False
PCE-0681,2026-02-24,parkir bumi buah,1.0,x,2000.0,0.0,-2192678.0,Februari,Expense Februari,PARKIR BUMI BUAH,False
PCE-0682,2026-02-24,Anchor Unsalted Butter Portion 10 gr,50.0,pcs,125000.0,0.0,-2317678.0,Februari,Expense Februari,ANCHOR UNSALTED BUTTER PORTION 10 GR,False
PCE-0683,2026-02-24,Minyak Kita 2L,36.0,pcs,657000.0,0.0,-2974678.0,Februari,Expense Februari,MINYAK KITA 2L,False
PCE-0684,2026-02-24,es,2.0,pax,20000.0,0.0,-2994678.0,Februari,Expense Februari,ES,False
PCE-0685,2026-02-24,Sewa HP Spotify (Februari - Maret),2.0,time,100000.0,0.0,-3094678.0,Februari,Expense Februari,SEWA HP SPOTIFY (FEBRUARI - MARET),False
PCE-0686,2026-02-24,Beras Premium,5.0,kg,83000.0,0.0,-3177678.0,Februari,Expense Februari,BERAS PREMIUM,False
PCE-0687,2026-02-24,Telur Ayam,3.0,kg,88500.0,0.0,-3266178.0,Februari,Expense Februari,TELUR AYAM,False
PCE-0688,2026-02-24,ongkir shopeexpress,1.0,time,7000.0,0.0,-3273178.0,Februari,Expense Februari,ONGKIR SHOPEEXPRESS,False
PCE-0689,2026-02-24,Lettuce Iceberge,1.0,kg,28000.0,0.0,-3301178.0,Februari,Expense Februari,LETTUCE ICEBERGE,False
PCE-0690,2026-02-24,Kol Ungu,600.0,gr,24000.0,0.0,-3325178.0,Februari,Expense Februari,KOL UNGU,False
PCE-0691,2026-02-24,Cabe Rawit,500.0,gr,50000.0,0.0,-3375178.0,Februari,Expense Februari,CABE RAWIT,False
PCE-0692,2026-02-24,Botol Madu,3.0,pcs,210000.0,0.0,-3585178.0,Februari,Expense Februari,BOTOL MADU,False
PCE-0693,2026-02-24,Madu,2.0,kg,120000.0,0.0,-3705178.0,Februari,Expense Februari,MADU,False
PCE-0694,2026-02-24,Indo Ice Cream Vanilla 8L,1.0,box,165000.0,0.0,-3870178.0,Februari,Expense Februari,INDO ICE CREAM VANILLA 8L,False
PCE-0695,2026-02-24,Milac Gold Cooking Cream 1lt ,2.0,pax,147000.0,0.0,-4017178.0,Februari,Expense Februari,MILAC GOLD COOKING CREAM 1LT,False
PCE-0696,2026-02-25,Aqua Asli,2.0,pcs,46000.0,0.0,-4063178.0,Februari,Expense Februari,AQUA ASLI,False
PCE-0697,2026-02-25,es,1.0,pax,10000.0,0.0,-4073178.0,Februari,Expense Februari,ES,False
PCE-0698,2026-02-25,Ongkir Shopeexpress Marinasi Ayam,1.0,time,37000.0,0.0,-4110178.0,Februari,Expense Februari,ONGKIR SHOPEEXPRESS MARINASI AYAM,False
PCE-0699,2026-02-25,Sunflower Oil Orilia 1L,1.0,pcs,77000.0,0.0,-4187178.0,Februari,Expense Februari,SUNFLOWER OIL ORILIA 1L,False
PCE-0700,2026-02-25,Additional Petty Cash,1.0,time,0.0,3682928.0,-504250.0,Februari,Expense Februari,ADDITIONAL PETTY CASH,True
PCE-0701,2026-02-26,Minyak Kita 1L,12.0,pcs,218000.0,0.0,-722250.0,Februari,Expense Februari,MINYAK KITA 1L,False
PCE-0702,2026-02-26,Cakra Kembar Premium 1kg,6.0,pcs,84000.0,0.0,-806250.0,Februari,Expense Februari,CAKRA KEMBAR PREMIUM 1KG,False
PCE-0703,2026-02-26,Maizenaku 1kg,6.0,pcs,135000.0,0.0,-941250.0,Februari,Expense Februari,MAIZENAKU 1KG,False
PCE-0704,2026-02-26,Lotus Biscoff 250gr,3.0,pcs,133500.0,0.0,-1074750.0,Februari,Expense Februari,LOTUS BISCOFF 250GR,False
PCE-0705,2026-02-26,Gula Pasir Repack 1kg,2.0,pcs,37000.0,0.0,-1111750.0,Februari,Expense Februari,GULA PASIR REPACK 1KG,False
PCE-0706,2026-02-26,es,2.0,pax,20000.0,0.0,-1131750.0,Februari,Expense Februari,ES,False
PCE-0707,2026-02-26,Tomat Merah,500.0,gr,10000.0,0.0,-1141750.0,Februari,Expense Februari,TOMAT MERAH,False
PCE-0708,2026-02-26,Lettuce Iceberge,500.0,gr,14000.0,0.0,-1155750.0,Februari,Expense Februari,LETTUCE ICEBERGE,False
PCE-0709,2026-02-26,Bawang Putih Kupas,1.0,kg,48000.0,0.0,-1203750.0,Februari,Expense Februari,BAWANG PUTIH KUPAS,False
PCE-0710,2026-02-26,Paprika Hijau,150.0,gr,6750.0,0.0,-1210500.0,Februari,Expense Februari,PAPRIKA HIJAU,False
PCE-0711,2026-02-26,Cabai Rawit Merah,500.0,gr,50000.0,0.0,-1260500.0,Februari,Expense Februari,CABAI RAWIT MERAH,False
PCE-0712,2026-02-26,Cabai Teropong Hijau,300.0,gr,16500.0,0.0,-1277000.0,Februari,Expense Februari,CABAI TEROPONG HIJAU,False
PCE-0713,2026-02-27,McLewis Mayonaise Ori 1kg,12.0,pcs,276000.0,0.0,-1553000.0,Februari,Expense Februari,MCLEWIS MAYONAISE ORI 1KG,False
PCE-0714,2026-02-27,Aqua Asli,1.0,pcs,23000.0,0.0,-1576000.0,Februari,Expense Februari,AQUA ASLI,False
PCE-0715,2026-02-27,Air Isi Ulang,1.0,pcs,7000.0,0.0,-1583000.0,Februari,Expense Februari,AIR ISI ULANG,False
PCE-0716,2026-02-27,L'arome Vanilla Susu 500gr,1.0,pcs,242000.0,0.0,-1825000.0,Februari,Expense Februari,L'AROME VANILLA SUSU 500GR,False
PCE-0717,2026-02-27,Diamond UHT Milk Full Cream 1L,24.0,pcs,468000.0,0.0,-2293000.0,Februari,Expense Februari,DIAMOND UHT MILK FULL CREAM 1L,False
PCE-0718,2026-02-27,ongkir shopeexpress intisari,1.0,time,10000.0,0.0,-2303000.0,Februari,Expense Februari,ONGKIR SHOPEEXPRESS INTISARI,False
PCE-0719,2026-02-27,Minyak Kita 1L,36.0,pcs,675000.0,0.0,-2978000.0,Februari,Expense Februari,MINYAK KITA 1L,False
PCE-0720,2026-02-27,Telur Ayam,3.0,kg,88500.0,0.0,-3066500.0,Februari,Expense Februari,TELUR AYAM,False
PCE-0721,2026-02-27,Beras Premium,5.0,kg,83000.0,0.0,-3149500.0,Februari,Expense Februari,BERAS PREMIUM,False
PCE-0722,2026-02-27,ongkir shopeexpress burger & kopi masRizal Colombo - KJ,1.0,time,12000.0,0.0,-3161500.0,Februari,Expense Februari,ONGKIR SHOPEEXPRESS BURGER & KOPI MASRIZAL COLOMBO - KJ,False
PCE-0723,2026-02-27,Kabel Ties,1.0,pax,7500.0,0.0,-3169000.0,Februari,Expense Februari,KABEL TIES,False
PCE-0724,2026-02-28,Indomilk UHT 1000ml,9.0,pcs,206991.0,0.0,-3375991.0,Februari,Expense Februari,INDOMILK UHT 1000ML,False
PCE-0725,2026-02-28,Beras Lesung Padi 5kg,1.0,pcs,78500.0,0.0,-3454491.0,Februari,Expense Februari,BERAS LESUNG PADI 5KG,False
PCE-0726,2026-02-28,es,2.0,pax,20000.0,0.0,-3474491.0,Februari,Expense Februari,ES,False
PCE-0727,2026-02-28,365 Gula Pasir 1 kg,2.0,pcs,33000.0,0.0,-3507491.0,Februari,Expense Februari,365 GULA PASIR 1 KG,False
PCE-0728,2026-02-28,N/F Tomat Beef Whole,476.0,gr,14255.0,0.0,-3521746.0,Februari,Expense Februari,N/F TOMAT BEEF WHOLE,False
PCE-0729,2026-02-28,Sunpride Pisang W,826.0,gr,16110.0,0.0,-3537856.0,Februari,Expense Februari,SUNPRIDE PISANG W,False
PCE-0730,2026-02-28,plastic shopbag,1.0,x,235.0,0.0,-3538091.0,Februari,Expense Februari,PLASTIC SHOPBAG,False
PCE-0731,2026-02-28,Maizenaku 1kg,4.0,pcs,100000.0,0.0,-3638091.0,Februari,Expense Februari,MAIZENAKU 1KG,False
PCE-0732,2026-02-28,Lemon,2.0,kg,110000.0,0.0,-3748091.0,Februari,Expense Februari,LEMON,False
PCE-0733,2026-02-28,Apel Fuji,1.0,kg,43000.0,0.0,-3791091.0,Februari,Expense Februari,APEL FUJI,False
PCE-0734,2026-02-28,Service Clean,3.0,unit,300000.0,0.0,-4091091.0,Februari,Expense Februari,SERVICE CLEAN,False
PCE-0735,2026-02-28,Cek Komponen Outdoor,3.0,unit,50000.0,0.0,-4141091.0,Februari,Expense Februari,CEK KOMPONEN OUTDOOR,False
PCE-0736,2026-02-28,Pelindung Evaporator,1.0,pcs,40000.0,0.0,-4181091.0,Februari,Expense Februari,PELINDUNG EVAPORATOR,False
PCE-0737,2026-02-28,Kikkoman Gochujang Sauce 300gr,8.0,botol,188000.0,0.0,-4369091.0,Februari,Expense Februari,KIKKOMAN GOCHUJANG SAUCE 300GR,False
PCE-0738,2026-02-28,Indomilk UHT Full Cream Plain 1 L,12.0,pcs,210000.0,0.0,-4579091.0,Februari,Expense Februari,INDOMILK UHT FULL CREAM PLAIN 1 L,False
PCE-0739,2026-02-28,Mosa Soda Chargers,20.0,pcs,150000.0,0.0,-4729091.0,Februari,Expense Februari,MOSA SODA CHARGERS,False
PCE-0740,2026-02-28,Timbangan Digital 3kg,1.0,pcs,74900.0,0.0,-4803991.0,Februari,Expense Februari,TIMBANGAN DIGITAL 3KG,False
PCE-0741,2026-02-28,Nutella 1000gr,1.0,pcs,189000.0,0.0,-4992991.0,Februari,Expense Februari,NUTELLA 1000GR,False
PCE-0742,2026-02-28,Kresek PE Bening Party Size24,3.0,pax,42000.0,0.0,-5034991.0,Februari,Expense Februari,KRESEK PE BENING PARTY SIZE24,False
PCE-0743,2026-02-28,Kresek PE Bening Party Size28,3.0,pax,60000.0,0.0,-5094991.0,Februari,Expense Februari,KRESEK PE BENING PARTY SIZE28,False
PCE-0744,2026-02-28,Cup Sambung 35ml LUX,500.0,pcs,85000.0,0.0,-5179991.0,Februari,Expense Februari,CUP SAMBUNG 35ML LUX,False
PCE-0745,2026-03-04,Additional Petty Cash,1.0,time,0.0,5179991.0,0.0,Februari,Expense Februari,ADDITIONAL PETTY CASH,True
PCE-0746,2026-03-01,Additional Petty Cash,1.0,time,0.0,2000000.0,2000000.0,Maret,Expense Maret,ADDITIONAL PETTY CASH,True
PCE-0747,2026-03-01,es,1.0,pax,10000.0,0.0,1990000.0,Maret,Expense Maret,ES,False
PCE-0748,2026-03-02,Es Krim Vanilla 8L,1.0,box,182110.0,0.0,1807890.0,Maret,Expense Maret,ES KRIM VANILLA 8L,False
PCE-0749,2026-03-02,Bogasari Segitiga Biru 1kg,8.0,pcs,124000.0,0.0,1683890.0,Maret,Expense Maret,BOGASARI SEGITIGA BIRU 1KG,False
PCE-0750,2026-03-02,Bogasari Cakra Kembar 1kg,4.0,pcs,64000.0,0.0,1619890.0,Maret,Expense Maret,BOGASARI CAKRA KEMBAR 1KG,False
PCE-0751,2026-03-02,ongkir shopeexpress,1.0,time,7000.0,0.0,1612890.0,Maret,Expense Maret,ONGKIR SHOPEEXPRESS,False
PCE-0752,2026-03-02,Air Isi Ulang,2.0,pcs,14000.0,0.0,1598890.0,Maret,Expense Maret,AIR ISI ULANG,False
PCE-0753,2026-03-02,es,1.0,pax,10000.0,0.0,1588890.0,Maret,Expense Maret,ES,False
PCE-0754,2026-03-02,Minyak Kita 1L,12.0,pcs,225000.0,0.0,1363890.0,Maret,Expense Maret,MINYAK KITA 1L,False
PCE-0755,2026-03-02,Solasi Kecil,4.0,pcs,12000.0,0.0,1351890.0,Maret,Expense Maret,SOLASI KECIL,False
PCE-0756,2026-03-02,Iuran Sampah Maret,1.0,time,400000.0,0.0,951890.0,Maret,Expense Maret,IURAN SAMPAH MARET,False
PCE-0757,2026-03-03,Mc Lewis Original Mayonnaise 1kg,4.0,pcs,97100.0,0.0,854790.0,Maret,Expense Maret,MC LEWIS ORIGINAL MAYONNAISE 1KG,False
PCE-0758,2026-03-03,es,1.0,pax,10000.0,0.0,844790.0,Maret,Expense Maret,ES,False
PCE-0759,2026-03-03,Pisang Cavendish Sunpride,0.8942,gr,21000.0,0.0,823790.0,Maret,Expense Maret,PISANG CAVENDISH SUNPRIDE,False
PCE-0760,2026-03-03,Strawberry (Laju),1.0,pax,9000.0,0.0,814790.0,Maret,Expense Maret,STRAWBERRY (LAJU),False
PCE-0761,2026-03-03,Ultra UHT Chocolate 1000ml,4.0,pcs,71600.0,0.0,743190.0,Maret,Expense Maret,ULTRA UHT CHOCOLATE 1000ML,False
PCE-0762,2026-03-03,Makan GC,10.0,org,210000.0,0.0,533190.0,Maret,Expense Maret,MAKAN GC,False
PCE-0763,2026-03-04,Anchor Unsalted Butter Portion 10 gr,50.0,pcs,125000.0,0.0,408190.0,Maret,Expense Maret,ANCHOR UNSALTED BUTTER PORTION 10 GR,False
PCE-0764,2026-03-04,Aqua Asli,2.0,pcs,46000.0,0.0,362190.0,Maret,Expense Maret,AQUA ASLI,False
PCE-0765,2026-03-04,Telur Ayam,10.0,kg,269000.0,0.0,93190.0,Maret,Expense Maret,TELUR AYAM,False
PCE-0766,2026-03-04,es,1.0,pax,10000.0,0.0,83190.0,Maret,Expense Maret,ES,False
PCE-0767,2026-03-04,Isi Token Listrik Atas via BCA,1.0,time,203000.0,0.0,-119810.0,Maret,Expense Maret,ISI TOKEN LISTRIK ATAS VIA BCA,False
PCE-0768,2026-03-05,Pisang Cavendish Sunpride,0.932,gr,18200.0,0.0,-138010.0,Maret,Expense Maret,PISANG CAVENDISH SUNPRIDE,False
PCE-0769,2026-03-05,parkir bumi buah,1.0,x,2000.0,0.0,-140010.0,Maret,Expense Maret,PARKIR BUMI BUAH,False
PCE-0770,2026-03-05,L'arome Vanilla Susu 500gr,1.0,pcs,242000.0,0.0,-382010.0,Maret,Expense Maret,L'AROME VANILLA SUSU 500GR,False
PCE-0771,2026-03-05,ongkir shopeexpress intisari,1.0,x,7000.0,0.0,-389010.0,Maret,Expense Maret,ONGKIR SHOPEEXPRESS INTISARI,False
PCE-0772,2026-03-05,Sunflower Oil Orilia 1L,1.0,pcs,77000.0,0.0,-466010.0,Maret,Expense Maret,SUNFLOWER OIL ORILIA 1L,False
PCE-0773,2026-03-05,Nutella 1kg,1.0,pcs,189000.0,0.0,-655010.0,Maret,Expense Maret,NUTELLA 1KG,False
PCE-0774,2026-03-05,Minyak Kita 1L,36.0,pcs,663000.0,0.0,-1318010.0,Maret,Expense Maret,MINYAK KITA 1L,False
PCE-0775,2026-03-05,es,1.0,pax,10000.0,0.0,-1328010.0,Maret,Expense Maret,ES,False
PCE-0776,2026-03-05,Indomilk UHT Full Cream Plain 1 L,12.0,pcs,210000.0,0.0,-1538010.0,Maret,Expense Maret,INDOMILK UHT FULL CREAM PLAIN 1 L,False
PCE-0777,2026-03-05,"Ciao Peeled Tomato 2,55kg ",2.0,can,190000.0,0.0,-1728010.0,Maret,Expense Maret,"CIAO PEELED TOMATO 2,55KG",False
PCE-0778,2026-03-05,Frutaneira Ecoline Peach Halves in Syrup 8500gr ,3.0,can,150000.0,0.0,-1878010.0,Maret,Expense Maret,FRUTANEIRA ECOLINE PEACH HALVES IN SYRUP 8500GR,False
PCE-0779,2026-03-05,Santos Powder Creamer 1kg ,3.0,pax,132000.0,0.0,-2010010.0,Maret,Expense Maret,SANTOS POWDER CREAMER 1KG,False
PCE-0780,2026-03-05,Indomilk UHT Full Cream Plain 1 L,24.0,pcs,420000.0,0.0,-2430010.0,Maret,Expense Maret,INDOMILK UHT FULL CREAM PLAIN 1 L,False
PCE-0781,2026-03-06,Beras Ladang Pangan 5kg,1.0,pcs,77000.0,0.0,-2507010.0,Maret,Expense Maret,BERAS LADANG PANGAN 5KG,False
PCE-0782,2026-03-06,Es Krim Vanilla 8L,1.0,pcs,186108.0,0.0,-2693118.0,Maret,Expense Maret,ES KRIM VANILLA 8L,False
PCE-0783,2026-03-06,Segitiga Biru Premium 1kg,8.0,pcs,108000.0,0.0,-2801118.0,Maret,Expense Maret,SEGITIGA BIRU PREMIUM 1KG,False
PCE-0784,2026-03-06,Maizenaku 1kg,6.0,pcs,135000.0,0.0,-2936118.0,Maret,Expense Maret,MAIZENAKU 1KG,False
PCE-0785,2026-03-06,es,2.0,pax,20000.0,0.0,-2956118.0,Maret,Expense Maret,ES,False
PCE-0786,2026-03-06,Telur Ayam,10.0,kg,276000.0,0.0,-3232118.0,Maret,Expense Maret,TELUR AYAM,False
PCE-0787,2026-03-06,Isi Token Listrik Bawah via BCA,1.0,time,503000.0,0.0,-3735118.0,Maret,Expense Maret,ISI TOKEN LISTRIK BAWAH VIA BCA,False
PCE-0788,2026-03-06,Indomilk UHT Full Cream Plain 1 L,12.0,pcs,210000.0,0.0,-3945118.0,Maret,Expense Maret,INDOMILK UHT FULL CREAM PLAIN 1 L,False
PCE-0789,2026-03-06,Anchor Butter 1kg,1.0,pax,154000.0,0.0,-4099118.0,Maret,Expense Maret,ANCHOR BUTTER 1KG,False
PCE-0790,2026-03-07,Bogasari Segitiga Biru 1kg,5.0,pcs,77500.0,0.0,-4176618.0,Maret,Expense Maret,BOGASARI SEGITIGA BIRU 1KG,False
PCE-0791,2026-03-07,es,1.0,pax,10000.0,0.0,-4186618.0,Maret,Expense Maret,ES,False
PCE-0792,2026-03-07,Cabe Bubuk Pedas ,1.0,kg,82900.0,0.0,-4269518.0,Maret,Expense Maret,CABE BUBUK PEDAS,False
PCE-0793,2026-03-07,Caramel Sauce,2000.0,ml,183000.0,0.0,-4452518.0,Maret,Expense Maret,CARAMEL SAUCE,False
PCE-0794,2026-03-07,Kol Ungu,1300.0,gr,58500.0,0.0,-4511018.0,Maret,Expense Maret,KOL UNGU,False
PCE-0795,2026-03-07,Kol Ungu,1400.0,gr,21000.0,0.0,-4532018.0,Maret,Expense Maret,KOL UNGU,False
PCE-0796,2026-03-07,Paprika Hijau,200.0,gr,9000.0,0.0,-4541018.0,Maret,Expense Maret,PAPRIKA HIJAU,False
PCE-0797,2026-03-07,Minyak Kita 1L,12.0,pcs,225000.0,0.0,-4766018.0,Maret,Expense Maret,MINYAK KITA 1L,False
PCE-0798,2026-03-07,Beras Premium 5kg,5.0,kg,83000.0,0.0,-4849018.0,Maret,Expense Maret,BERAS PREMIUM 5KG,False
PCE-0799,2026-03-08,es,2.0,pax,20000.0,0.0,-4869018.0,Maret,Expense Maret,ES,False
PCE-0800,2026-03-08,Pisang Cavendish Sunpride,670.0,gr,16850.0,0.0,-4885868.0,Maret,Expense Maret,PISANG CAVENDISH SUNPRIDE,False
PCE-0801,2026-03-08,Ongkir Jogja Kita BerlyanFood,1.0,x,36000.0,0.0,-4921868.0,Maret,Expense Maret,ONGKIR JOGJA KITA BERLYANFOOD,False
PCE-0802,2026-03-08,Refill Gas 50kg,1.0,pcs,827000.0,0.0,-5748868.0,Maret,Expense Maret,REFILL GAS 50KG,False
PCE-0803,2026-03-08,"Delmonte Sauce Extra Hot 5,5kg",2.0,jerigen,225000.0,0.0,-5973868.0,Maret,Expense Maret,"DELMONTE SAUCE EXTRA HOT 5,5KG",False
PCE-0804,2026-03-08,Kikkoman Gochujang Sauce 12x300gr/ctn,7.0,botol,164500.0,0.0,-6138368.0,Maret,Expense Maret,KIKKOMAN GOCHUJANG SAUCE 12X300GR/CTN,False
PCE-0805,2026-03-08,Multifold Pulpies Maxisave Tissue 1x24,10.0,pax,90000.0,0.0,-6228368.0,Maret,Expense Maret,MULTIFOLD PULPIES MAXISAVE TISSUE 1X24,False
PCE-0806,2026-03-08,Additional Petty Cash,1.0,time,0.0,5484758.0,-743610.0,Maret,Expense Maret,ADDITIONAL PETTY CASH,True
PCE-0807,2026-03-08,Millac Gold Whipping Cream 1L,1.0,pcs,93000.0,0.0,-836610.0,Maret,Expense Maret,MILLAC GOLD WHIPPING CREAM 1L,False
PCE-0808,2026-03-08,Kraft Cheddar All in One 2kg,1.0,pcs,170000.0,0.0,-1006610.0,Maret,Expense Maret,KRAFT CHEDDAR ALL IN ONE 2KG,False
PCE-0809,2026-03-08,Anchor Unsalted Butter Portion,30.0,pcs,75000.0,0.0,-1081610.0,Maret,Expense Maret,ANCHOR UNSALTED BUTTER PORTION,False
PCE-0810,2026-03-09,Es Krim Vanilla 8L,1.0,pcs,179000.0,0.0,-1260610.0,Maret,Expense Maret,ES KRIM VANILLA 8L,False
PCE-0811,2026-03-09,Skippy Creamy Peanut Butter 340gr,2.0,pcs,104000.0,0.0,-1364610.0,Maret,Expense Maret,SKIPPY CREAMY PEANUT BUTTER 340GR,False
PCE-0812,2026-03-09,Aqua Asli,2.0,pcs,46000.0,0.0,-1410610.0,Maret,Expense Maret,AQUA ASLI,False
PCE-0813,2026-03-09,Air Isi Ulang,2.0,pcs,14000.0,0.0,-1424610.0,Maret,Expense Maret,AIR ISI ULANG,False
PCE-0814,2026-03-09,es,2.0,pcs,20000.0,0.0,-1444610.0,Maret,Expense Maret,ES,False
PCE-0815,2026-03-09,Minyak Kita 1L,24.0,pcs,450000.0,0.0,-1894610.0,Maret,Expense Maret,MINYAK KITA 1L,False
PCE-0816,2026-03-09,McLewis Mayonnaise 1kg,4.0,pcs,96000.0,0.0,-1990610.0,Maret,Expense Maret,MCLEWIS MAYONNAISE 1KG,False
PCE-0817,2026-03-09,Koepoe PW Kuning Telur 30ml,4.0,pcs,18000.0,0.0,-2008610.0,Maret,Expense Maret,KOEPOE PW KUNING TELUR 30ML,False
PCE-0818,2026-03-09,L'arome Vanilla Susu 500gr,1.0,pcs,242000.0,0.0,-2250610.0,Maret,Expense Maret,L'AROME VANILLA SUSU 500GR,False
PCE-0819,2026-03-09,ongkir shopeexpress intisari,1.0,x,7000.0,0.0,-2257610.0,Maret,Expense Maret,ONGKIR SHOPEEXPRESS INTISARI,False
PCE-0820,2026-03-09,Jahe Bubuk,1.0,kg,73628.0,0.0,-2331238.0,Maret,Expense Maret,JAHE BUBUK,False
PCE-0821,2026-03-09,Zeelandia L'arome Vanilla Susu 40gr,2.0,pcs,61000.0,0.0,-2392238.0,Maret,Expense Maret,ZEELANDIA L'AROME VANILLA SUSU 40GR,False
PCE-0822,2026-03-09,Payment Mas Janu,1.0,x,200000.0,0.0,-2592238.0,Maret,Expense Maret,PAYMENT MAS JANU,False
PCE-0823,2026-03-10,Kresek PE size15,2.0,pax,16400.0,0.0,-2608638.0,Maret,Expense Maret,KRESEK PE SIZE15,False
PCE-0824,2026-03-10,Kresek PE size24,3.0,pax,42000.0,0.0,-2650638.0,Maret,Expense Maret,KRESEK PE SIZE24,False
PCE-0825,2026-03-10,Kresek PE size28,4.0,pax,80000.0,0.0,-2730638.0,Maret,Expense Maret,KRESEK PE SIZE28,False
PCE-0826,2026-03-10,Kresek PE size30,4.0,pax,96000.0,0.0,-2826638.0,Maret,Expense Maret,KRESEK PE SIZE30,False
PCE-0827,2026-03-10,Tali Segel Royal 15cm,400.0,pcs,22400.0,0.0,-2849038.0,Maret,Expense Maret,TALI SEGEL ROYAL 15CM,False
PCE-0828,2026-03-10,Sendok Spork Hitam Steril,75.0,pcs,22500.0,0.0,-2871538.0,Maret,Expense Maret,SENDOK SPORK HITAM STERIL,False
PCE-0829,2026-03-10,es,1.0,pax,10000.0,0.0,-2881538.0,Maret,Expense Maret,ES,False
PCE-0830,2026-03-10,Ultra UHT Chocolate 1000ml,4.0,pcs,71560.0,0.0,-2953098.0,Maret,Expense Maret,ULTRA UHT CHOCOLATE 1000ML,False
PCE-0831,2026-03-10,Beras Empat Jaya 5kg,1.0,pcs,77000.0,0.0,-3030098.0,Maret,Expense Maret,BERAS EMPAT JAYA 5KG,False
PCE-0832,2026-03-10,Nutella 1kg,1.0,pcs,189000.0,0.0,-3219098.0,Maret,Expense Maret,NUTELLA 1KG,False
PCE-0833,2026-03-10,parkir gluckmart,1.0,x,2000.0,0.0,-3221098.0,Maret,Expense Maret,PARKIR GLUCKMART,False
PCE-0834,2026-03-10,Selotip Kecil (urgent),3.0,pcs,6000.0,0.0,-3227098.0,Maret,Expense Maret,SELOTIP KECIL (URGENT),False
PCE-0835,2026-03-10,Lettuce Head,620.0,gr,35090.0,0.0,-3262188.0,Maret,Expense Maret,LETTUCE HEAD,False
PCE-0836,2026-03-11,Pisang Cavendish Sunpride,0.8768,gr,20605.0,0.0,-3282793.0,Maret,Expense Maret,PISANG CAVENDISH SUNPRIDE,False
PCE-0837,2026-03-11,parkir bumi buah,1.0,x,2000.0,0.0,-3284793.0,Maret,Expense Maret,PARKIR BUMI BUAH,False
PCE-0838,2026-03-11,es,2.0,pax,20000.0,0.0,-3304793.0,Maret,Expense Maret,ES,False
PCE-0839,2026-03-11,Sticky Note Foerte 654py ,2.0,pcs,5400.0,0.0,-3310193.0,Maret,Expense Maret,STICKY NOTE FOERTE 654PY,False
PCE-0840,2026-03-11,Tape Nachi 1/2x25,24.0,pcs,23000.0,0.0,-3333193.0,Maret,Expense Maret,TAPE NACHI 1/2X25,False
PCE-0841,2026-03-11,Thermal Forte 57x40,40.0,pcs,120000.0,0.0,-3453193.0,Maret,Expense Maret,THERMAL FORTE 57X40,False
PCE-0842,2026-03-11,Mr Muscle Clear Glass Cleaner Pouch 400ml,3.0,pcs,11400.0,0.0,-3464593.0,Maret,Expense Maret,MR MUSCLE CLEAR GLASS CLEANER POUCH 400ML,False
PCE-0843,2026-03-11,Mr Muscle Kitchen Lemon Refill 800ml,2.0,pcs,22300.0,0.0,-3486893.0,Maret,Expense Maret,MR MUSCLE KITCHEN LEMON REFILL 800ML,False
PCE-0844,2026-03-11,Hit Aerosol Cotton Powder 400ml,1.0,pcs,23310.0,0.0,-3510203.0,Maret,Expense Maret,HIT AEROSOL COTTON POWDER 400ML,False
PCE-0845,2026-03-11,Stella Aero B Jasmine 175ml,1.0,pcs,15152.0,0.0,-3525355.0,Maret,Expense Maret,STELLA AERO B JASMINE 175ML,False
PCE-0846,2026-03-11,Stella All in One Balinese Jasmine,2.0,pcs,17978.0,0.0,-3543333.0,Maret,Expense Maret,STELLA ALL IN ONE BALINESE JASMINE,False
PCE-0847,2026-03-11,Stella Bathroom Pocket Blue,2.0,pcs,16550.0,0.0,-3559883.0,Maret,Expense Maret,STELLA BATHROOM POCKET BLUE,False
PCE-0848,2026-03-11,Dahlia KP Toilet Ball 5's,1.0,pcs,24250.0,0.0,-3584133.0,Maret,Expense Maret,DAHLIA KP TOILET BALL 5'S,False
PCE-0849,2026-03-11,Dahlia BC002 Blue Clean 2's,1.0,pax,20275.0,0.0,-3604408.0,Maret,Expense Maret,DAHLIA BC002 BLUE CLEAN 2'S,False
PCE-0850,2026-03-12,Beras Ladang Pangan 5kg,1.0,pcs,77000.0,0.0,-3681408.0,Maret,Expense Maret,BERAS LADANG PANGAN 5KG,False
PCE-0851,2026-03-12,Aqua Asli,1.0,pcs,23000.0,0.0,-3704408.0,Maret,Expense Maret,AQUA ASLI,False
PCE-0852,2026-03-12,Air Isi Ulang,1.0,pcs,7000.0,0.0,-3711408.0,Maret,Expense Maret,AIR ISI ULANG,False
PCE-0853,2026-03-12,es,2.0,pax,20000.0,0.0,-3731408.0,Maret,Expense Maret,ES,False
PCE-0854,2026-03-12,Minyak Kita 1L,36.0,pcs,675000.0,0.0,-4406408.0,Maret,Expense Maret,MINYAK KITA 1L,False
PCE-0855,2026-03-12,Indomilk UHT Full Cream Plain,24.0,pcs,420000.0,0.0,-4826408.0,Maret,Expense Maret,INDOMILK UHT FULL CREAM PLAIN,False
PCE-0856,2026-03-12,Indomilk UHT Full Cream Plain,36.0,pcs,630000.0,0.0,-5456408.0,Maret,Expense Maret,INDOMILK UHT FULL CREAM PLAIN,False
PCE-0857,2026-03-12,Indo Ice Cream Vanilla 8L,1.0,box,165000.0,0.0,-5621408.0,Maret,Expense Maret,INDO ICE CREAM VANILLA 8L,False
PCE-0858,2026-03-12,"Delmonte Sauce Tomat 5,7kg",1.0,jerigen,92000.0,0.0,-5713408.0,Maret,Expense Maret,"DELMONTE SAUCE TOMAT 5,7KG",False
PCE-0859,2026-03-12,"Delmonte Sauce Extra Hot 5,5kg",1.0,jerigen,112500.0,0.0,-5825908.0,Maret,Expense Maret,"DELMONTE SAUCE EXTRA HOT 5,5KG",False
PCE-0860,2026-03-13,Cup Sambung 35ml LUX,600.0,pcs,102000.0,0.0,-5927908.0,Maret,Expense Maret,CUP SAMBUNG 35ML LUX,False
PCE-0861,2026-03-13,ongkir shopeexpress toko enampuluh,1.0,x,7000.0,0.0,-5934908.0,Maret,Expense Maret,ONGKIR SHOPEEXPRESS TOKO ENAMPULUH,False
PCE-0862,2026-03-13,Telur Ayam,10.0,kg,273000.0,0.0,-6207908.0,Maret,Expense Maret,TELUR AYAM,False
PCE-0863,2026-03-13,es,2.0,pax,20000.0,0.0,-6227908.0,Maret,Expense Maret,ES,False
PCE-0864,2026-03-13,Soda Api,3.0,pcs,45000.0,0.0,-6272908.0,Maret,Expense Maret,SODA API,False
PCE-0865,2026-03-13,Graji Besi,1.0,pcs,10000.0,0.0,-6282908.0,Maret,Expense Maret,GRAJI BESI,False
PCE-0866,2026-03-13,Anti Sumbat,1.0,pcs,45000.0,0.0,-6327908.0,Maret,Expense Maret,ANTI SUMBAT,False
PCE-0867,2026-03-13,Iceberg Lettuce,1.5,kg,45000.0,0.0,-6372908.0,Maret,Expense Maret,ICEBERG LETTUCE,False
PCE-0868,2026-03-13,Cabai Rawit,1.0,kg,95000.0,0.0,-6467908.0,Maret,Expense Maret,CABAI RAWIT,False
PCE-0869,2026-03-13,Ultra UHT Chocolate 1000ml,4.0,pcs,71600.0,0.0,-6539508.0,Maret,Expense Maret,ULTRA UHT CHOCOLATE 1000ML,False
PCE-0870,2026-03-13,Sunflower Oil Orilia 1L,1.0,pcs,77000.0,0.0,-6616508.0,Maret,Expense Maret,SUNFLOWER OIL ORILIA 1L,False
PCE-0871,2026-03-13,Pisang Cavendish Sunpride,1.0105,gr,23700.0,0.0,-6640208.0,Maret,Expense Maret,PISANG CAVENDISH SUNPRIDE,False
PCE-0872,2026-03-13,parkir bumi buah,1.0,x,2000.0,0.0,-6642208.0,Maret,Expense Maret,PARKIR BUMI BUAH,False
PCE-0873,2026-03-13,Nestle Pure Life 600ml,96.0,pcs,180000.0,0.0,-6822208.0,Maret,Expense Maret,NESTLE PURE LIFE 600ML,False
PCE-0874,2026-03-13,ongkir lalamove mineral,1.0,x,31000.0,0.0,-6853208.0,Maret,Expense Maret,ONGKIR LALAMOVE MINERAL,False
PCE-0875,2026-03-13,Additional Petty Cash,1.0,time,0.0,6030518.0,-822690.0,Maret,Expense Maret,ADDITIONAL PETTY CASH,True
PCE-0876,2026-03-14,Maizenaku 1kg,6.0,pcs,120000.0,0.0,-942690.0,Maret,Expense Maret,MAIZENAKU 1KG,False
PCE-0877,2026-03-14,Bogasari Tep. Segitiga Biru 1kg,6.0,pcs,78000.0,0.0,-1020690.0,Maret,Expense Maret,BOGASARI TEP. SEGITIGA BIRU 1KG,False
PCE-0878,2026-03-14,L'arome Vanilla Susu 500gr,1.0,pcs,242000.0,0.0,-1262690.0,Maret,Expense Maret,L'AROME VANILLA SUSU 500GR,False
PCE-0879,2026-03-14,ongkir shopeexpress intisari,1.0,x,5000.0,0.0,-1267690.0,Maret,Expense Maret,ONGKIR SHOPEEXPRESS INTISARI,False
PCE-0880,2026-03-14,es,1.0,pax,10000.0,0.0,-1277690.0,Maret,Expense Maret,ES,False
PCE-0881,2026-03-14,Minyak Kita 1L,12.0,pcs,225000.0,0.0,-1502690.0,Maret,Expense Maret,MINYAK KITA 1L,False
PCE-0882,2026-03-14,Beras Sunvari 5kg,2.0,pcs,166000.0,0.0,-1668690.0,Maret,Expense Maret,BERAS SUNVARI 5KG,False
PCE-0883,2026-03-14,Refill Gas 50kg,1.0,pcs,836000.0,0.0,-2504690.0,Maret,Expense Maret,REFILL GAS 50KG,False
PCE-0884,2026-03-14,Bawang Bombay,5.0,kg,160000.0,0.0,-2664690.0,Maret,Expense Maret,BAWANG BOMBAY,False
PCE-0885,2026-03-15,Millac Gold Whipping Cream 1L,1.0,pcs,93000.0,0.0,-2757690.0,Maret,Expense Maret,MILLAC GOLD WHIPPING CREAM 1L,False
PCE-0886,2026-03-15,Millac Gold Whipping Cream 1L,1.0,pcs,93000.0,0.0,-2850690.0,Maret,Expense Maret,MILLAC GOLD WHIPPING CREAM 1L,False
PCE-0887,2026-03-15,Maizenaku 1kg,6.0,pcs,120000.0,0.0,-2970690.0,Maret,Expense Maret,MAIZENAKU 1KG,False
PCE-0888,2026-03-15,Bogasari Tep. Segitiga Biru 1kg,7.0,pcs,91000.0,0.0,-3061690.0,Maret,Expense Maret,BOGASARI TEP. SEGITIGA BIRU 1KG,False
PCE-0889,2026-03-15,ongkir shopeexpress intisari,1.0,x,7000.0,0.0,-3068690.0,Maret,Expense Maret,ONGKIR SHOPEEXPRESS INTISARI,False
PCE-0890,2026-03-15,Aqua Asli,2.0,pcs,46000.0,0.0,-3114690.0,Maret,Expense Maret,AQUA ASLI,False
PCE-0891,2026-03-15,Air Isi Ulang,1.0,pcs,7000.0,0.0,-3121690.0,Maret,Expense Maret,AIR ISI ULANG,False
PCE-0892,2026-03-15,es,2.0,pax,20000.0,0.0,-3141690.0,Maret,Expense Maret,ES,False
PCE-0893,2026-03-15,Ongkir GoSend BerlyanFood,1.0,x,30000.0,0.0,-3171690.0,Maret,Expense Maret,ONGKIR GOSEND BERLYANFOOD,False
PCE-0894,2026-03-16,es,2.0,pax,20000.0,0.0,-3191690.0,Maret,Expense Maret,ES,False
PCE-0895,2026-03-16,MInyak Goreng 2L,1.0,pcs,40000.0,0.0,-3231690.0,Maret,Expense Maret,MINYAK GORENG 2L,False
PCE-0896,2026-03-16,Grandairy UHT FC 1L,48.0,pcs,758000.0,0.0,-3989690.0,Maret,Expense Maret,GRANDAIRY UHT FC 1L,False
PCE-0897,2026-03-16,Kikkoman Gochujang Sauce 300gr,10.0,botol,235000.0,0.0,-4224690.0,Maret,Expense Maret,KIKKOMAN GOCHUJANG SAUCE 300GR,False
PCE-0898,2026-03-16,Lee Kum Kee Tiram Panda 770gr,1.0,botol,63000.0,0.0,-4287690.0,Maret,Expense Maret,LEE KUM KEE TIRAM PANDA 770GR,False
PCE-0899,2026-03-16,Anchor Butter 1kg,2.0,pax,340000.0,0.0,-4627690.0,Maret,Expense Maret,ANCHOR BUTTER 1KG,False
PCE-0900,2026-03-16,Garam Refina 250gr x 40,19.0,pcs,76000.0,0.0,-4703690.0,Maret,Expense Maret,GARAM REFINA 250GR X 40,False
PCE-0901,2026-03-16,Millac Gold Whipping Cream 1L,3.0,pax,220500.0,0.0,-4924190.0,Maret,Expense Maret,MILLAC GOLD WHIPPING CREAM 1L,False
PCE-0902,2026-03-16,Frutaneira Ecoline Peach Halves in Syrup 8500gr ,4.0,can,200000.0,0.0,-5124190.0,Maret,Expense Maret,FRUTANEIRA ECOLINE PEACH HALVES IN SYRUP 8500GR,False
PCE-0903,2026-03-16,Denali Red Velvet Powder 800gr,1.0,pcs,114000.0,0.0,-5238190.0,Maret,Expense Maret,DENALI RED VELVET POWDER 800GR,False
PCE-0904,2026-03-16,Botol Madu 500 ml,3.0,pcs,210000.0,0.0,-5448190.0,Maret,Expense Maret,BOTOL MADU 500 ML,False
PCE-0905,2026-03-16,Espresso Machine Powder Cleaner 450gr,1.0,pcs,145200.0,0.0,-5593390.0,Maret,Expense Maret,ESPRESSO MACHINE POWDER CLEANER 450GR,False
PCE-0906,2026-03-16,Minyak Kita 1L,24.0,pcs,450000.0,0.0,-6043390.0,Maret,Expense Maret,MINYAK KITA 1L,False
PCE-0907,2026-03-16,Refill Gas 50kg,2.0,pcs,1672000.0,0.0,-7715390.0,Maret,Expense Maret,REFILL GAS 50KG,False
PCE-0908,2026-03-16,Pisang Cavendish Sunpride,1.0463,gr,20400.0,0.0,-7735790.0,Maret,Expense Maret,PISANG CAVENDISH SUNPRIDE,False
PCE-0909,2026-03-16,Apel Fuji Istimewa,1.6623,gr,64800.0,0.0,-7800590.0,Maret,Expense Maret,APEL FUJI ISTIMEWA,False
PCE-0910,2026-03-16,parkir bumi buah,1.0,x,2000.0,0.0,-7802590.0,Maret,Expense Maret,PARKIR BUMI BUAH,False
PCE-0911,2026-03-17,Kol,3.7,kg,55500.0,0.0,-7858090.0,Maret,Expense Maret,KOL,False
PCE-0912,2026-03-17,Kol Ungu,2.0,kg,80000.0,0.0,-7938090.0,Maret,Expense Maret,KOL UNGU,False
PCE-0913,2026-03-17,Apel Fuji Istimewa,1.0,kg,42000.0,0.0,-7980090.0,Maret,Expense Maret,APEL FUJI ISTIMEWA,False
PCE-0914,2026-03-17,Coriender,300.0,gr,21000.0,0.0,-8001090.0,Maret,Expense Maret,CORIENDER,False
PCE-0915,2026-03-17,Cabai Rawit,1.0,kg,120000.0,0.0,-8121090.0,Maret,Expense Maret,CABAI RAWIT,False
PCE-0916,2026-03-17,Bawang Putih Kupas,1.0,kg,48000.0,0.0,-8169090.0,Maret,Expense Maret,BAWANG PUTIH KUPAS,False
PCE-0917,2026-03-17,Paprika Hijau,250.0,gr,13750.0,0.0,-8182840.0,Maret,Expense Maret,PAPRIKA HIJAU,False
PCE-0918,2026-03-17,Lettuce Iceberg,1.0,kg,28000.0,0.0,-8210840.0,Maret,Expense Maret,LETTUCE ICEBERG,False
PCE-0919,2026-03-17,plastic shopbag,1.0,pcs,300.0,0.0,-8211140.0,Maret,Expense Maret,PLASTIC SHOPBAG,False
PCE-0920,2026-03-17,Gula Premium Kuning 1kg,3.0,pcs,52500.0,0.0,-8263640.0,Maret,Expense Maret,GULA PREMIUM KUNING 1KG,False
PCE-0921,2026-03-17,donasi,1.0,x,200.0,0.0,-8263840.0,Maret,Expense Maret,DONASI,False
PCE-0922,2026-03-17,Anchor Unsalted Butter Portion 10 gr,20.0,pcs,52000.0,0.0,-8315840.0,Maret,Expense Maret,ANCHOR UNSALTED BUTTER PORTION 10 GR,False
PCE-0923,2026-03-17,Sendok Spork Hitam Steril,300.0,pcs,81000.0,0.0,-8396840.0,Maret,Expense Maret,SENDOK SPORK HITAM STERIL,False
PCE-0924,2026-03-17,Kresek PE size24,4.0,pax,56000.0,0.0,-8452840.0,Maret,Expense Maret,KRESEK PE SIZE24,False
PCE-0925,2026-03-17,Kresek PE size15,2.0,pax,16400.0,0.0,-8469240.0,Maret,Expense Maret,KRESEK PE SIZE15,False
PCE-0926,2026-03-17,ongkir shopeexpress toko enampuluh,1.0,x,7000.0,0.0,-8476240.0,Maret,Expense Maret,ONGKIR SHOPEEXPRESS TOKO ENAMPULUH,False
PCE-0927,2026-03-17,L'arome Vanilla Susu 500gr,1.0,pcs,242000.0,0.0,-8718240.0,Maret,Expense Maret,L'AROME VANILLA SUSU 500GR,False
PCE-0928,2026-03-17,Ultramilk 1L UHT,6.0,pcs,120000.0,0.0,-8838240.0,Maret,Expense Maret,ULTRAMILK 1L UHT,False
PCE-0929,2026-03-17,ongkir shopeexpress intisari,1.0,x,7000.0,0.0,-8845240.0,Maret,Expense Maret,ONGKIR SHOPEEXPRESS INTISARI,False
PCE-0930,2026-03-17,Maizenaku 1kg,2.0,kg,50000.0,0.0,-8895240.0,Maret,Expense Maret,MAIZENAKU 1KG,False
PCE-0931,2026-03-17,Tepung Segitiga Premium 1kg,4.0,kg,67600.0,0.0,-8962840.0,Maret,Expense Maret,TEPUNG SEGITIGA PREMIUM 1KG,False
PCE-0932,2026-03-17,es,1.0,pax,10000.0,0.0,-8972840.0,Maret,Expense Maret,ES,False
PCE-0933,2026-03-17,Minyak Goreng 800ml,12.0,pcs,186000.0,0.0,-9158840.0,Maret,Expense Maret,MINYAK GORENG 800ML,False
PCE-0934,2026-03-17,Minyak Kita 1L,36.0,pcs,675000.0,0.0,-9833840.0,Maret,Expense Maret,MINYAK KITA 1L,False
PCE-0935,2026-03-17,Hercules Baking Powder 500gr,2.0,kg,53000.0,0.0,-9886840.0,Maret,Expense Maret,HERCULES BAKING POWDER 500GR,False
PCE-0936,2026-03-17,Botol Madu 500 ml,2.0,pcs,140000.0,0.0,-10026840.0,Maret,Expense Maret,BOTOL MADU 500 ML,False
PCE-0937,2026-03-17,Madu,3.0,kg,180000.0,0.0,-10206840.0,Maret,Expense Maret,MADU,False
PCE-0938,2026-03-17,Additional Petty Cash,1.0,time,0.0,5732340.0,-4474500.0,Maret,Expense Maret,ADDITIONAL PETTY CASH,True
PCE-0939,2026-03-18,Mc Lewis Original Mayonnaise 1kg,6.0,pcs,147000.0,0.0,-4621500.0,Maret,Expense Maret,MC LEWIS ORIGINAL MAYONNAISE 1KG,False
PCE-0940,2026-03-18,Cakra Kembar Premium 1kg,5.0,pcs,70000.0,0.0,-4691500.0,Maret,Expense Maret,CAKRA KEMBAR PREMIUM 1KG,False
PCE-0941,2026-03-18,Segitiga Biru Premium 1kg,10.0,pcs,135000.0,0.0,-4826500.0,Maret,Expense Maret,SEGITIGA BIRU PREMIUM 1KG,False
PCE-0942,2026-03-18,Sedotan Yosaky Hitam ,500.0,pcs,18000.0,0.0,-4844500.0,Maret,Expense Maret,SEDOTAN YOSAKY HITAM,False
PCE-0943,2026-03-18,Bogasari Tep. Segitiga Biru 1kg,2.0,pcs,26000.0,0.0,-4870500.0,Maret,Expense Maret,BOGASARI TEP. SEGITIGA BIRU 1KG,False
PCE-0944,2026-03-18,Nutella 1kg,1.0,pcs,189000.0,0.0,-5059500.0,Maret,Expense Maret,NUTELLA 1KG,False
PCE-0945,2026-03-18,Sunflower Oil Orilia 1L,1.0,pcs,77000.0,0.0,-5136500.0,Maret,Expense Maret,SUNFLOWER OIL ORILIA 1L,False
PCE-0946,2026-03-18,es,2.0,pax,20000.0,0.0,-5156500.0,Maret,Expense Maret,ES,False
PCE-0947,2026-03-18,Diamond UHT Full Cream 1 L,24.0,pcs,453600.0,0.0,-5610100.0,Maret,Expense Maret,DIAMOND UHT FULL CREAM 1 L,False
PCE-0948,2026-03-18,Tepung Maizena 1kg,8.0,pax,136000.0,0.0,-5746100.0,Maret,Expense Maret,TEPUNG MAIZENA 1KG,False
PCE-0949,2026-03-18,Paprika Powder 1kg,1.0,kg,87000.0,0.0,-5833100.0,Maret,Expense Maret,PAPRIKA POWDER 1KG,False
PCE-0950,2026-03-18,Anchor Butter 1kg,2.0,pax,340000.0,0.0,-6173100.0,Maret,Expense Maret,ANCHOR BUTTER 1KG,False
PCE-0951,2026-03-18,Anchor Cheese Red Cheddar 84 slices,1.0,pax,154000.0,0.0,-6327100.0,Maret,Expense Maret,ANCHOR CHEESE RED CHEDDAR 84 SLICES,False
PCE-0952,2026-03-18,Garlic Powder 1kg,1.0,kg,50000.0,0.0,-6377100.0,Maret,Expense Maret,GARLIC POWDER 1KG,False
PCE-0953,2026-03-18,Royco Ayam 1kg,2.0,pax,86000.0,0.0,-6463100.0,Maret,Expense Maret,ROYCO AYAM 1KG,False
PCE-0954,2026-03-18,Santos Powder Creamer 1kg ,5.0,pax,220000.0,0.0,-6683100.0,Maret,Expense Maret,SANTOS POWDER CREAMER 1KG,False
PCE-0955,2026-03-18,Cheese Parmesan,2.0,kg,408000.0,0.0,-7091100.0,Maret,Expense Maret,CHEESE PARMESAN,False
PCE-0956,2026-03-18,"Delmonte Sauce Tomat 5,7kg",2.0,jerigen,184000.0,0.0,-7275100.0,Maret,Expense Maret,"DELMONTE SAUCE TOMAT 5,7KG",False
PCE-0957,2026-03-18,"Delmonte Sauce Extra Hot 5,5kg",2.0,jerigen,225000.0,0.0,-7500100.0,Maret,Expense Maret,"DELMONTE SAUCE EXTRA HOT 5,5KG",False
PCE-0958,2026-03-18,Anchor Cheese Red Cheddar 84 slices,1.0,pax,154000.0,0.0,-7654100.0,Maret,Expense Maret,ANCHOR CHEESE RED CHEDDAR 84 SLICES,False
PCE-0959,2026-03-18,Anchor Butter 1kg,2.0,pax,340000.0,0.0,-7994100.0,Maret,Expense Maret,ANCHOR BUTTER 1KG,False
PCE-0960,2026-03-18,Lotus Biscoff Biscuit 250gr ,4.0,pax,192000.0,0.0,-8186100.0,Maret,Expense Maret,LOTUS BISCOFF BISCUIT 250GR,False
PCE-0961,2026-03-18,Butter Unsalted Mini Anchor 7gr,30.0,pcs,120000.0,0.0,-8306100.0,Maret,Expense Maret,BUTTER UNSALTED MINI ANCHOR 7GR,False
PCE-0962,2026-03-18,parkir gluckmart,1.0,x,2000.0,0.0,-8308100.0,Maret,Expense Maret,PARKIR GLUCKMART,False
PCE-0963,2026-03-19,Beras Sedap Wangi 5kg,1.0,pcs,78500.0,0.0,-8386600.0,Maret,Expense Maret,BERAS SEDAP WANGI 5KG,False
PCE-0964,2026-03-19,L'arome Vanilla Susu 500gr,1.0,pcs,242000.0,0.0,-8628600.0,Maret,Expense Maret,L'AROME VANILLA SUSU 500GR,False
PCE-0965,2026-03-19,ongkir shopeexpress intisari,1.0,x,10000.0,0.0,-8638600.0,Maret,Expense Maret,ONGKIR SHOPEEXPRESS INTISARI,False
PCE-0966,2026-03-19,Telur Ayam,10.0,kg,285000.0,0.0,-8923600.0,Maret,Expense Maret,TELUR AYAM,False
PCE-0967,2026-03-19,es,3.0,pax,30000.0,0.0,-8953600.0,Maret,Expense Maret,ES,False
PCE-0968,2026-03-19,Ketumbar Bubuk 500gr,2.0,pcs,63900.0,0.0,-9017500.0,Maret,Expense Maret,KETUMBAR BUBUK 500GR,False
PCE-0969,2026-03-19,Minyak Kita 1L,36.0,pcs,672000.0,0.0,-9689500.0,Maret,Expense Maret,MINYAK KITA 1L,False
PCE-0970,2026-03-19,ongkir lalamove minyak,1.0,x,25000.0,0.0,-9714500.0,Maret,Expense Maret,ONGKIR LALAMOVE MINYAK,False
PCE-0971,2026-03-19,Anchor Unsalted Butter Portion,100.0,pcs,400000.0,0.0,-10114500.0,Maret,Expense Maret,ANCHOR UNSALTED BUTTER PORTION,False
PCE-0972,2026-03-19,parkir gluckmart,1.0,x,2000.0,0.0,-10116500.0,Maret,Expense Maret,PARKIR GLUCKMART,False
PCE-0973,2026-03-19,Cari Peresapan Toilet + Pembuatan Jalur Sedot WC,0.0,,166700.0,0.0,-10283200.0,Maret,Expense Maret,CARI PERESAPAN TOILET + PEMBUATAN JALUR SEDOT WC,False
PCE-0974,2026-03-19,Additional Petty Cash,1.0,time,0.0,7082900.0,-3200300.0,Maret,Expense Maret,ADDITIONAL PETTY CASH,True
PCE-0975,2026-03-20,Diamond UHT Choco 1L,3.0,pcs,53700.0,0.0,-3254000.0,Maret,Expense Maret,DIAMOND UHT CHOCO 1L,False
PCE-0976,2026-03-20,N/F Tomat Beef Wh,712.0,gr,19155.0,0.0,-3273155.0,Maret,Expense Maret,N/F TOMAT BEEF WH,False
PCE-0977,2026-03-20,Sunpride Pisang W,922.0,gr,17975.0,0.0,-3291130.0,Maret,Expense Maret,SUNPRIDE PISANG W,False
PCE-0978,2026-03-20,Sunpride Pisang W,808.0,gr,15755.0,0.0,-3306885.0,Maret,Expense Maret,SUNPRIDE PISANG W,False
PCE-0979,2026-03-20,Cakra Kembar Premium 1kg,2.0,pcs,25000.0,0.0,-3331885.0,Maret,Expense Maret,CAKRA KEMBAR PREMIUM 1KG,False
PCE-0980,2026-03-20,Segitiga Biru Premium 1kg,6.0,pcs,71400.0,0.0,-3403285.0,Maret,Expense Maret,SEGITIGA BIRU PREMIUM 1KG,False
PCE-0981,2026-03-20,Befood Beras S/Ramos 5 kg,1.0,pcs,73500.0,0.0,-3476785.0,Maret,Expense Maret,BEFOOD BERAS S/RAMOS 5 KG,False
PCE-0982,2026-03-20,plastic shopbag,2.0,pcs,415.0,0.0,-3477200.0,Maret,Expense Maret,PLASTIC SHOPBAG,False
PCE-0983,2026-03-20,es,2.0,pax,20000.0,0.0,-3497200.0,Maret,Expense Maret,ES,False
PCE-0984,2026-03-20,Knop Deep Fryer Nayati,1.0,pcs,74400.0,0.0,-3571600.0,Maret,Expense Maret,KNOP DEEP FRYER NAYATI,False
PCE-0985,2026-03-21,es,2.0,pax,20000.0,0.0,-3591600.0,Maret,Expense Maret,ES,False
PCE-0986,2026-03-21,Es Krim Vanilla 8L,1.0,pcs,188100.0,0.0,-3779700.0,Maret,Expense Maret,ES KRIM VANILLA 8L,False
PCE-0987,2026-03-22,"Ciao Pomodori Pelatti 2,55kg",1.0,pcs,104500.0,0.0,-3884200.0,Maret,Expense Maret,"CIAO POMODORI PELATTI 2,55KG",False
PCE-0988,2026-03-22,Millac Gold Whipping Cream 1L,2.0,pcs,171000.0,0.0,-4055200.0,Maret,Expense Maret,MILLAC GOLD WHIPPING CREAM 1L,False
PCE-0989,2026-03-22,Koleman Gherkin 720gr,1.0,pcs,60000.0,0.0,-4115200.0,Maret,Expense Maret,KOLEMAN GHERKIN 720GR,False
PCE-0990,2026-03-22,ongkir shopeexpress rnb,1.0,x,17000.0,0.0,-4132200.0,Maret,Expense Maret,ONGKIR SHOPEEXPRESS RNB,False
PCE-0991,2026-03-22,Segitiga Biru Premium 1kg,8.0,pcs,124000.0,0.0,-4256200.0,Maret,Expense Maret,SEGITIGA BIRU PREMIUM 1KG,False
PCE-0992,2026-03-22,Ultramilk 1L UHT,8.0,pcs,164000.0,0.0,-4420200.0,Maret,Expense Maret,ULTRAMILK 1L UHT,False
PCE-0993,2026-03-22,Honika Maizena 500gr,6.0,pcs,84000.0,0.0,-4504200.0,Maret,Expense Maret,HONIKA MAIZENA 500GR,False
PCE-0994,2026-03-22,ongkir shopeexpress citrouli,1.0,x,7000.0,0.0,-4511200.0,Maret,Expense Maret,ONGKIR SHOPEEXPRESS CITROULI,False
PCE-0995,2026-03-22,Hoki Beras 5kg,1.0,pcs,73500.0,0.0,-4584700.0,Maret,Expense Maret,HOKI BERAS 5KG,False
PCE-0996,2026-03-22,Delmonte Chili Extra Hot 9gr,600.0,pcs,117500.0,0.0,-4702200.0,Maret,Expense Maret,DELMONTE CHILI EXTRA HOT 9GR,False
PCE-0997,2026-03-22,ongkir shopeexpress lottemart,1.0,x,15000.0,0.0,-4717200.0,Maret,Expense Maret,ONGKIR SHOPEEXPRESS LOTTEMART,False
PCE-0998,2026-03-22,es,2.0,pax,20000.0,0.0,-4737200.0,Maret,Expense Maret,ES,False
PCE-0999,2026-03-22,Aqua Asli,3.0,pcs,69000.0,0.0,-4806200.0,Maret,Expense Maret,AQUA ASLI,False
PCE-1000,2026-03-22,Air Isi Ulang,1.0,pcs,9000.0,0.0,-4815200.0,Maret,Expense Maret,AIR ISI ULANG,False
PCE-1001,2026-03-23,Es Krim Vanilla 8L,1.0,pcs,192100.0,0.0,-5007300.0,Maret,Expense Maret,ES KRIM VANILLA 8L,False
PCE-1002,2026-03-23,Minyak Resto 1L,4.0,pcs,84000.0,0.0,-5091300.0,Maret,Expense Maret,MINYAK RESTO 1L,False
PCE-1003,2026-03-23,Cup Sambung 35ml LUX,250.0,pcs,45000.0,0.0,-5136300.0,Maret,Expense Maret,CUP SAMBUNG 35ML LUX,False
PCE-1004,2026-03-23,Segitiga Biru Premium 1kg,6.0,pcs,81000.0,0.0,-5217300.0,Maret,Expense Maret,SEGITIGA BIRU PREMIUM 1KG,False
PCE-1005,2026-03-23,Bola Deli Maizena 500gr,10.0,pcs,95000.0,0.0,-5312300.0,Maret,Expense Maret,BOLA DELI MAIZENA 500GR,False
PCE-1006,2026-03-23,Cakra Kembar Premium 1kg,4.0,pcs,56000.0,0.0,-5368300.0,Maret,Expense Maret,CAKRA KEMBAR PREMIUM 1KG,False
PCE-1007,2026-03-23,Grandairy UHT FC 1L,12.0,pcs,203500.0,0.0,-5571800.0,Maret,Expense Maret,GRANDAIRY UHT FC 1L,False
PCE-1008,2026-03-23,Indomilk UHT Chocolate 900 ml,2.0,pcs,29900.0,0.0,-5601700.0,Maret,Expense Maret,INDOMILK UHT CHOCOLATE 900 ML,False
PCE-1009,2026-03-23,Grandairy UHT F/C 1 L,3.0,pcs,50700.0,0.0,-5652400.0,Maret,Expense Maret,GRANDAIRY UHT F/C 1 L,False
PCE-1010,2026-03-23,Sunpride Pisang W,590.0,gr,15870.0,0.0,-5668270.0,Maret,Expense Maret,SUNPRIDE PISANG W,False
PCE-1011,2026-03-23,plastic shopbag,1.0,pcs,230.0,0.0,-5668500.0,Maret,Expense Maret,PLASTIC SHOPBAG,False
PCE-1012,2026-03-23,Sunflower Oil Orilia 1L,1.0,pcs,77000.0,0.0,-5745500.0,Maret,Expense Maret,SUNFLOWER OIL ORILIA 1L,False
PCE-1013,2026-03-23,Nutella 1kg,1.0,pcs,189000.0,0.0,-5934500.0,Maret,Expense Maret,NUTELLA 1KG,False
PCE-1014,2026-03-23,Maizenaku 300gr,3.0,pcs,39000.0,0.0,-5973500.0,Maret,Expense Maret,MAIZENAKU 300GR,False
PCE-1015,2026-03-23,Skippy Chnky Pnut Btter 340gr,1.0,pcs,52000.0,0.0,-6025500.0,Maret,Expense Maret,SKIPPY CHNKY PNUT BTTER 340GR,False
PCE-1016,2026-03-23,parkir gluckmart,1.0,x,2000.0,0.0,-6027500.0,Maret,Expense Maret,PARKIR GLUCKMART,False
PCE-1017,2026-03-23,Delmonte Sambl 8 gr,144.0,pcs,35400.0,0.0,-6062900.0,Maret,Expense Maret,DELMONTE SAMBL 8 GR,False
PCE-1018,2026-03-23,Mc Lewis Original Mayonnaise 1kg,8.0,pcs,173600.0,0.0,-6236500.0,Maret,Expense Maret,MC LEWIS ORIGINAL MAYONNAISE 1KG,False
PCE-1019,2026-03-23,es,2.0,pax,20000.0,0.0,-6256500.0,Maret,Expense Maret,ES,False
PCE-1020,2026-03-23,Coffee Clean Bubuk (Laju),450.0,gr,165000.0,0.0,-6421500.0,Maret,Expense Maret,COFFEE CLEAN BUBUK (LAJU),False
PCE-1021,2026-03-23,Mosa Soda Charger ,20.0,pcs,154000.0,0.0,-6575500.0,Maret,Expense Maret,MOSA SODA CHARGER,False
PCE-1022,2026-03-23,Powder Red Velvet Denali 800 gr,1.0,pcs,133200.0,0.0,-6708700.0,Maret,Expense Maret,POWDER RED VELVET DENALI 800 GR,False
PCE-1023,2026-03-23,La Fonte Macaroni 500gr,5.0,pcs,93600.0,0.0,-6802300.0,Maret,Expense Maret,LA FONTE MACARONI 500GR,False
PCE-1024,2026-03-24,Es Krim Vanilla 8L,1.0,pcs,192105.0,0.0,-6994405.0,Maret,Expense Maret,ES KRIM VANILLA 8L,False
PCE-1025,2026-03-24,Minyak Resto 1L,18.0,pcs,345000.0,0.0,-7339405.0,Maret,Expense Maret,MINYAK RESTO 1L,False
PCE-1026,2026-03-24,Anchor Unsalted Butter Portion,50.0,pcs,125000.0,0.0,-7464405.0,Maret,Expense Maret,ANCHOR UNSALTED BUTTER PORTION,False
PCE-1027,2026-03-24,Segitiga Biru Premium 1kg,10.0,pcs,135000.0,0.0,-7599405.0,Maret,Expense Maret,SEGITIGA BIRU PREMIUM 1KG,False
PCE-1028,2026-03-24,Cakra Kembar Premium 1kg,7.0,pcs,98000.0,0.0,-7697405.0,Maret,Expense Maret,CAKRA KEMBAR PREMIUM 1KG,False
PCE-1029,2026-03-24,Hercules Baking Powder Repack 1kg,1.0,pcs,49000.0,0.0,-7746405.0,Maret,Expense Maret,HERCULES BAKING POWDER REPACK 1KG,False
PCE-1030,2026-03-24,Hercules Baking Powder Repack 500gr,2.0,pcs,50000.0,0.0,-7796405.0,Maret,Expense Maret,HERCULES BAKING POWDER REPACK 500GR,False
PCE-1031,2026-03-24,Zeelandia L'arome Vanilla Susu 40gr,5.0,pcs,152500.0,0.0,-7948905.0,Maret,Expense Maret,ZEELANDIA L'AROME VANILLA SUSU 40GR,False
PCE-1032,2026-03-24,Millac Gold Whipping Cream 1L,2.0,pcs,169000.0,0.0,-8117905.0,Maret,Expense Maret,MILLAC GOLD WHIPPING CREAM 1L,False
PCE-1033,2026-03-24,Desaku Kunyit Bubuk 250gr,1.0,pcs,37500.0,0.0,-8155405.0,Maret,Expense Maret,DESAKU KUNYIT BUBUK 250GR,False
PCE-1034,2026-03-24,Yutakachi Parsley 250gr,1.0,pcs,53500.0,0.0,-8208905.0,Maret,Expense Maret,YUTAKACHI PARSLEY 250GR,False
PCE-1035,2026-03-24,Yutakachi Cabai Bubuk Pedas 1kg,1.0,pcs,68500.0,0.0,-8277405.0,Maret,Expense Maret,YUTAKACHI CABAI BUBUK PEDAS 1KG,False
PCE-1036,2026-03-24,Yutakachi Jinten Bubuk 1kg,1.0,pcs,103500.0,0.0,-8380905.0,Maret,Expense Maret,YUTAKACHI JINTEN BUBUK 1KG,False
PCE-1037,2026-03-24,Grandairy Full Cream 1L,1.0,pcs,203500.0,0.0,-8584405.0,Maret,Expense Maret,GRANDAIRY FULL CREAM 1L,False
PCE-1038,2026-03-24,parkir toko gedhe,1.0,x,2000.0,0.0,-8586405.0,Maret,Expense Maret,PARKIR TOKO GEDHE,False
PCE-1039,2026-03-24,Fortune Beras Premium 5kg,2.0,pcs,149000.0,0.0,-8735405.0,Maret,Expense Maret,FORTUNE BERAS PREMIUM 5KG,False
PCE-1040,2026-03-24,parkir superindo,1.0,x,2000.0,0.0,-8737405.0,Maret,Expense Maret,PARKIR SUPERINDO,False
PCE-1041,2026-03-24,Minyak Rizky 800ml,22.0,pcs,418000.0,0.0,-9155405.0,Maret,Expense Maret,MINYAK RIZKY 800ML,False
PCE-1042,2026-03-24,parkir toko kelontong,1.0,x,2000.0,0.0,-9157405.0,Maret,Expense Maret,PARKIR TOKO KELONTONG,False
PCE-1043,2026-03-24,es,2.0,pax,20000.0,0.0,-9177405.0,Maret,Expense Maret,ES,False
PCE-1044,2026-03-24,Paha Atas,5.0,kg,225000.0,0.0,-9402405.0,Maret,Expense Maret,PAHA ATAS,False
PCE-1045,2026-03-24,Paha Bawah,5.0,kg,225000.0,0.0,-9627405.0,Maret,Expense Maret,PAHA BAWAH,False
PCE-1046,2026-03-24,Maizenaku 1kg,8.0,pcs,203000.0,0.0,-9830405.0,Maret,Expense Maret,MAIZENAKU 1KG,False
PCE-1047,2026-03-24,La Fonte Macaroni 500gr,5.0,pcs,93600.0,0.0,-9924005.0,Maret,Expense Maret,LA FONTE MACARONI 500GR,False
PCE-1048,2026-03-24,Iceberg Lettuce,1.0,kg,30000.0,0.0,-9954005.0,Maret,Expense Maret,ICEBERG LETTUCE,False
PCE-1049,2026-03-24,Cabai Rawit,500.0,gr,50000.0,0.0,-10004005.0,Maret,Expense Maret,CABAI RAWIT,False
PCE-1050,2026-03-24,Lotus Biscoff Biscuit 250gr,3.0,pax,144000.0,0.0,-10148005.0,Maret,Expense Maret,LOTUS BISCOFF BISCUIT 250GR,False
PCE-1051,2026-03-25,L'arome Vanilla 500gr,1.0,pcs,240500.0,0.0,-10388505.0,Maret,Expense Maret,L'AROME VANILLA 500GR,False
PCE-1052,2026-03-25,es,2.0,pax,20000.0,0.0,-10408505.0,Maret,Expense Maret,ES,False
PCE-1053,2026-03-25,Gagang Pel Putar,1.0,pcs,51000.0,0.0,-10459505.0,Maret,Expense Maret,GAGANG PEL PUTAR,False
PCE-1054,2026-03-25,Pisang Cavendish,1.8,kg,54000.0,0.0,-10513505.0,Maret,Expense Maret,PISANG CAVENDISH,False
PCE-1055,2026-03-25,Lemon,2.0,kg,110000.0,0.0,-10623505.0,Maret,Expense Maret,LEMON,False
PCE-1056,2026-03-26,Kraft Cheddar All in One 1 kg,1.0,pcs,170000.0,0.0,-10793505.0,Maret,Expense Maret,KRAFT CHEDDAR ALL IN ONE 1 KG,False
PCE-1057,2026-03-26,Indomilk UHT 950ml,12.0,pcs,221500.0,0.0,-11015005.0,Maret,Expense Maret,INDOMILK UHT 950ML,False
PCE-1058,2026-03-26,Grandairy Full Cream 1L,36.0,pcs,610500.0,0.0,-11625505.0,Maret,Expense Maret,GRANDAIRY FULL CREAM 1L,False
PCE-1059,2026-03-26,Van Houten Cocoa Powder 165gr,2.0,pcs,98000.0,0.0,-11723505.0,Maret,Expense Maret,VAN HOUTEN COCOA POWDER 165GR,False
PCE-1060,2026-03-26,Ultra UHT Chocolate 1000ml,3.0,pcs,63000.0,0.0,-11786505.0,Maret,Expense Maret,ULTRA UHT CHOCOLATE 1000ML,False
PCE-1061,2026-03-26,Mc Lewis Original Mayonnaise 1kg,4.0,pcs,98000.0,0.0,-11884505.0,Maret,Expense Maret,MC LEWIS ORIGINAL MAYONNAISE 1KG,False
PCE-1062,2026-03-26,Nutella 1kg,1.0,pcs,189000.0,0.0,-12073505.0,Maret,Expense Maret,NUTELLA 1KG,False
PCE-1063,2026-03-26,Skippy Chnky Pnut Btter 340gr,1.0,pcs,52000.0,0.0,-12125505.0,Maret,Expense Maret,SKIPPY CHNKY PNUT BTTER 340GR,False
PCE-1064,2026-03-26,Millac Gold Whipping Cream 1L,1.0,pcs,79000.0,0.0,-12204505.0,Maret,Expense Maret,MILLAC GOLD WHIPPING CREAM 1L,False
PCE-1065,2026-03-26,Aqua Asli,1.0,pcs,23000.0,0.0,-12227505.0,Maret,Expense Maret,AQUA ASLI,False
PCE-1066,2026-03-26,Air Isi Ulang,1.0,pcs,7000.0,0.0,-12234505.0,Maret,Expense Maret,AIR ISI ULANG,False
PCE-1067,2026-03-26,es,1.0,pax,10000.0,0.0,-12244505.0,Maret,Expense Maret,ES,False
PCE-1068,2026-03-26,Additional Petty Cash,1.0,time,0.0,12544505.0,300000.0,Maret,Expense Maret,ADDITIONAL PETTY CASH,True
PCE-1069,2026-03-26,Refund Change Order Customer (GoStore - Cash),0.0,,11000.0,0.0,289000.0,Maret,Expense Maret,REFUND CHANGE ORDER CUSTOMER (GOSTORE - CASH),False
PCE-1070,2026-03-27,Belibis Cuka Dapur 650ml,1.0,pcs,11000.0,0.0,278000.0,Maret,Expense Maret,BELIBIS CUKA DAPUR 650ML,False
PCE-1071,2026-03-27,L'arome Vanilla Susu 500gr,1.0,pcs,242000.0,0.0,36000.0,Maret,Expense Maret,L'AROME VANILLA SUSU 500GR,False
PCE-1072,2026-03-27,Indomilk UHT Plain 950ml,7.0,pcs,129500.0,0.0,-93500.0,Maret,Expense Maret,INDOMILK UHT PLAIN 950ML,False
PCE-1073,2026-03-27,Maizenaku 1kg,2.0,pcs,40000.0,0.0,-133500.0,Maret,Expense Maret,MAIZENAKU 1KG,False
PCE-1074,2026-03-27,Bogasari Tep. Segitiga Biru 1kg,6.0,pcs,78000.0,0.0,-211500.0,Maret,Expense Maret,BOGASARI TEP. SEGITIGA BIRU 1KG,False
PCE-1075,2026-03-27,Minyak Selfie 1L,24.0,pcs,452000.0,0.0,-663500.0,Maret,Expense Maret,MINYAK SELFIE 1L,False
PCE-1076,2026-03-27,Minyak Kita 1L,12.0,pcs,227000.0,0.0,-890500.0,Maret,Expense Maret,MINYAK KITA 1L,False
PCE-1077,2026-03-27,Btter Unslted Mni Anchor 7gr,50.0,pcs,203000.0,0.0,-1093500.0,Maret,Expense Maret,BTTER UNSLTED MNI ANCHOR 7GR,False
PCE-1078,2026-03-27,es,1.0,pax,10000.0,0.0,-1103500.0,Maret,Expense Maret,ES,False
PCE-1079,2026-03-27,Straightcut 2kg x 6 Polos,24.0,pack,1392000.0,0.0,-2495500.0,Maret,Expense Maret,STRAIGHTCUT 2KG X 6 POLOS,False
PCE-1080,2026-03-27,Tepung Maizena 1kg,10.0,pack,170000.0,0.0,-2665500.0,Maret,Expense Maret,TEPUNG MAIZENA 1KG,False
PCE-1081,2026-03-27,La Fonte Macaroni 500gr ,8.0,pcs,131200.0,0.0,-2796700.0,Maret,Expense Maret,LA FONTE MACARONI 500GR,False
PCE-1082,2026-03-27,Anchor Butter 1kg,5.0,pax,850000.0,0.0,-3646700.0,Maret,Expense Maret,ANCHOR BUTTER 1KG,False
PCE-1083,2026-03-27,Salted Caramel Denali 700ml,1.0,pcs,104500.0,0.0,-3751200.0,Maret,Expense Maret,SALTED CARAMEL DENALI 700ML,False
PCE-1084,2026-03-28,Es Krim Vanilla 8L,1.0,pcs,202100.0,0.0,-3953300.0,Maret,Expense Maret,ES KRIM VANILLA 8L,False
PCE-1085,2026-03-28,Minyak Kita 1L,12.0,pcs,226000.0,0.0,-4179300.0,Maret,Expense Maret,MINYAK KITA 1L,False
PCE-1086,2026-03-28,Telur Ayam,2.0,kg,55000.0,0.0,-4234300.0,Maret,Expense Maret,TELUR AYAM,False
PCE-1087,2026-03-28,Beras Sedap Wangi 5kg,2.0,pcs,157000.0,0.0,-4391300.0,Maret,Expense Maret,BERAS SEDAP WANGI 5KG,False
PCE-1088,2026-03-28,Aqua Asli,1.0,pcs,23000.0,0.0,-4414300.0,Maret,Expense Maret,AQUA ASLI,False
PCE-1089,2026-03-28,Air Isi Ulang,1.0,pcs,7000.0,0.0,-4421300.0,Maret,Expense Maret,AIR ISI ULANG,False
PCE-1090,2026-03-28,Telur Ayam,15.0,kg,397500.0,26500.0,-4792300.0,Maret,Expense Maret,TELUR AYAM,False
PCE-1091,2026-03-28,es,2.0,pax,20000.0,0.0,-4812300.0,Maret,Expense Maret,ES,False
PCE-1092,2026-03-28,Indomilk UHT 950ml,12.0,pcs,221500.0,0.0,-5033800.0,Maret,Expense Maret,INDOMILK UHT 950ML,False
PCE-1093,2026-03-28,Segitiga Biru Premium 1kg,5.0,pcs,67500.0,0.0,-5101300.0,Maret,Expense Maret,SEGITIGA BIRU PREMIUM 1KG,False
PCE-1094,2026-03-28,Cakra Kembar Premium 1kg,5.0,pcs,70000.0,0.0,-5171300.0,Maret,Expense Maret,CAKRA KEMBAR PREMIUM 1KG,False
PCE-1095,2026-03-28,Ultramilk 1L UHT Chocolate,3.0,pcs,63000.0,0.0,-5234300.0,Maret,Expense Maret,ULTRAMILK 1L UHT CHOCOLATE,False
PCE-1096,2026-03-28,Millac Gold Whipping Cream 1L,2.0,pcs,169000.0,0.0,-5403300.0,Maret,Expense Maret,MILLAC GOLD WHIPPING CREAM 1L,False
PCE-1097,2026-03-28,UHT Diamond Full Cream 1L,3.0,pcs,66000.0,0.0,-5469300.0,Maret,Expense Maret,UHT DIAMOND FULL CREAM 1L,False
PCE-1098,2026-03-28,parkir gluckmart,1.0,x,2000.0,0.0,-5471300.0,Maret,Expense Maret,PARKIR GLUCKMART,False
PCE-1099,2026-03-28,Tepung Segitiga Premium 1kg,6.0,pcs,106000.0,0.0,-5577300.0,Maret,Expense Maret,TEPUNG SEGITIGA PREMIUM 1KG,False
PCE-1100,2026-03-28,Kresek PE Bening Size24,4.0,pax,56000.0,0.0,-5633300.0,Maret,Expense Maret,KRESEK PE BENING SIZE24,False
PCE-1101,2026-03-28,Kresek PE Bening Size28,4.0,pax,80000.0,0.0,-5713300.0,Maret,Expense Maret,KRESEK PE BENING SIZE28,False
PCE-1102,2026-03-28,ongkir shopeexpress toko enampuluh,1.0,x,7000.0,0.0,-5720300.0,Maret,Expense Maret,ONGKIR SHOPEEXPRESS TOKO ENAMPULUH,False
PCE-1103,2026-03-28,Kikkoman Gochujang Sauce 300gr,5.0,pcs,117500.0,0.0,-5837800.0,Maret,Expense Maret,KIKKOMAN GOCHUJANG SAUCE 300GR,False
PCE-1104,2026-03-28,Augerkin Koelemen 720ml,2.0,pcs,113000.0,0.0,-5950800.0,Maret,Expense Maret,AUGERKIN KOELEMEN 720ML,False
PCE-1105,2026-03-28,Bawang Putih Kupas,1.0,kg,48000.0,0.0,-5998800.0,Maret,Expense Maret,BAWANG PUTIH KUPAS,False
PCE-1106,2026-03-28,Pisang Cavendish,2.3,kg,69000.0,0.0,-6067800.0,Maret,Expense Maret,PISANG CAVENDISH,False
PCE-1107,2026-03-28,Cabai Teropong Hijau,300.0,gr,15000.0,0.0,-6082800.0,Maret,Expense Maret,CABAI TEROPONG HIJAU,False
PCE-1108,2026-03-28,Isi Token Listrik Gudang via BCA,1.0,time,103000.0,0.0,-6185800.0,Maret,Expense Maret,ISI TOKEN LISTRIK GUDANG VIA BCA,False
PCE-1109,2026-03-29,es,2.0,pax,20000.0,0.0,-6205800.0,Maret,Expense Maret,ES,False
PCE-1110,2026-03-29,Lotus Biscoff Biscuit 250gr ,3.0,pax,144000.0,0.0,-6349800.0,Maret,Expense Maret,LOTUS BISCOFF BISCUIT 250GR,False
PCE-1111,2026-03-29,Cheese Parmesan 500gr,4.0,pax,420000.0,0.0,-6769800.0,Maret,Expense Maret,CHEESE PARMESAN 500GR,False
PCE-1112,2026-03-29,"Ciao Peeled Tomato 2,55kg (1x6)",2.0,can,190000.0,0.0,-6959800.0,Maret,Expense Maret,"CIAO PEELED TOMATO 2,55KG (1X6)",False
PCE-1113,2026-03-29,Milk Carnation 488gr ,2.0,pcs,31000.0,0.0,-6990800.0,Maret,Expense Maret,MILK CARNATION 488GR,False
PCE-1114,2026-03-29,Palm Sugar Powder 1kg,2.0,kg,74000.0,0.0,-7064800.0,Maret,Expense Maret,PALM SUGAR POWDER 1KG,False
PCE-1115,2026-03-29,Isi Token Listrik Atas via TokPed,0.0,,100000.0,0.0,-7164800.0,Maret,Expense Maret,ISI TOKEN LISTRIK ATAS VIA TOKPED,False
PCE-1116,2026-03-30,Aqua Asli,1.0,pcs,23000.0,0.0,-7187800.0,Maret,Expense Maret,AQUA ASLI,False
PCE-1117,2026-03-30,Air Isi Ulang,1.0,pcs,7000.0,0.0,-7194800.0,Maret,Expense Maret,AIR ISI ULANG,False
PCE-1118,2026-03-30,es,1.0,pax,10000.0,0.0,-7204800.0,Maret,Expense Maret,ES,False
PCE-1119,2026-03-31,Bogasari Tep. Segitiga Biru 1kg,9.0,pcs,146700.0,0.0,-7351500.0,Maret,Expense Maret,BOGASARI TEP. SEGITIGA BIRU 1KG,False
PCE-1120,2026-03-31,Minyak Kita 1L,36.0,pcs,681000.0,0.0,-8032500.0,Maret,Expense Maret,MINYAK KITA 1L,False
PCE-1121,2026-03-31,Sendok Spork Hitam Steril ,300.0,pcs,81000.0,0.0,-8113500.0,Maret,Expense Maret,SENDOK SPORK HITAM STERIL,False
PCE-1122,2026-03-31,Cup Sambung 35ml LUX ,600.0,pcs,102000.0,0.0,-8215500.0,Maret,Expense Maret,CUP SAMBUNG 35ML LUX,False
PCE-1123,2026-03-31,es,3.0,pax,30000.0,0.0,-8245500.0,Maret,Expense Maret,ES,False
PCE-1124,2026-04-02,Additional Petty Cash,1.0,time,0.0,8272000.0,26500.0,Maret,Expense Maret,ADDITIONAL PETTY CASH,True
PCE-1125,2026-04-01,Additional Petty Cash,1.0,time,0.0,2000000.0,2000000.0,April,Expense April,ADDITIONAL PETTY CASH,True
PCE-1126,2026-04-01,Stome Gula GMP 1kg,2.0,pcs,40000.0,0.0,1960000.0,April,Expense April,STOME GULA GMP 1KG,False
PCE-1127,2026-04-01,Country Kitchen Original 710ml,3.0,pcs,267000.0,0.0,1693000.0,April,Expense April,COUNTRY KITCHEN ORIGINAL 710ML,False
PCE-1128,2026-04-01,Maizenaku 1kg,5.0,pcs,100000.0,0.0,1593000.0,April,Expense April,MAIZENAKU 1KG,False
PCE-1129,2026-04-01,Bogasari Tep. Cakra Kembar 1kg,6.0,pcs,81000.0,0.0,1512000.0,April,Expense April,BOGASARI TEP. CAKRA KEMBAR 1KG,False
PCE-1130,2026-04-01,Butter Unslted Mni Anchor 10 gr,30.0,pcs,120000.0,0.0,1392000.0,April,Expense April,BUTTER UNSLTED MNI ANCHOR 10 GR,False
PCE-1131,2026-04-01,Nutella 1kg,1.0,pcs,189000.0,0.0,1203000.0,April,Expense April,NUTELLA 1KG,False
PCE-1132,2026-04-01,Sunflower Oil Orilia 1L,1.0,pcs,77000.0,0.0,1126000.0,April,Expense April,SUNFLOWER OIL ORILIA 1L,False
PCE-1133,2026-04-01,Skippy Chunky Peanut Btter 340gr,1.0,pcs,52000.0,0.0,1074000.0,April,Expense April,SKIPPY CHUNKY PEANUT BTTER 340GR,False
PCE-1134,2026-04-01,Aqua Galon,1.0,pcs,23000.0,0.0,1051000.0,April,Expense April,AQUA GALON,False
PCE-1135,2026-04-01,Air Isi Ulang,1.0,pcs,7000.0,0.0,1044000.0,April,Expense April,AIR ISI ULANG,False
PCE-1136,2026-04-01,Iuran Sampah Maret,1.0,time,400000.0,0.0,644000.0,April,Expense April,IURAN SAMPAH MARET,False
PCE-1137,2026-04-01,Refill Gas 50kg,1.0,pcs,836000.0,0.0,-192000.0,April,Expense April,REFILL GAS 50KG,False
PCE-1138,2026-04-02,Es Krim 8L,1.0,pcs,176113.0,0.0,-368113.0,April,Expense April,ES KRIM 8L,False
PCE-1139,2026-04-02,Tao Kae Noi S/Lur Ori 2's,1.0,pcs,18500.0,0.0,-386613.0,April,Expense April,TAO KAE NOI S/LUR ORI 2'S,False
PCE-1140,2026-04-02,Zeelandia L'arome Vanilla Susu 40gr,2.0,pcs,60400.0,0.0,-447013.0,April,Expense April,ZEELANDIA L'AROME VANILLA SUSU 40GR,False
PCE-1141,2026-04-02,Beras Lesung Padi 5kg,1.0,pcs,78500.0,0.0,-525513.0,April,Expense April,BERAS LESUNG PADI 5KG,False
PCE-1142,2026-04-02,Daun Bawang 150gr,1.0,pcs,5900.0,0.0,-531413.0,April,Expense April,DAUN BAWANG 150GR,False
PCE-1143,2026-04-02,365 Kapulaga 25gr,1.0,pcs,12490.0,0.0,-543903.0,April,Expense April,365 KAPULAGA 25GR,False
PCE-1144,2026-04-02,365 Cengkeh 30gr,1.0,pcs,12490.0,0.0,-556393.0,April,Expense April,365 CENGKEH 30GR,False
PCE-1145,2026-04-02,Kara Santan LK.200 ml,2.0,pcs,33580.0,0.0,-589973.0,April,Expense April,KARA SANTAN LK.200 ML,False
PCE-1146,2026-04-02,Prepack Bumbu Dapur,1.0,pcs,1990.0,0.0,-591963.0,April,Expense April,PREPACK BUMBU DAPUR,False
PCE-1147,2026-04-02,Harta/L Terasi 10gr,1.0,pcs,12490.0,0.0,-604453.0,April,Expense April,HARTA/L TERASI 10GR,False
PCE-1148,2026-04-02,Wortel Berastagi,170.0,gr,5595.0,0.0,-610048.0,April,Expense April,WORTEL BERASTAGI,False
PCE-1149,2026-04-02,plastic shopbag,1.0,pcs,200.0,0.0,-610248.0,April,Expense April,PLASTIC SHOPBAG,False
PCE-1150,2026-04-02,parkir superindo,1.0,time,2000.0,0.0,-612248.0,April,Expense April,PARKIR SUPERINDO,False
PCE-1151,2026-04-02,es,1.0,pack,10000.0,0.0,-622248.0,April,Expense April,ES,False
PCE-1152,2026-04-02,Grandairy UHT FC 1L ,36.0,pcs,568500.0,0.0,-1190748.0,April,Expense April,GRANDAIRY UHT FC 1L,False
PCE-1153,2026-04-02,Refund Order Customer (qris - cash),0.0,,7000.0,0.0,-1197748.0,April,Expense April,REFUND ORDER CUSTOMER (QRIS - CASH),False
PCE-1154,2026-04-03,Kikkoman Gochujang 300gr,8.0,pcs,224000.0,0.0,-1421748.0,April,Expense April,KIKKOMAN GOCHUJANG 300GR,False
PCE-1155,2026-04-03,ongkir shopeexpress r&b,0.0,,5000.0,0.0,-1426748.0,April,Expense April,ONGKIR SHOPEEXPRESS R&B,False
PCE-1156,2026-04-03,Maizenaku 1kg,6.0,pcs,120000.0,0.0,-1546748.0,April,Expense April,MAIZENAKU 1KG,False
PCE-1157,2026-04-03,Bogasari Tep. Cakra Kembar 1kg,8.0,pcs,104000.0,0.0,-1650748.0,April,Expense April,BOGASARI TEP. CAKRA KEMBAR 1KG,False
PCE-1158,2026-04-03,L'arome Vanilla Susu 500gr,1.0,pcs,242000.0,0.0,-1892748.0,April,Expense April,L'AROME VANILLA SUSU 500GR,False
PCE-1159,2026-04-03,Country Kitchen Original 710ml,3.0,pcs,267000.0,0.0,-2159748.0,April,Expense April,COUNTRY KITCHEN ORIGINAL 710ML,False
PCE-1160,2026-04-03,ongkir shopeexpress intisari,1.0,time,7000.0,0.0,-2166748.0,April,Expense April,ONGKIR SHOPEEXPRESS INTISARI,False
PCE-1161,2026-04-03,Aqua Galon,1.0,pcs,23000.0,0.0,-2189748.0,April,Expense April,AQUA GALON,False
PCE-1162,2026-04-03,es,2.0,pack,20000.0,0.0,-2209748.0,April,Expense April,ES,False
PCE-1163,2026-04-03,Ceker Ayam,500.0,gr,13000.0,0.0,-2222748.0,April,Expense April,CEKER AYAM,False
PCE-1164,2026-04-03,Lettuce Iceberg,1.0,kg,30000.0,0.0,-2252748.0,April,Expense April,LETTUCE ICEBERG,False
PCE-1165,2026-04-03,Lemon,2.0,kg,110000.0,0.0,-2362748.0,April,Expense April,LEMON,False
PCE-1166,2026-04-03,Additional Petty Cash,1.0,time,0.0,2843748.0,481000.0,April,Expense April,ADDITIONAL PETTY CASH,True
PCE-1167,2026-04-04,Es Krim 8L,1.0,pcs,176113.0,0.0,304887.0,April,Expense April,ES KRIM 8L,False
PCE-1168,2026-04-04,Minyak Kita 1L,36.0,pcs,693000.0,0.0,-388113.0,April,Expense April,MINYAK KITA 1L,False
PCE-1169,2026-04-04,Mc Lewis Mayonnaise 1kg,5.0,pcs,120000.0,0.0,-508113.0,April,Expense April,MC LEWIS MAYONNAISE 1KG,False
PCE-1170,2026-04-04,Country Kitchen Original 710ml,3.0,pcs,267000.0,0.0,-775113.0,April,Expense April,COUNTRY KITCHEN ORIGINAL 710ML,False
PCE-1171,2026-04-04,L'arome Vanilla Susu 500gr,1.0,pcs,242000.0,0.0,-1017113.0,April,Expense April,L'AROME VANILLA SUSU 500GR,False
PCE-1172,2026-04-04,ongkir shopeexpress intisari,1.0,x,7000.0,0.0,-1024113.0,April,Expense April,ONGKIR SHOPEEXPRESS INTISARI,False
PCE-1173,2026-04-04,Aqua Galon,1.0,pcs,23000.0,0.0,-1047113.0,April,Expense April,AQUA GALON,False
PCE-1174,2026-04-04,es,3.0,pax,30000.0,0.0,-1077113.0,April,Expense April,ES,False
PCE-1175,2026-04-04,Jahe Putih 1kg,1.0,pcs,66550.0,0.0,-1143663.0,April,Expense April,JAHE PUTIH 1KG,False
PCE-1176,2026-04-04,Bawang Bombay,5.0,kg,160000.0,0.0,-1303663.0,April,Expense April,BAWANG BOMBAY,False
PCE-1177,2026-04-04,Beras Ladang Pangan 5kg,2.0,pcs,158000.0,0.0,-1461663.0,April,Expense April,BERAS LADANG PANGAN 5KG,False
PCE-1178,2026-04-04,Minyak Kita 1L,12.0,pcs,238000.0,0.0,-1699663.0,April,Expense April,MINYAK KITA 1L,False
PCE-1179,2026-04-04,Paha Atas,5.0,kg,185000.0,0.0,-1884663.0,April,Expense April,PAHA ATAS,False
PCE-1180,2026-04-04,Paha Bawah,5.0,kg,185000.0,0.0,-2069663.0,April,Expense April,PAHA BAWAH,False
PCE-1181,2026-04-04,Dada Fillet,3.0,kg,144000.0,0.0,-2213663.0,April,Expense April,DADA FILLET,False
PCE-1182,2026-04-04,Sunpride Pisang Cavendish,828.0,gr,22275.0,0.0,-2235938.0,April,Expense April,SUNPRIDE PISANG CAVENDISH,False
PCE-1183,2026-04-04,Sunpride Pisang Cavendish,610.0,gr,16410.0,0.0,-2252348.0,April,Expense April,SUNPRIDE PISANG CAVENDISH,False
PCE-1184,2026-04-04,Ultamilk UHT Chocolate 1L,6.0,pcs,111340.0,0.0,-2363688.0,April,Expense April,ULTAMILK UHT CHOCOLATE 1L,False
PCE-1185,2026-04-04,CSA Keran Brl Water Tap Satine,1.0,pcs,115000.0,0.0,-2478688.0,April,Expense April,CSA KERAN BRL WATER TAP SATINE,False
PCE-1186,2026-04-04,Shopeexpress Hasil Trial Mie Curry ke MasRizal FDak - KJ,1.0,x,7000.0,0.0,-2485688.0,April,Expense April,SHOPEEXPRESS HASIL TRIAL MIE CURRY KE MASRIZAL FDAK - KJ,False
PCE-1187,2026-04-05,Promag Tab 10s Strip 3s,1.0,strip,9719.0,0.0,-2495407.0,April,Expense April,PROMAG TAB 10S STRIP 3S,False
PCE-1188,2026-04-05,Alpara Capl 10s Strip 15s,1.0,strip,10718.0,0.0,-2506125.0,April,Expense April,ALPARA CAPL 10S STRIP 15S,False
PCE-1189,2026-04-05,Panadol Extra Capsul 100s,1.0,strip,14763.0,0.0,-2520888.0,April,Expense April,PANADOL EXTRA CAPSUL 100S,False
PCE-1190,2026-04-05,Colatta Chocochips 100gr Compound,5.0,pcs,49000.0,0.0,-2569888.0,April,Expense April,COLATTA CHOCOCHIPS 100GR COMPOUND,False
PCE-1191,2026-04-05,UHT Diamond Full Cream 1L,12.0,pcs,264000.0,0.0,-2833888.0,April,Expense April,UHT DIAMOND FULL CREAM 1L,False
PCE-1192,2026-04-05,es,2.0,pack,20000.0,0.0,-2853888.0,April,Expense April,ES,False
PCE-1193,2026-04-05,La Fonte Macaroni 500gr ,8.0,pack,131200.0,0.0,-2985088.0,April,Expense April,LA FONTE MACARONI 500GR,False
PCE-1194,2026-04-06,Nutella 1kg,1.0,pcs,189000.0,0.0,-3174088.0,April,Expense April,NUTELLA 1KG,False
PCE-1195,2026-04-06,Sunflower Oil Orilia 1L,1.0,pcs,77000.0,0.0,-3251088.0,April,Expense April,SUNFLOWER OIL ORILIA 1L,False
PCE-1196,2026-04-06,Skippy Chunky Peanut Btter 340gr,1.0,pcs,52000.0,0.0,-3303088.0,April,Expense April,SKIPPY CHUNKY PEANUT BTTER 340GR,False
PCE-1197,2026-04-06,es,1.0,pack,10000.0,0.0,-3313088.0,April,Expense April,ES,False
PCE-1198,2026-04-06,Sedotan Bubble Hitam,400.0,pcs,12800.0,0.0,-3325888.0,April,Expense April,SEDOTAN BUBBLE HITAM,False
PCE-1199,2026-04-06,Isi Paket Data HP Toko via BCA,1.0,pax,36000.0,0.0,-3361888.0,April,Expense April,ISI PAKET DATA HP TOKO VIA BCA,False
PCE-1200,2026-04-06,Garam Refina 250gr x 40,40.0,pcs,160000.0,0.0,-3521888.0,April,Expense April,GARAM REFINA 250GR X 40,False
PCE-1201,2026-04-06,Isi Token Listrik Atas via Tokped,1.0,x,50000.0,0.0,-3571888.0,April,Expense April,ISI TOKEN LISTRIK ATAS VIA TOKPED,False
PCE-1202,2026-04-06,Isi Token Listrik Atas via BCA,1.0,x,503000.0,0.0,-4074888.0,April,Expense April,ISI TOKEN LISTRIK ATAS VIA BCA,False
PCE-1203,2026-04-06,Makan GC,9.0,org,225000.0,0.0,-4299888.0,April,Expense April,MAKAN GC,False
PCE-1204,2026-04-06,Hit Ars 400 Cotton Pwd,1.0,pcs,23488.0,0.0,-4323376.0,April,Expense April,HIT ARS 400 COTTON PWD,False
PCE-1205,2026-04-06,Stella Ars 175 Balinese Jasmine,1.0,pcs,15300.0,0.0,-4338676.0,April,Expense April,STELLA ARS 175 BALINESE JASMINE,False
PCE-1206,2026-04-06,MM Clear RF 400 Blue,2.0,pcs,6080.0,0.0,-4344756.0,April,Expense April,MM CLEAR RF 400 BLUE,False
PCE-1207,2026-04-06,So Soft Det Liq Bt 700 Rose&Wtrlily,2.0,pcs,25800.0,0.0,-4370556.0,April,Expense April,SO SOFT DET LIQ BT 700 ROSE&WTRLILY,False
PCE-1208,2026-04-06,Dahlia Napt Fln Frs Flo K.31,1.0,pcs,18830.0,0.0,-4389386.0,April,Expense April,DAHLIA NAPT FLN FRS FLO K.31,False
PCE-1209,2026-04-06,Wipol RF 720G Cemara,2.0,pcs,24224.0,0.0,-4413610.0,April,Expense April,WIPOL RF 720G CEMARA,False
PCE-1210,2026-04-06,plastic shopbag,1.0,pcs,300.0,0.0,-4413910.0,April,Expense April,PLASTIC SHOPBAG,False
PCE-1211,2026-04-06,Spidol Sno K Col,2.0,pcs,2600.0,0.0,-4416510.0,April,Expense April,SPIDOL SNO K COL,False
PCE-1212,2026-04-06,BP Sno V5,1.0,pcs,3000.0,0.0,-4419510.0,April,Expense April,BP SNO V5,False
PCE-1213,2026-04-06,Batt ABC Alk LR06/A2 4+2pcs,1.0,set,30000.0,0.0,-4449510.0,April,Expense April,BATT ABC ALK LR06/A2 4+2PCS,False
PCE-1214,2026-04-06,Batt ABC Alk LR03/A3 4+2pcs,1.0,set,28500.0,0.0,-4478010.0,April,Expense April,BATT ABC ALK LR03/A3 4+2PCS,False
PCE-1215,2026-04-06,Amp J-Plus A 11x24cm/Seal,1.0,pack,21000.0,0.0,-4499010.0,April,Expense April,AMP J-PLUS A 11X24CM/SEAL,False
PCE-1216,2026-04-06,Thermal Forte 57x40,40.0,pcs,118000.0,0.0,-4617010.0,April,Expense April,THERMAL FORTE 57X40,False
PCE-1217,2026-04-06,Tape Nachi 1/2x25,24.0,roll,33000.0,0.0,-4650010.0,April,Expense April,TAPE NACHI 1/2X25,False
PCE-1218,2026-04-07,Minyak Kita 1L,36.0,pcs,711000.0,0.0,-5361010.0,April,Expense April,MINYAK KITA 1L,False
PCE-1219,2026-04-07,Grandairy UHT FC 1L ,24.0,pcs,439600.0,0.0,-5800610.0,April,Expense April,GRANDAIRY UHT FC 1L,False
PCE-1220,2026-04-07,es,2.0,pack,20000.0,0.0,-5820610.0,April,Expense April,ES,False
PCE-1221,2026-04-07,Diamond Ice Cream Vanilla 8L,1.0,box,202000.0,0.0,-6022610.0,April,Expense April,DIAMOND ICE CREAM VANILLA 8L,False
PCE-1222,2026-04-07,UHT Milk Full Cream Sleeve 1000ml,36.0,pcs,642939.0,0.0,-6665549.0,April,Expense April,UHT MILK FULL CREAM SLEEVE 1000ML,False
PCE-1223,2026-04-07,Peanut Butter Creamy 500gr,2.0,pcs,109224.0,0.0,-6774773.0,April,Expense April,PEANUT BUTTER CREAMY 500GR,False
PCE-1224,2026-04-08,Aqua Galon,1.0,pcs,23000.0,0.0,-6797773.0,April,Expense April,AQUA GALON,False
PCE-1225,2026-04-08,Air Isi Ulang,1.0,pcs,7000.0,0.0,-6804773.0,April,Expense April,AIR ISI ULANG,False
PCE-1226,2026-04-08,es,1.0,pack,10000.0,0.0,-6814773.0,April,Expense April,ES,False
PCE-1227,2026-04-08,Lilin,2.0,pack,20000.0,0.0,-6834773.0,April,Expense April,LILIN,False
PCE-1228,2026-04-08,Cabai Rawit,1.0,kg,90000.0,0.0,-6924773.0,April,Expense April,CABAI RAWIT,False
PCE-1229,2026-04-08,Bawang Putih Kupas,1.0,kg,45000.0,0.0,-6969773.0,April,Expense April,BAWANG PUTIH KUPAS,False
PCE-1230,2026-04-08,Lemon,3.0,kg,165000.0,0.0,-7134773.0,April,Expense April,LEMON,False
PCE-1231,2026-04-08,Refund Order Customer (qris - cash),1.0,x,16500.0,0.0,-7151273.0,April,Expense April,REFUND ORDER CUSTOMER (QRIS - CASH),False
PCE-1232,2026-04-08,Beras Ladang Pangan 5kg,1.0,pcs,77000.0,0.0,-7228273.0,April,Expense April,BERAS LADANG PANGAN 5KG,False
PCE-1233,2026-04-08,Telur,2.0,kg,50000.0,0.0,-7278273.0,April,Expense April,TELUR,False
PCE-1234,2026-04-08,Gula Pasir Curah,1.0,kg,18000.0,0.0,-7296273.0,April,Expense April,GULA PASIR CURAH,False
PCE-1235,2026-04-08,Onyx Sendok Cosmic 6 70069 Hitam,4.0,pcs,24000.0,0.0,-7320273.0,April,Expense April,ONYX SENDOK COSMIC 6 70069 HITAM,False
PCE-1236,2026-04-08,Sumpit Gading Htm 24cm,1.0,set,11500.0,0.0,-7331773.0,April,Expense April,SUMPIT GADING HTM 24CM,False
PCE-1237,2026-04-08,N/F Tomat Beef Wh,596.0,gr,17900.0,0.0,-7349673.0,April,Expense April,N/F TOMAT BEEF WH,False
PCE-1238,2026-04-08,parkir superindo,1.0,time,2000.0,0.0,-7351673.0,April,Expense April,PARKIR SUPERINDO,False
PCE-1239,2026-04-08,Gas Portable Refill,6.0,pcs,40000.0,0.0,-7391673.0,April,Expense April,GAS PORTABLE REFILL,False
PCE-1240,2026-04-08,Additional Petty Cash,1.0,time,0.0,7891673.0,500000.0,April,Expense April,ADDITIONAL PETTY CASH,True
PCE-1241,2026-04-09,es,2.0,pack,20000.0,0.0,480000.0,April,Expense April,ES,False
PCE-1242,2026-04-09,Sok Drat Pipa 3/4inch,1.0,pcs,5000.0,0.0,475000.0,April,Expense April,SOK DRAT PIPA 3/4INCH,False
PCE-1243,2026-04-09,Pisang Cavendish Sunpride,1.9109,gr,41900.0,0.0,433100.0,April,Expense April,PISANG CAVENDISH SUNPRIDE,False
PCE-1244,2026-04-09,parkir bumi buah,1.0,time,2000.0,0.0,431100.0,April,Expense April,PARKIR BUMI BUAH,False
PCE-1245,2026-04-09,Knee 3/4,4.0,pcs,22000.0,0.0,409100.0,April,Expense April,KNEE 3/4,False
PCE-1246,2026-04-09,Isarplas,1.0,pcs,12000.0,0.0,397100.0,April,Expense April,ISARPLAS,False
PCE-1247,2026-04-09,SDL 1 x 3/4,1.0,pcs,9000.0,0.0,388100.0,April,Expense April,SDL 1 X 3/4,False
PCE-1248,2026-04-09,"La Costena Chipotle in Sauce 2,8kg",1.0,pcs,519750.0,0.0,-131650.0,April,Expense April,"LA COSTENA CHIPOTLE IN SAUCE 2,8KG",False
PCE-1249,2026-04-09,Sumpit Gading Htm 24cm,1.0,set,46000.0,0.0,-177650.0,April,Expense April,SUMPIT GADING HTM 24CM,False
PCE-1250,2026-04-09,Onyx Sendok Cosmic 6 70069 Hitam,30.0,pcs,180000.0,0.0,-357650.0,April,Expense April,ONYX SENDOK COSMIC 6 70069 HITAM,False
PCE-1251,2026-04-09,ongkir shopeexpress fortuna,1.0,x,10000.0,0.0,-367650.0,April,Expense April,ONGKIR SHOPEEXPRESS FORTUNA,False
PCE-1252,2026-04-09,Refund Order Customer (qris - cash),1.0,x,44000.0,0.0,-411650.0,April,Expense April,REFUND ORDER CUSTOMER (QRIS - CASH),False
PCE-1253,2026-04-10,L'arome Vanilla Susu 500gr,1.0,pcs,255000.0,0.0,-666650.0,April,Expense April,L'AROME VANILLA SUSU 500GR,False
PCE-1254,2026-04-10,Kraft All in 1 Cheddar 2kg,1.0,pcs,145000.0,0.0,-811650.0,April,Expense April,KRAFT ALL IN 1 CHEDDAR 2KG,False
PCE-1255,2026-04-10,Country Kitchen Original 710ml,2.0,pcs,178000.0,0.0,-989650.0,April,Expense April,COUNTRY KITCHEN ORIGINAL 710ML,False
PCE-1256,2026-04-10,Monin Peach Syrup 700ml,1.0,pcs,149000.0,0.0,-1138650.0,April,Expense April,MONIN PEACH SYRUP 700ML,False
PCE-1257,2026-04-10,ongkir shopeexpress intisari,1.0,x,10000.0,0.0,-1148650.0,April,Expense April,ONGKIR SHOPEEXPRESS INTISARI,False
PCE-1258,2026-04-10,Aqua Galon,1.0,pcs,7000.0,0.0,-1155650.0,April,Expense April,AQUA GALON,False
PCE-1259,2026-04-10,Air Isi Ulang,1.0,pcs,23000.0,0.0,-1178650.0,April,Expense April,AIR ISI ULANG,False
PCE-1260,2026-04-10,es,2.0,pack,20000.0,0.0,-1198650.0,April,Expense April,ES,False
PCE-1261,2026-04-10,Refund Order Customer (qris - cash),1.0,x,27500.0,0.0,-1226150.0,April,Expense April,REFUND ORDER CUSTOMER (QRIS - CASH),False
PCE-1262,2026-04-10,Minyak Kuwali 1L,36.0,pcs,717000.0,0.0,-1943150.0,April,Expense April,MINYAK KUWALI 1L,False
PCE-1263,2026-04-10,Telur,2.0,kg,50000.0,0.0,-1993150.0,April,Expense April,TELUR,False
PCE-1264,2026-04-10,Augerkin Koelemen 720ml,2.0,pcs,113000.0,0.0,-2106150.0,April,Expense April,AUGERKIN KOELEMEN 720ML,False
PCE-1265,2026-04-10,Mama/S R/L Pangg1,1.0,pax,50900.0,0.0,-2157050.0,April,Expense April,MAMA/S R/L PANGG1,False
PCE-1266,2026-04-10,Daun Bawang 150gr,1.0,pcs,7950.0,0.0,-2165000.0,April,Expense April,DAUN BAWANG 150GR,False
PCE-1267,2026-04-10,Prepack Bumbu Dapur,1.0,pcs,1990.0,0.0,-2166990.0,April,Expense April,PREPACK BUMBU DAPUR,False
PCE-1268,2026-04-10,Wortel Berastagi,216.0,gr,3435.0,0.0,-2170425.0,April,Expense April,WORTEL BERASTAGI,False
PCE-1269,2026-04-10,Dixi Cuka 650ml,2.0,pcs,39780.0,0.0,-2210205.0,April,Expense April,DIXI CUKA 650ML,False
PCE-1270,2026-04-10,Kara Santan LK.1,1.0,pcs,81990.0,0.0,-2292195.0,April,Expense April,KARA SANTAN LK.1,False
PCE-1271,2026-04-10,plastic shopbag,2.0,pcs,400.0,0.0,-2292595.0,April,Expense April,PLASTIC SHOPBAG,False
PCE-1272,2026-04-10,parkir superindo,1.0,x,2000.0,0.0,-2294595.0,April,Expense April,PARKIR SUPERINDO,False
PCE-1273,2026-04-10,Flasban,2.0,meter,30000.0,0.0,-2324595.0,April,Expense April,FLASBAN,False
PCE-1274,2026-04-10,KM AP 150 1mk A3+,1.0,lbr,15000.0,0.0,-2339595.0,April,Expense April,KM AP 150 1MK A3+,False
PCE-1275,2026-04-10,Finishing Potong,1.0,set,10000.0,0.0,-2349595.0,April,Expense April,FINISHING POTONG,False
PCE-1276,2026-04-11,Pisang Cavendish Sunpride,0.9925,gr,23400.0,0.0,-2372995.0,April,Expense April,PISANG CAVENDISH SUNPRIDE,False
PCE-1277,2026-04-11,parkir bumi buah,1.0,time,2000.0,0.0,-2374995.0,April,Expense April,PARKIR BUMI BUAH,False
PCE-1278,2026-04-11,Es Krim 8L,1.0,box,182110.0,0.0,-2557105.0,April,Expense April,ES KRIM 8L,False
PCE-1279,2026-04-11,Beras Lesung Padi 5kg,1.0,pcs,78500.0,0.0,-2635605.0,April,Expense April,BERAS LESUNG PADI 5KG,False
PCE-1280,2026-04-11,Telur,3.0,kg,76500.0,0.0,-2712105.0,April,Expense April,TELUR,False
PCE-1281,2026-04-11,Bola Deli Maizena 500gr,6.0,pcs,57000.0,0.0,-2769105.0,April,Expense April,BOLA DELI MAIZENA 500GR,False
PCE-1282,2026-04-11,Cakra Kembar Premium 1kg,4.0,pcs,56000.0,0.0,-2825105.0,April,Expense April,CAKRA KEMBAR PREMIUM 1KG,False
PCE-1283,2026-04-11,ongkir shopeexpress toko gedhe,1.0,time,7000.0,0.0,-2832105.0,April,Expense April,ONGKIR SHOPEEXPRESS TOKO GEDHE,False
PCE-1284,2026-04-11,LKK Sesame Oil 115ml,1.0,pcs,47500.0,0.0,-2879605.0,April,Expense April,LKK SESAME OIL 115ML,False
PCE-1285,2026-04-11,parkir gluckmart,1.0,time,2000.0,0.0,-2881605.0,April,Expense April,PARKIR GLUCKMART,False
PCE-1286,2026-04-11,Nutella 1kg,1.0,pcs,189000.0,0.0,-3070605.0,April,Expense April,NUTELLA 1KG,False
PCE-1287,2026-04-11,"Delmonte Saus Tomat 5,7kg",1.0,pcs,97000.0,0.0,-3167605.0,April,Expense April,"DELMONTE SAUS TOMAT 5,7KG",False
PCE-1288,2026-04-11,Bogasari Tep. Cakra Kembar 1kg,8.0,pcs,104000.0,0.0,-3271605.0,April,Expense April,BOGASARI TEP. CAKRA KEMBAR 1KG,False
PCE-1289,2026-04-11,Maizenaku 1kg,6.0,pcs,120000.0,0.0,-3391605.0,April,Expense April,MAIZENAKU 1KG,False
PCE-1290,2026-04-11,ongkir shopeexpress intisari,1.0,x,7000.0,0.0,-3398605.0,April,Expense April,ONGKIR SHOPEEXPRESS INTISARI,False
PCE-1291,2026-04-11,Whipping Cream Millac Gold 1L,1.0,pcs,79000.0,0.0,-3477605.0,April,Expense April,WHIPPING CREAM MILLAC GOLD 1L,False
PCE-1292,2026-04-11,"Star V Whole Peeled Tomatoes 2,5kg",1.0,pcs,98000.0,0.0,-3575605.0,April,Expense April,"STAR V WHOLE PEELED TOMATOES 2,5KG",False
PCE-1293,2026-04-11,parkir gluckmart,1.0,time,2000.0,0.0,-3577605.0,April,Expense April,PARKIR GLUCKMART,False
PCE-1294,2026-04-11,es,1.0,pack,10000.0,0.0,-3587605.0,April,Expense April,ES,False
PCE-1295,2026-04-11,Wortel,3.0,pcs,6500.0,0.0,-3594105.0,April,Expense April,WORTEL,False
PCE-1296,2026-04-11,Daun Bawang,1.0,ikat,3500.0,0.0,-3597605.0,April,Expense April,DAUN BAWANG,False
PCE-1297,2026-04-11,Bawang Merah,150.0,gr,6000.0,0.0,-3603605.0,April,Expense April,BAWANG MERAH,False
PCE-1298,2026-04-11,Ongkir Shopeexpress Print Menu Mie Curry,1.0,x,7000.0,0.0,-3610605.0,April,Expense April,ONGKIR SHOPEEXPRESS PRINT MENU MIE CURRY,False
PCE-1299,2026-04-11,Lettuce Iceberg,1.0,kg,30000.0,0.0,-3640605.0,April,Expense April,LETTUCE ICEBERG,False
PCE-1300,2026-04-11,Ongkir Giri Jaya Express Mapple Syrup,1.0,x,125000.0,0.0,-3765605.0,April,Expense April,ONGKIR GIRI JAYA EXPRESS MAPPLE SYRUP,False
PCE-1301,2026-04-11,Starindo Cup Polos 14oz,100.0,pcs,31900.0,0.0,-3797505.0,April,Expense April,STARINDO CUP POLOS 14OZ,False
PCE-1302,2026-04-11,Ultamilk UHT Chocolate 1L,4.0,pcs,79920.0,0.0,-3877425.0,April,Expense April,ULTAMILK UHT CHOCOLATE 1L,False
PCE-1303,2026-04-11,Aqua Galon,2.0,pcs,46000.0,0.0,-3923425.0,April,Expense April,AQUA GALON,False
PCE-1304,2026-04-11,Air Isi Ulang,1.0,pcs,7000.0,0.0,-3930425.0,April,Expense April,AIR ISI ULANG,False
PCE-1305,2026-04-11,es,2.0,pack,20000.0,0.0,-3950425.0,April,Expense April,ES,False
PCE-1306,2026-04-11,Ongkir BerlyanFood FunkyDak Suburbuns,1.0,time,30000.0,0.0,-3980425.0,April,Expense April,ONGKIR BERLYANFOOD FUNKYDAK SUBURBUNS,False
PCE-1307,2026-04-11,Salted Caramel Syrup 750ml,1.0,pcs,104500.0,0.0,-4084925.0,April,Expense April,SALTED CARAMEL SYRUP 750ML,False
PCE-1308,2026-04-13,es,2.0,pack,20000.0,0.0,-4104925.0,April,Expense April,ES,False
PCE-1309,2026-04-13,Cabai Bubuk 1kg,1.0,pcs,92000.0,0.0,-4196925.0,April,Expense April,CABAI BUBUK 1KG,False
PCE-1310,2026-04-13,Refill Gas 50kg,1.0,pcs,836000.0,0.0,-5032925.0,April,Expense April,REFILL GAS 50KG,False
PCE-1311,2026-04-13,Additional Petty Cash,1.0,time,0.0,5532925.0,500000.0,April,Expense April,ADDITIONAL PETTY CASH,True
PCE-1312,2026-04-14,Telur Ayam Omega,7.0,pcs,21000.0,0.0,479000.0,April,Expense April,TELUR AYAM OMEGA,False
PCE-1313,2026-04-14,Minyak Resto 1L,36.0,pcs,723000.0,0.0,-244000.0,April,Expense April,MINYAK RESTO 1L,False
PCE-1314,2026-04-14,Cup Sambung 35ml LUX ,600.0,pcs,168000.0,0.0,-412000.0,April,Expense April,CUP SAMBUNG 35ML LUX,False
PCE-1315,2026-04-14,shopeexpress toko enampuluh,1.0,time,7000.0,0.0,-419000.0,April,Expense April,SHOPEEXPRESS TOKO ENAMPULUH,False
PCE-1316,2026-04-14,Monin Peach Syrup 700ml,1.0,pcs,149000.0,0.0,-568000.0,April,Expense April,MONIN PEACH SYRUP 700ML,False
PCE-1317,2026-04-14,L'arome Vanilla Susu 500gr,1.0,pcs,255000.0,0.0,-823000.0,April,Expense April,L'AROME VANILLA SUSU 500GR,False
PCE-1318,2026-04-14,ongkir shopeexpress intisari,1.0,time,7000.0,0.0,-830000.0,April,Expense April,ONGKIR SHOPEEXPRESS INTISARI,False
PCE-1319,2026-04-14,Butter Unsalted Mni Anchor 7gr,24.0,pcs,96000.0,0.0,-926000.0,April,Expense April,BUTTER UNSALTED MNI ANCHOR 7GR,False
PCE-1320,2026-04-14,es,2.0,pack,20000.0,0.0,-946000.0,April,Expense April,ES,False
PCE-1321,2026-04-14,Ongkir Shopeexpress Trial Roti Chicken FDak - KJ,1.0,time,7000.0,0.0,-953000.0,April,Expense April,ONGKIR SHOPEEXPRESS TRIAL ROTI CHICKEN FDAK - KJ,False
PCE-1322,2026-04-14,Diamond Ice Cream Vanilla 8L,1.0,box,202000.0,0.0,-1155000.0,April,Expense April,DIAMOND ICE CREAM VANILLA 8L,False
PCE-1323,2026-04-14,ongkir shopeexpress victory,1.0,time,5000.0,0.0,-1160000.0,April,Expense April,ONGKIR SHOPEEXPRESS VICTORY,False
PCE-1324,2026-04-14,Mosa Soda Chargers,20.0,pcs,150000.0,0.0,-1310000.0,April,Expense April,MOSA SODA CHARGERS,False
PCE-1325,2026-04-14,Kokkiman Gochujang Sauce 300gr,7.0,botol,164500.0,0.0,-1474500.0,April,Expense April,KOKKIMAN GOCHUJANG SAUCE 300GR,False
PCE-1326,2026-04-14,Anchor Cheese Red Cheddar 84 slice,1.0,pack,154000.0,0.0,-1628500.0,April,Expense April,ANCHOR CHEESE RED CHEDDAR 84 SLICE,False
PCE-1327,2026-04-14,Anchor Butter 1kg,2.0,pack,340000.0,0.0,-1968500.0,April,Expense April,ANCHOR BUTTER 1KG,False
PCE-1328,2026-04-14,Service AC,3.0,unit,300000.0,0.0,-2268500.0,April,Expense April,SERVICE AC,False
PCE-1329,2026-04-14,Cek Up Tekanan Freon,3.0,unit,50000.0,0.0,-2318500.0,April,Expense April,CEK UP TEKANAN FREON,False
PCE-1330,2026-04-15,Indomilk UHT 950ml,24.0,pcs,453000.0,0.0,-2771500.0,April,Expense April,INDOMILK UHT 950ML,False
PCE-1331,2026-04-15,Segitiga Biru Premium 1kg,6.0,pcs,81000.0,0.0,-2852500.0,April,Expense April,SEGITIGA BIRU PREMIUM 1KG,False
PCE-1332,2026-04-15,Maizenaku 1kg,2.0,pcs,45000.0,0.0,-2897500.0,April,Expense April,MAIZENAKU 1KG,False
PCE-1333,2026-04-15,es,2.0,pack,20000.0,0.0,-2917500.0,April,Expense April,ES,False
PCE-1334,2026-04-15,Bawang Bombay,3.0,kg,96000.0,0.0,-3013500.0,April,Expense April,BAWANG BOMBAY,False
PCE-1335,2026-04-15,Royco Ayam,1.0,kg,51450.0,0.0,-3064950.0,April,Expense April,ROYCO AYAM,False
PCE-1336,2026-04-15,Minyak Resto 1L,12.0,pcs,241000.0,0.0,-3305950.0,April,Expense April,MINYAK RESTO 1L,False
PCE-1337,2026-04-16,Pisang Cavendish Sunpride,0.0827,gr,18900.0,0.0,-3324850.0,April,Expense April,PISANG CAVENDISH SUNPRIDE,False
PCE-1338,2026-04-16,parkir bumi buah,1.0,time,2000.0,0.0,-3326850.0,April,Expense April,PARKIR BUMI BUAH,False
PCE-1339,2026-04-16,Beras Ladang Padi 5kg,1.0,pcs,78500.0,0.0,-3405350.0,April,Expense April,BERAS LADANG PADI 5KG,False
PCE-1340,2026-04-16,Telur Ayam,3.0,kg,81000.0,0.0,-3486350.0,April,Expense April,TELUR AYAM,False
PCE-1341,2026-04-16,Beras Mbok Darmi 5kg,1.0,pcs,77000.0,0.0,-3563350.0,April,Expense April,BERAS MBOK DARMI 5KG,False
PCE-1342,2026-04-16,Telur Ayam,1.0,kg,27000.0,0.0,-3590350.0,April,Expense April,TELUR AYAM,False
PCE-1343,2026-04-16,Indomilk UHT 950ml,24.0,pcs,448500.0,0.0,-4038850.0,April,Expense April,INDOMILK UHT 950ML,False
PCE-1344,2026-04-16,Nutella 1kg,1.0,pcs,189000.0,0.0,-4227850.0,April,Expense April,NUTELLA 1KG,False
PCE-1345,2026-04-16,Aqua Galon,2.0,pcs,46000.0,0.0,-4273850.0,April,Expense April,AQUA GALON,False
PCE-1346,2026-04-16,Sunflower Oil Orilia 1L,1.0,pcs,77000.0,0.0,-4350850.0,April,Expense April,SUNFLOWER OIL ORILIA 1L,False
PCE-1347,2026-04-16,Veg Cilantro pergram,90.0,gr,8100.0,0.0,-4358950.0,April,Expense April,VEG CILANTRO PERGRAM,False
PCE-1348,2026-04-16,Air Isi Ulang,1.0,pcs,7000.0,0.0,-4365950.0,April,Expense April,AIR ISI ULANG,False
PCE-1349,2026-04-16,es,1.0,pack,10000.0,0.0,-4375950.0,April,Expense April,ES,False
PCE-1350,2026-04-16,Ongkir Shopeexpress Trial Roti Chicken FDak - KJ,1.0,time,10000.0,0.0,-4385950.0,April,Expense April,ONGKIR SHOPEEXPRESS TRIAL ROTI CHICKEN FDAK - KJ,False
PCE-1351,2026-04-17,Segitiga Biru Premium 1kg,4.0,pcs,54000.0,0.0,-4439950.0,April,Expense April,SEGITIGA BIRU PREMIUM 1KG,False
PCE-1352,2026-04-17,Indomilk UHT 950ml,12.0,pcs,226500.0,0.0,-4666450.0,April,Expense April,INDOMILK UHT 950ML,False
PCE-1353,2026-04-17,Ultamilk UHT Chocolate 1L,4.0,pcs,81560.0,0.0,-4748010.0,April,Expense April,ULTAMILK UHT CHOCOLATE 1L,False
PCE-1354,2026-04-17,Telur Ayam,15.0,kg,373500.0,0.0,-5121510.0,April,Expense April,TELUR AYAM,False
PCE-1355,2026-04-17,es,1.0,pack,10000.0,0.0,-5131510.0,April,Expense April,ES,False
PCE-1356,2026-04-17,Telur Ayam Omega,7.0,pcs,21000.0,0.0,-5152510.0,April,Expense April,TELUR AYAM OMEGA,False
PCE-1357,2026-04-17,Cabe Repack 5000,4.0,pcs,20000.0,0.0,-5172510.0,April,Expense April,CABE REPACK 5000,False
PCE-1358,2026-04-17,Bawang Merah,6.1,ons,24500.0,0.0,-5197010.0,April,Expense April,BAWANG MERAH,False
PCE-1359,2026-04-17,Loncang,2.75,ons,4000.0,0.0,-5201010.0,April,Expense April,LONCANG,False
PCE-1360,2026-04-17,Wortel,4.5,ons,6500.0,0.0,-5207510.0,April,Expense April,WORTEL,False
PCE-1361,2026-04-17,Beras Lesung Padi 5kg,1.0,pcs,78500.0,0.0,-5286010.0,April,Expense April,BERAS LESUNG PADI 5KG,False
PCE-1362,2026-04-17,Denali Caramel Sauce 2000ml,1.0,pcs,188700.0,0.0,-5474710.0,April,Expense April,DENALI CARAMEL SAUCE 2000ML,False
PCE-1363,2026-04-17,Mosa Soda Chargers,20.0,pcs,154000.0,0.0,-5628710.0,April,Expense April,MOSA SODA CHARGERS,False
PCE-1364,2026-04-17,Frutaneira Ecoline Peach Halves in Syrup 8500gr ,4.0,can,200000.0,0.0,-5828710.0,April,Expense April,FRUTANEIRA ECOLINE PEACH HALVES IN SYRUP 8500GR,False
PCE-1365,2026-04-17,Straw Hygen Runcing Black ,1000.0,pcs,68000.0,0.0,-5896710.0,April,Expense April,STRAW HYGEN RUNCING BLACK,False
PCE-1366,2026-04-17,La Fonte Macaroni 500gr ,8.0,pack,131200.0,0.0,-6027910.0,April,Expense April,LA FONTE MACARONI 500GR,False
PCE-1367,2026-04-17,Diamond Ice Cream Vanilla 8L,1.0,box,202000.0,0.0,-6229910.0,April,Expense April,DIAMOND ICE CREAM VANILLA 8L,False
PCE-1368,2026-04-17,Additional Petty Cash,1.0,time,0.0,6563670.0,333760.0,April,Expense April,ADDITIONAL PETTY CASH,True
PCE-1369,2026-04-17,Kara Santan 200ml,2.0,pcs,44800.0,0.0,288960.0,April,Expense April,KARA SANTAN 200ML,False
PCE-1370,2026-04-17,Sun Kara Santan 200ml,2.0,pcs,41800.0,0.0,247160.0,April,Expense April,SUN KARA SANTAN 200ML,False
PCE-1371,2026-04-17,plastic shopbag,1.0,pcs,200.0,0.0,246960.0,April,Expense April,PLASTIC SHOPBAG,False
PCE-1372,2026-04-17,Minyak Resto 1L,36.0,pcs,729000.0,0.0,-482040.0,April,Expense April,MINYAK RESTO 1L,False
PCE-1373,2026-04-18,Pisang Cavendish Sunpride,0.7785,gr,18300.0,0.0,-500340.0,April,Expense April,PISANG CAVENDISH SUNPRIDE,False
PCE-1374,2026-04-18,Kresek PE size15,2.0,pack,37000.0,0.0,-537340.0,April,Expense April,KRESEK PE SIZE15,False
PCE-1375,2026-04-18,Kresek PE size24,3.0,pack,67500.0,0.0,-604840.0,April,Expense April,KRESEK PE SIZE24,False
PCE-1376,2026-04-18,Cup Sambung 35ml LUX ,350.0,pcs,105000.0,0.0,-709840.0,April,Expense April,CUP SAMBUNG 35ML LUX,False
PCE-1377,2026-04-18,ongkir shopeexpress tokoenampuluh,0.0,,10000.0,0.0,-719840.0,April,Expense April,ONGKIR SHOPEEXPRESS TOKOENAMPULUH,False
PCE-1378,2026-04-18,Bogasari Tep. Cakra Kembar 1kg,7.0,pcs,91000.0,0.0,-810840.0,April,Expense April,BOGASARI TEP. CAKRA KEMBAR 1KG,False
PCE-1379,2026-04-18,L'arome Vanilla Susu 500gr,1.0,pcs,255000.0,0.0,-1065840.0,April,Expense April,L'AROME VANILLA SUSU 500GR,False
PCE-1380,2026-04-18,ongkir shopeexpress intisari,0.0,,10000.0,0.0,-1075840.0,April,Expense April,ONGKIR SHOPEEXPRESS INTISARI,False
PCE-1381,2026-04-18,Aqua Galon,1.0,pcs,23000.0,0.0,-1098840.0,April,Expense April,AQUA GALON,False
PCE-1382,2026-04-18,es,2.0,pack,20000.0,0.0,-1118840.0,April,Expense April,ES,False
PCE-1383,2026-04-18,Cabai Rawit,1.0,kg,85000.0,0.0,-1203840.0,April,Expense April,CABAI RAWIT,False
PCE-1384,2026-04-18,Bawang Putih Kupas,500.0,gr,24000.0,0.0,-1227840.0,April,Expense April,BAWANG PUTIH KUPAS,False
PCE-1385,2026-04-18,Kol,1.5,kg,22500.0,0.0,-1250340.0,April,Expense April,KOL,False
PCE-1386,2026-04-18,Kol Merah,600.0,gr,24000.0,0.0,-1274340.0,April,Expense April,KOL MERAH,False
PCE-1387,2026-04-18,Parsley,150.0,gr,12750.0,0.0,-1287090.0,April,Expense April,PARSLEY,False
PCE-1388,2026-04-18,Lettuce Iceberg,1.0,kg,40000.0,0.0,-1327090.0,April,Expense April,LETTUCE ICEBERG,False
PCE-1389,2026-04-18,Paprika Hijau,90.0,gr,67500.0,0.0,-1394590.0,April,Expense April,PAPRIKA HIJAU,False
PCE-1390,2026-04-18,Tomat Merah,500.0,gr,15000.0,0.0,-1409590.0,April,Expense April,TOMAT MERAH,False
PCE-1391,2026-04-18,Lemon,3.0,kg,165000.0,0.0,-1574590.0,April,Expense April,LEMON,False
PCE-1392,2026-04-18,Garam Masala AI 45gr,3.0,pcs,45000.0,0.0,-1619590.0,April,Expense April,GARAM MASALA AI 45GR,False
PCE-1393,2026-04-18,Coriander Ground 500gr,1.0,pcs,55000.0,0.0,-1674590.0,April,Expense April,CORIANDER GROUND 500GR,False
PCE-1394,2026-04-19,es,2.0,pack,20000.0,0.0,-1694590.0,April,Expense April,ES,False
PCE-1395,2026-04-19,Ongkir Shopeexpress Trial Roti Chicken dan Americano FDak - KJ,1.0,time,7000.0,0.0,-1701590.0,April,Expense April,ONGKIR SHOPEEXPRESS TRIAL ROTI CHICKEN DAN AMERICANO FDAK - KJ,False
PCE-1396,2026-04-19,Ongkir BerlyanFood FunkyDak Suburbuns,1.0,time,30000.0,0.0,-1731590.0,April,Expense April,ONGKIR BERLYANFOOD FUNKYDAK SUBURBUNS,False
PCE-1397,2026-04-19,Madu,5.0,kg,300000.0,0.0,-2031590.0,April,Expense April,MADU,False
PCE-1398,2026-04-19,Cup Sambung 150ml Victory (25pcs),1.0,pack,13500.0,0.0,-2045090.0,April,Expense April,CUP SAMBUNG 150ML VICTORY (25PCS),False
PCE-1399,2026-04-19,Plastik Klip 12x20 Zip In,1.0,pack,31600.0,0.0,-2076690.0,April,Expense April,PLASTIK KLIP 12X20 ZIP IN,False
PCE-1400,2026-04-19,Sumpit + Tusuk Gigi Seika,2.0,pack,13000.0,0.0,-2089690.0,April,Expense April,SUMPIT + TUSUK GIGI SEIKA,False
PCE-1401,2026-04-19,Pisang Cavendish Sunpride,1.0,kg,24000.0,0.0,-2113690.0,April,Expense April,PISANG CAVENDISH SUNPRIDE,False
PCE-1402,2026-04-19,parkir tbs freshfruit,1.0,time,2000.0,0.0,-2115690.0,April,Expense April,PARKIR TBS FRESHFRUIT,False
PCE-1403,2026-04-19,PP Sealer 1200Cup 12/14/16oz,100.0,pcs,60000.0,0.0,-2175690.0,April,Expense April,PP SEALER 1200CUP 12/14/16OZ,False
PCE-1404,2026-04-19,Ongkir Shopeexpress PackMarket,1.0,time,5000.0,0.0,-2180690.0,April,Expense April,ONGKIR SHOPEEXPRESS PACKMARKET,False
PCE-1405,2026-04-19,Soup Cup 24oz,50.0,pcs,53750.0,0.0,-2234440.0,April,Expense April,SOUP CUP 24OZ,False
PCE-1406,2026-04-19,Lid Bening Soup Cup 24oz,50.0,pcs,33800.0,0.0,-2268240.0,April,Expense April,LID BENING SOUP CUP 24OZ,False
PCE-1407,2026-04-19,Bogasari Tep. Cakra Kembar 1kg,7.0,pcs,107030.0,0.0,-2375270.0,April,Expense April,BOGASARI TEP. CAKRA KEMBAR 1KG,False
PCE-1408,2026-04-20,Es Krim 8L,1.0,box,178112.0,0.0,-2553382.0,April,Expense April,ES KRIM 8L,False
PCE-1409,2026-04-20,es,2.0,pack,20000.0,0.0,-2573382.0,April,Expense April,ES,False
PCE-1410,2026-04-20,Beras Sedap Wangi,1.0,pcs,79500.0,0.0,-2652882.0,April,Expense April,BERAS SEDAP WANGI,False
PCE-1411,2026-04-20,Refill Gas 50kg,1.0,pcs,1070000.0,0.0,-3722882.0,April,Expense April,REFILL GAS 50KG,False
PCE-1412,2026-04-20,Service Swing AC 2pk,1.0,unit,100000.0,0.0,-3822882.0,April,Expense April,SERVICE SWING AC 2PK,False
PCE-1413,2026-04-20,Diamond Ice Cream Vanilla 8L,1.0,box,202000.0,0.0,-4024882.0,April,Expense April,DIAMOND ICE CREAM VANILLA 8L,False
PCE-1414,2026-04-20,Grandairy UHT FC 1L ,36.0,pcs,568500.0,0.0,-4593382.0,April,Expense April,GRANDAIRY UHT FC 1L,False
PCE-1415,2026-04-21,Sawit Kita 950ml,36.0,pcs,703500.0,0.0,-5296882.0,April,Expense April,SAWIT KITA 950ML,False
PCE-1416,2026-04-21,Cabe Paprika Hijau,1.0,pack,17900.0,0.0,-5314782.0,April,Expense April,CABE PAPRIKA HIJAU,False
PCE-1417,2026-04-21,Nutella 1kg,1.0,pcs,189000.0,0.0,-5503782.0,April,Expense April,NUTELLA 1KG,False
PCE-1418,2026-04-21,Aqua Galon,2.0,pcs,46000.0,0.0,-5549782.0,April,Expense April,AQUA GALON,False
PCE-1419,2026-04-21,Air Isi Ulang,1.0,pcs,7000.0,0.0,-5556782.0,April,Expense April,AIR ISI ULANG,False
PCE-1420,2026-04-21,es,2.0,pack,20000.0,0.0,-5576782.0,April,Expense April,ES,False
PCE-1421,2026-04-21,Cuka Dapur Dixi 650ml,3.0,pcs,70600.0,0.0,-5647382.0,April,Expense April,CUKA DAPUR DIXI 650ML,False
PCE-1422,2026-04-21,Pisang Cavendish Sunpride,1.775,gr,44000.0,0.0,-5691382.0,April,Expense April,PISANG CAVENDISH SUNPRIDE,False
PCE-1423,2026-04-21,parkir buah jogja,1.0,time,2000.0,0.0,-5693382.0,April,Expense April,PARKIR BUAH JOGJA,False
PCE-1424,2026-04-21,Rolling Pin Kayu 24cm,1.0,pcs,13500.0,0.0,-5706882.0,April,Expense April,ROLLING PIN KAYU 24CM,False
PCE-1425,2026-04-21,Ongkir Shopeexpress Trial Roti Chicken FDak - KJ,1.0,time,10000.0,0.0,-5716882.0,April,Expense April,ONGKIR SHOPEEXPRESS TRIAL ROTI CHICKEN FDAK - KJ,False
PCE-1426,2026-04-22,Segitiga Biru Premium 1kg,6.0,pcs,81000.0,0.0,-5797882.0,April,Expense April,SEGITIGA BIRU PREMIUM 1KG,False
PCE-1427,2026-04-22,Maizenaku 1kg,4.0,pcs,90000.0,0.0,-5887882.0,April,Expense April,MAIZENAKU 1KG,False
PCE-1428,2026-04-22,Diamond UHT Full Cream 1L,4.0,pcs,81500.0,0.0,-5969382.0,April,Expense April,DIAMOND UHT FULL CREAM 1L,False
PCE-1429,2026-04-22,es,2.0,pack,20000.0,0.0,-5989382.0,April,Expense April,ES,False
PCE-1430,2026-04-22,Beras Sedap Wangi 5kg,1.0,pcs,79500.0,0.0,-6068882.0,April,Expense April,BERAS SEDAP WANGI 5KG,False
PCE-1431,2026-04-22,Greenfields Choco 950ml,4.0,pcs,92840.0,0.0,-6161722.0,April,Expense April,GREENFIELDS CHOCO 950ML,False
PCE-1432,2026-04-22,es,2.0,pack,20000.0,0.0,-6181722.0,April,Expense April,ES,False
PCE-1433,2026-04-22,Lettuce Iceberg,1.0,kg,40000.0,0.0,-6221722.0,April,Expense April,LETTUCE ICEBERG,False
PCE-1434,2026-04-22,Kol Ungu,650.0,gr,26000.0,0.0,-6247722.0,April,Expense April,KOL UNGU,False
PCE-1435,2026-04-22,Kobis,1.4,kg,21000.0,0.0,-6268722.0,April,Expense April,KOBIS,False
PCE-1436,2026-04-22,Diamond UHT Full Cream 1L,12.0,pcs,227700.0,0.0,-6496422.0,April,Expense April,DIAMOND UHT FULL CREAM 1L,False
PCE-1437,2026-04-22,Le Minerale 600ml,48.0,pcs,93400.0,0.0,-6589822.0,April,Expense April,LE MINERALE 600ML,False
PCE-1438,2026-04-22,Additional Petty Cash,1.0,time,0.0,7089822.0,500000.0,April,Expense April,ADDITIONAL PETTY CASH,True
PCE-1439,2026-04-23,es,2.0,pack,20000.0,0.0,480000.0,April,Expense April,ES,False
PCE-1440,2026-04-23,Minyak Goreng Sawit Kita 950ml,2.0,pcs,41000.0,0.0,439000.0,April,Expense April,MINYAK GORENG SAWIT KITA 950ML,False
PCE-1441,2026-04-23,Veg Kucai pergram,50.0,gr,2700.0,0.0,436300.0,April,Expense April,VEG KUCAI PERGRAM,False
PCE-1442,2026-04-23,Sunflower Oil Orilia 1L,1.0,pcs,77000.0,0.0,359300.0,April,Expense April,SUNFLOWER OIL ORILIA 1L,False
PCE-1443,2026-04-24,Aqua Galon,2.0,pcs,46000.0,0.0,313300.0,April,Expense April,AQUA GALON,False
PCE-1444,2026-04-24,Air Isi Ulang,1.0,pcs,7000.0,0.0,306300.0,April,Expense April,AIR ISI ULANG,False
PCE-1445,2026-04-24,es,1.0,pack,10000.0,0.0,296300.0,April,Expense April,ES,False
PCE-1446,2026-04-24,Pisang Cavendish Sunpride,0.9147,gr,21500.0,0.0,274800.0,April,Expense April,PISANG CAVENDISH SUNPRIDE,False
PCE-1447,2026-04-24,parkir bumi buah,1.0,time,2000.0,0.0,272800.0,April,Expense April,PARKIR BUMI BUAH,False
PCE-1448,2026-04-24,Daun Salam 60gr,1.0,pcs,1950.0,0.0,270850.0,April,Expense April,DAUN SALAM 60GR,False
PCE-1449,2026-04-24,Bawang Merah,126.0,gr,7520.0,0.0,263330.0,April,Expense April,BAWANG MERAH,False
PCE-1450,2026-04-24,Wortel Berastagi,352.0,gr,11580.0,0.0,251750.0,April,Expense April,WORTEL BERASTAGI,False
PCE-1451,2026-04-24,Daun Bawang 150gr,1.0,pcs,7950.0,0.0,243800.0,April,Expense April,DAUN BAWANG 150GR,False
PCE-1452,2026-04-24,Daun Sereh 100gr,1.0,pcs,3900.0,0.0,239900.0,April,Expense April,DAUN SEREH 100GR,False
PCE-1453,2026-04-25,Diamond UHT Full Cream 1L,12.0,pcs,245000.0,0.0,-5100.0,April,Expense April,DIAMOND UHT FULL CREAM 1L,False
PCE-1454,2026-04-25,Segitiga Biru Premium 1kg,12.0,pcs,141300.0,0.0,-146400.0,April,Expense April,SEGITIGA BIRU PREMIUM 1KG,False
PCE-1455,2026-04-25,Maizenaku 1kg,8.0,pcs,180000.0,0.0,-326400.0,April,Expense April,MAIZENAKU 1KG,False
PCE-1456,2026-04-25,Mc Lewis Original Mayonnaise 1kg,6.0,pcs,147000.0,0.0,-473400.0,April,Expense April,MC LEWIS ORIGINAL MAYONNAISE 1KG,False
PCE-1457,2026-04-25,es,3.0,pack,30000.0,0.0,-503400.0,April,Expense April,ES,False
PCE-1458,2026-04-25,Baterai AAA,1.0,pcs,10000.0,0.0,-513400.0,April,Expense April,BATERAI AAA,False
PCE-1459,2026-04-25,Kraft All in 1 Cheddar 2kg,1.0,pcs,170000.0,0.0,-683400.0,April,Expense April,KRAFT ALL IN 1 CHEDDAR 2KG,False
PCE-1460,2026-04-25,Lettuce Iceberg,2.0,kg,80000.0,0.0,-763400.0,April,Expense April,LETTUCE ICEBERG,False
PCE-1461,2026-04-25,Cabai Rawit,500.0,gr,42500.0,0.0,-805900.0,April,Expense April,CABAI RAWIT,False
PCE-1462,2026-04-25,Pisang Cavendish Sunpride,1.7,kg,51000.0,0.0,-856900.0,April,Expense April,PISANG CAVENDISH SUNPRIDE,False
PCE-1463,2026-04-25,Kikkoman Gochujang Sauce 300gr,9.0,botol,211500.0,0.0,-1068400.0,April,Expense April,KIKKOMAN GOCHUJANG SAUCE 300GR,False
PCE-1464,2026-04-25,Ultamilk UHT Chocolate 1L,6.0,pcs,119340.0,0.0,-1187740.0,April,Expense April,ULTAMILK UHT CHOCOLATE 1L,False
PCE-1465,2026-04-25,Minyak Sawit Kita 950ml,2.0,pcs,41000.0,0.0,-1228740.0,April,Expense April,MINYAK SAWIT KITA 950ML,False
PCE-1466,2026-04-25,Beras Darmi 5kg,1.0,pcs,77500.0,0.0,-1306240.0,April,Expense April,BERAS DARMI 5KG,False
PCE-1467,2026-04-25,Bogasari Tep. Cakra Kembar 1kg,6.0,pcs,97500.0,0.0,-1403740.0,April,Expense April,BOGASARI TEP. CAKRA KEMBAR 1KG,False
PCE-1468,2026-04-25,Sendok Spork Hitam Steril (25pcs),500.0,pcs,135000.0,0.0,-1538740.0,April,Expense April,SENDOK SPORK HITAM STERIL (25PCS),False
PCE-1469,2026-04-25,Btter Unslted Mni Anchor 7gr,42.0,pcs,168000.0,0.0,-1706740.0,April,Expense April,BTTER UNSLTED MNI ANCHOR 7GR,False
PCE-1470,2026-04-25,Skppy Chnky Pnut Btter 340gr,1.0,pcs,52000.0,0.0,-1758740.0,April,Expense April,SKPPY CHNKY PNUT BTTER 340GR,False
PCE-1471,2026-04-25,Nutella 1kg,1.0,pcs,189000.0,0.0,-1947740.0,April,Expense April,NUTELLA 1KG,False
PCE-1472,2026-04-25,Minyak Resto 1L,36.0,pcs,729000.0,0.0,-2676740.0,April,Expense April,MINYAK RESTO 1L,False
PCE-1473,2026-04-25,Telur Ayam,2.0,kg,51000.0,0.0,-2727740.0,April,Expense April,TELUR AYAM,False
PCE-1474,2026-04-26,Koepoe Baking Powder 1kg,1.0,pcs,70000.0,0.0,-2797740.0,April,Expense April,KOEPOE BAKING POWDER 1KG,False
PCE-1475,2026-04-26,Lotus Biscoff Biscuit Caramel,2.0,pcs,86000.0,0.0,-2883740.0,April,Expense April,LOTUS BISCOFF BISCUIT CARAMEL,False
PCE-1476,2026-04-26,Colatta Choco Chips 150gr,2.0,pcs,29000.0,0.0,-2912740.0,April,Expense April,COLATTA CHOCO CHIPS 150GR,False
PCE-1477,2026-04-26,Diamond UHT Full Cream 1L,12.0,pcs,240000.0,0.0,-3152740.0,April,Expense April,DIAMOND UHT FULL CREAM 1L,False
PCE-1478,2026-04-26,ongkir shopeexpress intisari,1.0,time,5000.0,0.0,-3157740.0,April,Expense April,ONGKIR SHOPEEXPRESS INTISARI,False
PCE-1479,2026-04-26,es,2.0,pack,20000.0,0.0,-3177740.0,April,Expense April,ES,False
PCE-1480,2026-04-26,Aqua Galon,2.0,pcs,46000.0,0.0,-3223740.0,April,Expense April,AQUA GALON,False
PCE-1481,2026-04-26,Air Isi Ulang,1.0,pcs,7000.0,0.0,-3230740.0,April,Expense April,AIR ISI ULANG,False
PCE-1482,2026-04-26,Perbaikan MagicCom Besar dan Transport,1.0,pcs,150000.0,0.0,-3380740.0,April,Expense April,PERBAIKAN MAGICCOM BESAR DAN TRANSPORT,False
PCE-1483,2026-04-26,Diamond Ice Cream Vanilla 8L,1.0,box,202000.0,0.0,-3582740.0,April,Expense April,DIAMOND ICE CREAM VANILLA 8L,False
PCE-1484,2026-04-26,Milac Gold Cooking Cream 1L,2.0,pack,147000.0,0.0,-3729740.0,April,Expense April,MILAC GOLD COOKING CREAM 1L,False
PCE-1485,2026-04-27,Maizenaku 1kg,6.0,pcs,164200.0,0.0,-3893940.0,April,Expense April,MAIZENAKU 1KG,False
PCE-1486,2026-04-27,Aqua Galon,2.0,pcs,46000.0,0.0,-3939940.0,April,Expense April,AQUA GALON,False
PCE-1487,2026-04-27,es,2.0,pack,20000.0,0.0,-3959940.0,April,Expense April,ES,False
PCE-1488,2026-04-27,Beras Darmi 5kg,1.0,pcs,77500.0,0.0,-4037440.0,April,Expense April,BERAS DARMI 5KG,False
PCE-1489,2026-04-27,Minyak Goreng SawitKita 950ml,3.0,pcs,61500.0,0.0,-4098940.0,April,Expense April,MINYAK GORENG SAWITKITA 950ML,False
PCE-1490,2026-04-27,Additional Petty Cash,1.0,time,0.0,4538940.0,440000.0,April,Expense April,ADDITIONAL PETTY CASH,True
PCE-1491,2026-04-28,es,2.0,pack,20000.0,0.0,420000.0,April,Expense April,ES,False
PCE-1492,2026-04-28,Segitiga Biru Premium 1kg,7.0,pcs,94500.0,0.0,325500.0,April,Expense April,SEGITIGA BIRU PREMIUM 1KG,False
PCE-1493,2026-04-28,Grandairy UHT FC 1L ,24.0,pcs,444000.0,0.0,-118500.0,April,Expense April,GRANDAIRY UHT FC 1L,False
PCE-1494,2026-04-28,Lada Sechuan 100gr,1.0,pcs,44000.0,0.0,-162500.0,April,Expense April,LADA SECHUAN 100GR,False
PCE-1495,2026-04-28,Beras Darmi 5kg,1.0,pcs,77500.0,0.0,-240000.0,April,Expense April,BERAS DARMI 5KG,False
PCE-1496,2026-04-28,Denali Lime Powder 800gr,1.0,pcs,111000.0,0.0,-351000.0,April,Expense April,DENALI LIME POWDER 800GR,False
PCE-1497,2026-04-28,Bawang Bombay,3.0,kg,96000.0,0.0,-447000.0,April,Expense April,BAWANG BOMBAY,False
PCE-1498,2026-04-28,Bawang Bombay (25/04),6.0,kg,192000.0,0.0,-639000.0,April,Expense April,BAWANG BOMBAY (25/04),False
PCE-1499,2026-04-28,Minyak Goreng SawitKita 950ml,36.0,pcs,703500.0,0.0,-1342500.0,April,Expense April,MINYAK GORENG SAWITKITA 950ML,False
PCE-1500,2026-04-29,Es Krim Vanilla 8L,1.0,pcs,170000.0,0.0,-1512500.0,April,Expense April,ES KRIM VANILLA 8L,False
PCE-1501,2026-04-29,Cup Sealer Polos,1.0,pack,43000.0,0.0,-1555500.0,April,Expense April,CUP SEALER POLOS,False
PCE-1502,2026-04-29,Telur Ayam,2.0,kg,50000.0,0.0,-1605500.0,April,Expense April,TELUR AYAM,False
PCE-1503,2026-04-29,Whipping Cream Millac Gold 1L,1.0,pcs,79000.0,0.0,-1684500.0,April,Expense April,WHIPPING CREAM MILLAC GOLD 1L,False
PCE-1504,2026-04-29,"Ciao Peeled Tomato 2,5kg",1.0,pcs,93000.0,0.0,-1777500.0,April,Expense April,"CIAO PEELED TOMATO 2,5KG",False
PCE-1505,2026-04-29,es,1.0,pack,10000.0,0.0,-1787500.0,April,Expense April,ES,False
PCE-1506,2026-04-29,Lettuce Iceberg,500.0,gr,22500.0,0.0,-1810000.0,April,Expense April,LETTUCE ICEBERG,False
PCE-1507,2026-04-29,Bawang Putih Kupas,1.0,kg,48000.0,0.0,-1858000.0,April,Expense April,BAWANG PUTIH KUPAS,False
PCE-1508,2026-04-29,Key+Ms Logitech MK 220 Wireless,1.0,pcs,300000.0,0.0,-2158000.0,April,Expense April,KEY+MS LOGITECH MK 220 WIRELESS,False
PCE-1509,2026-04-30,Carnation KKM 365gr,2.0,pcs,22400.0,0.0,-2180400.0,April,Expense April,CARNATION KKM 365GR,False
PCE-1510,2026-04-30,Butter Unslted Mini Anchor 10 gr,100.0,pcs,400000.0,0.0,-2580400.0,April,Expense April,BUTTER UNSLTED MINI ANCHOR 10 GR,False
PCE-1511,2026-04-30,Grandairy UHT FC 1L ,36.0,pcs,568500.0,0.0,-3148900.0,April,Expense April,GRANDAIRY UHT FC 1L,False
PCE-1512,2026-04-30,es,2.0,pack,20000.0,0.0,-3168900.0,April,Expense April,ES,False
PCE-1513,2026-04-30,Beras Darmi 5kg,1.0,pcs,77500.0,0.0,-3219900.0,April,Expense April,BERAS DARMI 5KG,False
PCE-1514,2026-04-30,Additional Petty Cash,1.0,time,0.0,3219900.0,0.0,April,Expense April,ADDITIONAL PETTY CASH,True
PCE-1515,2026-05-01,Additional Petty Cash,1.0,time,0.0,2000000.0,2000000.0,Mei,Expense Mei,ADDITIONAL PETTY CASH,True
PCE-1516,2026-05-01,Cakra Kembar Premium 1kg,4.0,pcs,56000.0,0.0,1944000.0,Mei,Expense Mei,CAKRA KEMBAR PREMIUM 1KG,False
PCE-1517,2026-05-01,Mc Lewis Original Mayonnaise 1kg,4.0,pcs,98000.0,0.0,1846000.0,Mei,Expense Mei,MC LEWIS ORIGINAL MAYONNAISE 1KG,False
PCE-1518,2026-05-01,Desaku Ketumbar Bubuk 250gr,1.0,pcs,17500.0,0.0,1828500.0,Mei,Expense Mei,DESAKU KETUMBAR BUBUK 250GR,False
PCE-1519,2026-05-01,Colatta Chochip Repack 500gr,1.0,pcs,42000.0,0.0,1786500.0,Mei,Expense Mei,COLATTA CHOCHIP REPACK 500GR,False
PCE-1520,2026-05-01,Segitiga Biru Premium 1kg,5.0,pcs,67500.0,0.0,1719000.0,Mei,Expense Mei,SEGITIGA BIRU PREMIUM 1KG,False
PCE-1521,2026-05-01,Bola Deli Maizena 500gr,10.0,pcs,95000.0,0.0,1624000.0,Mei,Expense Mei,BOLA DELI MAIZENA 500GR,False
PCE-1522,2026-05-01,Nutella 1kg,1.0,pcs,189000.0,0.0,1435000.0,Mei,Expense Mei,NUTELLA 1KG,False
PCE-1523,2026-05-01,Skppy Crmy Pnut Btter 340gr,1.0,pcs,52000.0,0.0,1383000.0,Mei,Expense Mei,SKPPY CRMY PNUT BTTER 340GR,False
PCE-1524,2026-05-01,Aqua Galon,2.0,pcs,46000.0,0.0,1337000.0,Mei,Expense Mei,AQUA GALON,False
PCE-1525,2026-05-01,Air Isi Ulang,1.0,pcs,7000.0,0.0,1330000.0,Mei,Expense Mei,AIR ISI ULANG,False
PCE-1526,2026-05-01,es,2.0,pack,20000.0,0.0,1310000.0,Mei,Expense Mei,ES,False
PCE-1527,2026-05-01,Iuran Sampah Mei,1.0,time,400000.0,0.0,910000.0,Mei,Expense Mei,IURAN SAMPAH MEI,False
PCE-1528,2026-05-01,Refill Gas 50kg,1.0,pcs,1070000.0,0.0,-160000.0,Mei,Expense Mei,REFILL GAS 50KG,False
PCE-1529,2026-05-01,Cooking Cream Pleasure Gold 1L,1.0,pcs,72500.0,0.0,-232500.0,Mei,Expense Mei,COOKING CREAM PLEASURE GOLD 1L,False
PCE-1530,2026-05-01,Garam Masala AI 45gr,2.0,pcs,30000.0,0.0,-262500.0,Mei,Expense Mei,GARAM MASALA AI 45GR,False
PCE-1531,2026-05-01,Pisang Cavendish Sunpride,1.0,sisir,12500.0,0.0,-275000.0,Mei,Expense Mei,PISANG CAVENDISH SUNPRIDE,False
PCE-1532,2026-05-01,Nasi,1.0,pcs,5000.0,0.0,-280000.0,Mei,Expense Mei,NASI,False
PCE-1533,2026-05-02,Maizenaku 500gr,8.0,pcs,88000.0,0.0,-368000.0,Mei,Expense Mei,MAIZENAKU 500GR,False
PCE-1534,2026-05-02,Cakra Kembar Premium 1kg,4.0,pcs,56000.0,0.0,-424000.0,Mei,Expense Mei,CAKRA KEMBAR PREMIUM 1KG,False
PCE-1535,2026-05-02,Indomilk UHT 950ml,12.0,pcs,226500.0,0.0,-650500.0,Mei,Expense Mei,INDOMILK UHT 950ML,False
PCE-1536,2026-05-02,Gula Pasir Repack 1kg,2.0,pcs,37000.0,0.0,-687500.0,Mei,Expense Mei,GULA PASIR REPACK 1KG,False
PCE-1537,2026-05-02,Lotus Biscoff 250gr,2.0,pcs,89000.0,0.0,-776500.0,Mei,Expense Mei,LOTUS BISCOFF 250GR,False
PCE-1538,2026-05-02,Contadina Pickle Gherkin Whole Dills 680 gr,2.0,pcs,108000.0,0.0,-884500.0,Mei,Expense Mei,CONTADINA PICKLE GHERKIN WHOLE DILLS 680 GR,False
PCE-1539,2026-05-02,Bogasari Terigu Cakra 1kg,2.0,pcs,32500.0,0.0,-917000.0,Mei,Expense Mei,BOGASARI TERIGU CAKRA 1KG,False
PCE-1540,2026-05-02,es,2.0,pack,20000.0,0.0,-937000.0,Mei,Expense Mei,ES,False
PCE-1541,2026-05-02,Telur Ayam,15.0,kg,357000.0,0.0,-1294000.0,Mei,Expense Mei,TELUR AYAM,False
PCE-1542,2026-05-02,Ongkir Shopeexpress Piring Uncle Masala,1.0,time,5000.0,0.0,-1299000.0,Mei,Expense Mei,ONGKIR SHOPEEXPRESS PIRING UNCLE MASALA,False
PCE-1543,2026-05-02,Ongkir Shopeexpress Ayam Marinasi,1.0,time,28000.0,0.0,-1327000.0,Mei,Expense Mei,ONGKIR SHOPEEXPRESS AYAM MARINASI,False
PCE-1544,2026-05-02,Bawang Putih Kupas,500.0,gr,24000.0,0.0,-1351000.0,Mei,Expense Mei,BAWANG PUTIH KUPAS,False
PCE-1545,2026-05-02,Kubis,600.0,gr,9000.0,0.0,-1360000.0,Mei,Expense Mei,KUBIS,False
PCE-1546,2026-05-02,Kol Ungu,1.2,kg,48000.0,0.0,-1408000.0,Mei,Expense Mei,KOL UNGU,False
PCE-1547,2026-05-02,Cabai Rawit,500.0,gr,40000.0,0.0,-1448000.0,Mei,Expense Mei,CABAI RAWIT,False
PCE-1548,2026-05-02,Cabai Teropong Hijau,300.0,gr,16500.0,0.0,-1464500.0,Mei,Expense Mei,CABAI TEROPONG HIJAU,False
PCE-1549,2026-05-02,Coriander,200.0,gr,16000.0,0.0,-1480500.0,Mei,Expense Mei,CORIANDER,False
PCE-1550,2026-05-02,Parsley,150.0,gr,12000.0,0.0,-1492500.0,Mei,Expense Mei,PARSLEY,False
PCE-1551,2026-05-02,Indo Ice Cream Vanilla 8 L,1.0,box,165000.0,0.0,-1657500.0,Mei,Expense Mei,INDO ICE CREAM VANILLA 8 L,False
PCE-1552,2026-05-02,Garam Refina 250gr ,40.0,pcs,160000.0,0.0,-1817500.0,Mei,Expense Mei,GARAM REFINA 250GR,False
PCE-1553,2026-05-02,Anchor Butter 1kg,1.0,pack,170000.0,0.0,-1987500.0,Mei,Expense Mei,ANCHOR BUTTER 1KG,False
PCE-1554,2026-05-02,La Fonte Macaroni 500gr ,7.0,pack,114800.0,0.0,-2102300.0,Mei,Expense Mei,LA FONTE MACARONI 500GR,False
PCE-1555,2026-05-02,Cheese Parmesan,1.0,kg,210000.0,0.0,-2312300.0,Mei,Expense Mei,CHEESE PARMESAN,False
PCE-1556,2026-05-02,Nutella 3kg,1.0,pack,525000.0,0.0,-2837300.0,Mei,Expense Mei,NUTELLA 3KG,False
PCE-1557,2026-05-02,Straightcut 2kg ,6.0,pack,348000.0,0.0,-3185300.0,Mei,Expense Mei,STRAIGHTCUT 2KG,False
PCE-1558,2026-05-02,Indo Ice Cream Vanilla 8 L,1.0,box,165000.0,0.0,-3350300.0,Mei,Expense Mei,INDO ICE CREAM VANILLA 8 L,False
PCE-1559,2026-05-02,Minyak Kuwali 1L,36.0,pcs,729000.0,0.0,-4079300.0,Mei,Expense Mei,MINYAK KUWALI 1L,False
PCE-1560,2026-05-02,Terigu Segitiga Biru Premium 1kg,4.0,pcs,64000.0,0.0,-4143300.0,Mei,Expense Mei,TERIGU SEGITIGA BIRU PREMIUM 1KG,False
PCE-1561,2026-05-02,Beras Darmi 5kg,2.0,pcs,155000.0,0.0,-4298300.0,Mei,Expense Mei,BERAS DARMI 5KG,False
PCE-1562,2026-05-02,SO/G F/H Omega Egg,10.0,pcs,29900.0,0.0,-4328200.0,Mei,Expense Mei,SO/G F/H OMEGA EGG,False
PCE-1563,2026-05-02,Mama/S Rumput Laut Panggang,1.0,pcs,52900.0,0.0,-4381100.0,Mei,Expense Mei,MAMA/S RUMPUT LAUT PANGGANG,False
PCE-1564,2026-05-02,Indomilk UHT Cho 900 ml,3.0,pcs,51570.0,0.0,-4432670.0,Mei,Expense Mei,INDOMILK UHT CHO 900 ML,False
PCE-1565,2026-05-02,Prepack Bumbu Dapur,1.0,pcs,1990.0,0.0,-4434660.0,Mei,Expense Mei,PREPACK BUMBU DAPUR,False
PCE-1566,2026-05-02,Sunpride Pisang W,970.0,gr,18915.0,0.0,-4453575.0,Mei,Expense Mei,SUNPRIDE PISANG W,False
PCE-1567,2026-05-02,Kara Santan Lk.200 ml,1.0,pcs,17990.0,0.0,-4471565.0,Mei,Expense Mei,KARA SANTAN LK.200 ML,False
PCE-1568,2026-05-02,Kara Santan Lk.200 ml,3.0,pcs,53970.0,0.0,-4525535.0,Mei,Expense Mei,KARA SANTAN LK.200 ML,False
PCE-1569,2026-05-02,Sunpride Pisang W,1078.0,gr,28205.0,0.0,-4553740.0,Mei,Expense Mei,SUNPRIDE PISANG W,False
PCE-1570,2026-05-02,plastic shopbag,2.0,pcs,400.0,0.0,-4554140.0,Mei,Expense Mei,PLASTIC SHOPBAG,False
PCE-1571,2026-05-02,parkir superindo,1.0,time,2000.0,0.0,-4556140.0,Mei,Expense Mei,PARKIR SUPERINDO,False
PCE-1572,2026-05-02,Timer Cook,2.0,pcs,57800.0,0.0,-4613940.0,Mei,Expense Mei,TIMER COOK,False
PCE-1573,2026-05-03,Hercules Baking Powder 450gr,1.0,pcs,50500.0,0.0,-4664440.0,Mei,Expense Mei,HERCULES BAKING POWDER 450GR,False
PCE-1574,2026-05-03,Terigu Segitiga Biru Premium 1kg,7.0,pcs,91000.0,0.0,-4755440.0,Mei,Expense Mei,TERIGU SEGITIGA BIRU PREMIUM 1KG,False
PCE-1575,2026-05-03,Maizena Miwon 1kg,5.0,pcs,87500.0,0.0,-4842940.0,Mei,Expense Mei,MAIZENA MIWON 1KG,False
PCE-1576,2026-05-03,ongkir shopeexpress intisari,1.0,time,5000.0,0.0,-4847940.0,Mei,Expense Mei,ONGKIR SHOPEEXPRESS INTISARI,False
PCE-1577,2026-05-03,Kikkoman Gochujang Saus 300gr,9.0,pcs,211500.0,0.0,-5059440.0,Mei,Expense Mei,KIKKOMAN GOCHUJANG SAUS 300GR,False
PCE-1578,2026-05-03,Diamond Fullcream 1L,4.0,pcs,94120.0,0.0,-5153560.0,Mei,Expense Mei,DIAMOND FULLCREAM 1L,False
PCE-1579,2026-05-03,Ultra UHT Milk Pln 1000ml,4.0,pcs,79560.0,0.0,-5233120.0,Mei,Expense Mei,ULTRA UHT MILK PLN 1000ML,False
PCE-1580,2026-05-03,Aqua Galon,2.0,pcs,46000.0,0.0,-5279120.0,Mei,Expense Mei,AQUA GALON,False
PCE-1581,2026-05-03,Air Isi Ulang,1.0,pcs,7000.0,0.0,-5286120.0,Mei,Expense Mei,AIR ISI ULANG,False
PCE-1582,2026-05-03,es,2.0,pack,20000.0,0.0,-5306120.0,Mei,Expense Mei,ES,False
PCE-1583,2026-05-03,Yutakachi Cabai Bubuk Pedas 1kg,1.0,pcs,82900.0,0.0,-5389020.0,Mei,Expense Mei,YUTAKACHI CABAI BUBUK PEDAS 1KG,False
PCE-1584,2026-05-03,Salted Caramel Syrup 750 ml,1.0,pcs,104500.0,0.0,-5493520.0,Mei,Expense Mei,SALTED CARAMEL SYRUP 750 ML,False
PCE-1585,2026-05-04,Bogasari Segitiga Biru 1kg,7.0,pcs,108500.0,0.0,-5602020.0,Mei,Expense Mei,BOGASARI SEGITIGA BIRU 1KG,False
PCE-1586,2026-05-04,Minyak Kuwali 1L,12.0,pcs,241000.0,0.0,-5843020.0,Mei,Expense Mei,MINYAK KUWALI 1L,False
PCE-1587,2026-05-04,Cakra Kembar Premium 1kg,6.0,pcs,84000.0,0.0,-5927020.0,Mei,Expense Mei,CAKRA KEMBAR PREMIUM 1KG,False
PCE-1588,2026-05-04,Mc Lewis Original Mayonnaise 1kg,4.0,pcs,96200.0,0.0,-6023220.0,Mei,Expense Mei,MC LEWIS ORIGINAL MAYONNAISE 1KG,False
PCE-1589,2026-05-04,Kresek PE Bening Size24,3.0,pack,88200.0,0.0,-6111420.0,Mei,Expense Mei,KRESEK PE BENING SIZE24,False
PCE-1590,2026-05-04,Kresek PE Bening Size28,3.0,pack,121800.0,0.0,-6233220.0,Mei,Expense Mei,KRESEK PE BENING SIZE28,False
PCE-1591,2026-05-04,Kresek PE Bening Size30,2.0,pack,95200.0,0.0,-6328420.0,Mei,Expense Mei,KRESEK PE BENING SIZE30,False
PCE-1592,2026-05-04,ongkir shopeexpress toko enampuluh,1.0,time,5000.0,0.0,-6333420.0,Mei,Expense Mei,ONGKIR SHOPEEXPRESS TOKO ENAMPULUH,False
PCE-1593,2026-05-04,Star Village Sunflower Oil 5L,1.0,pcs,248000.0,0.0,-6581420.0,Mei,Expense Mei,STAR VILLAGE SUNFLOWER OIL 5L,False
PCE-1594,2026-05-04,Skppy Crmy Pnut Btter 500gr,1.0,pcs,84520.0,0.0,-6665940.0,Mei,Expense Mei,SKPPY CRMY PNUT BTTER 500GR,False
PCE-1595,2026-05-04,Nestle Pure Life 600ml,72.0,pcs,144000.0,0.0,-6809940.0,Mei,Expense Mei,NESTLE PURE LIFE 600ML,False
PCE-1596,2026-05-04,Lettuce,340.0,gr,20365.0,0.0,-6830305.0,Mei,Expense Mei,LETTUCE,False
PCE-1597,2026-05-04,Lettuce,374.0,gr,22435.0,0.0,-6852740.0,Mei,Expense Mei,LETTUCE,False
PCE-1598,2026-05-04,es,2.0,pack,20000.0,0.0,-6872740.0,Mei,Expense Mei,ES,False
PCE-1599,2026-05-04,es (urgent),1.0,pcs,3000.0,0.0,-6875740.0,Mei,Expense Mei,ES (URGENT),False
PCE-1600,2026-05-04,Makan GC,10.0,org,250000.0,0.0,-7125740.0,Mei,Expense Mei,MAKAN GC,False
PCE-1601,2026-05-04,Grandairy UHT FC 1L,36.0,pcs,568500.0,0.0,-7694240.0,Mei,Expense Mei,GRANDAIRY UHT FC 1L,False
PCE-1602,2026-05-04,Cuka Dixi 650ml,5.0,botol,95000.0,0.0,-7789240.0,Mei,Expense Mei,CUKA DIXI 650ML,False
PCE-1603,2026-05-04,"Delmonte Sauce Tomat 5,7kg",2.0,jerigen,184000.0,0.0,-7973240.0,Mei,Expense Mei,"DELMONTE SAUCE TOMAT 5,7KG",False
PCE-1604,2026-05-04,Frutaneira Ecoline Peach Halves in Syrup 8500gr ,3.0,can,150000.0,0.0,-8123240.0,Mei,Expense Mei,FRUTANEIRA ECOLINE PEACH HALVES IN SYRUP 8500GR,False
PCE-1605,2026-05-04,Milac Gold Cooking Cream 1L,2.0,pcs,147000.0,0.0,-8270240.0,Mei,Expense Mei,MILAC GOLD COOKING CREAM 1L,False
PCE-1606,2026-05-04,Anchor Cheese Red Cheddar 84 slices,1.0,pack,154000.0,0.0,-8424240.0,Mei,Expense Mei,ANCHOR CHEESE RED CHEDDAR 84 SLICES,False
PCE-1607,2026-05-04,Additional Petty Cash,1.0,time,0.0,8924240.0,500000.0,Mei,Expense Mei,ADDITIONAL PETTY CASH,True
PCE-1608,2026-05-05,"Repair Bocoran Atap, Pembersihan Drainase dan Talang Tengah",1.0,pax,275000.0,0.0,225000.0,Mei,Expense Mei,"REPAIR BOCORAN ATAP, PEMBERSIHAN DRAINASE DAN TALANG TENGAH",False
PCE-1609,2026-05-05,es,2.0,pack,20000.0,0.0,205000.0,Mei,Expense Mei,ES,False
PCE-1610,2026-05-05,Dummy Box dan Amplop Roti Chinese,4.0,sample,150000.0,0.0,55000.0,Mei,Expense Mei,DUMMY BOX DAN AMPLOP ROTI CHINESE,False
PCE-1611,2026-05-05,Cling Rf 425 lmn/kng,2.0,pcs,6470.0,0.0,48530.0,Mei,Expense Mei,CLING RF 425 LMN/KNG,False
PCE-1612,2026-05-05,Wipol Rf 720gr lem,1.0,pcs,13165.0,0.0,35365.0,Mei,Expense Mei,WIPOL RF 720GR LEM,False
PCE-1613,2026-05-05,Mr M pemb. Dpr Pch 720 lmn,2.0,pcs,17880.0,0.0,17485.0,Mei,Expense Mei,MR M PEMB. DPR PCH 720 LMN,False
PCE-1614,2026-05-05,Glade Bath 75 Lavend,2.0,pcs,20020.0,0.0,-2535.0,Mei,Expense Mei,GLADE BATH 75 LAVEND,False
PCE-1615,2026-05-05,Bagus Si Biru 2sx5,1.0,pcs,20160.0,0.0,-22695.0,Mei,Expense Mei,BAGUS SI BIRU 2SX5,False
PCE-1616,2026-05-05,Sokl Liq Btl 700ml,2.0,pcs,22674.0,0.0,-45369.0,Mei,Expense Mei,SOKL LIQ BTL 700ML,False
PCE-1617,2026-05-05,Dahlia Napt Fln Frs Flo K.31,1.0,pcs,18830.0,0.0,-64199.0,Mei,Expense Mei,DAHLIA NAPT FLN FRS FLO K.31,False
PCE-1618,2026-05-05,Bayclin 200 Reg,1.0,pcs,5311.0,0.0,-69510.0,Mei,Expense Mei,BAYCLIN 200 REG,False
PCE-1619,2026-05-05,Hit Ars 400 Cotton Pwd,1.0,pcs,23488.0,0.0,-92998.0,Mei,Expense Mei,HIT ARS 400 COTTON PWD,False
PCE-1620,2026-05-05,plastic shopbag,1.0,pcs,500.0,0.0,-93498.0,Mei,Expense Mei,PLASTIC SHOPBAG,False
PCE-1621,2026-05-05,Aqua Galon,2.0,pcs,46000.0,0.0,-139498.0,Mei,Expense Mei,AQUA GALON,False
PCE-1622,2026-05-06,Segitiga Biru Premium 1kg,6.0,pcs,90000.0,0.0,-229498.0,Mei,Expense Mei,SEGITIGA BIRU PREMIUM 1KG,False
PCE-1623,2026-05-06,plastic shopbag,2.0,pcs,600.0,0.0,-230098.0,Mei,Expense Mei,PLASTIC SHOPBAG,False
PCE-1624,2026-05-06,Isi Token Listrik via BCA,1.0,time,503000.0,0.0,-733098.0,Mei,Expense Mei,ISI TOKEN LISTRIK VIA BCA,False
PCE-1625,2026-05-06,Bola Deli Maizena 500gr,10.0,pcs,94100.0,0.0,-827198.0,Mei,Expense Mei,BOLA DELI MAIZENA 500GR,False
PCE-1626,2026-05-06,Kikkoman Soy Sauce Japan 150 ml,2.0,pcs,45000.0,0.0,-872198.0,Mei,Expense Mei,KIKKOMAN SOY SAUCE JAPAN 150 ML,False
PCE-1627,2026-05-06,LKK Sesame Oil 115ml,4.0,pcs,190000.0,0.0,-1062198.0,Mei,Expense Mei,LKK SESAME OIL 115ML,False
PCE-1628,2026-05-06,es,2.0,pack,20000.0,0.0,-1082198.0,Mei,Expense Mei,ES,False
PCE-1629,2026-05-06,Jahe Putih Bubuk,1.0,kg,67500.0,0.0,-1149698.0,Mei,Expense Mei,JAHE PUTIH BUBUK,False
PCE-1630,2026-05-06,Point Pewarna Makanan Cair 15ml,8.0,pcs,46000.0,0.0,-1195698.0,Mei,Expense Mei,POINT PEWARNA MAKANAN CAIR 15ML,False
PCE-1631,2026-05-06,Ongkir Shopeexpress Wajan,1.0,time,7000.0,0.0,-1202698.0,Mei,Expense Mei,ONGKIR SHOPEEXPRESS WAJAN,False
PCE-1632,2026-05-06,Indo Ice Cream Vanilla 8 L,1.0,box,165000.0,0.0,-1367698.0,Mei,Expense Mei,INDO ICE CREAM VANILLA 8 L,False
PCE-1633,2026-05-06,Paprika Powder 1kg,1.0,kg,87000.0,0.0,-1454698.0,Mei,Expense Mei,PAPRIKA POWDER 1KG,False
PCE-1634,2026-05-06,Diamond UHT Full Cream Plain 1L,12.0,pcs,234000.0,0.0,-1688698.0,Mei,Expense Mei,DIAMOND UHT FULL CREAM PLAIN 1L,False
PCE-1635,2026-05-06,Milac Gold Cooking Cream 1L,2.0,pack,147000.0,0.0,-1835698.0,Mei,Expense Mei,MILAC GOLD COOKING CREAM 1L,False
PCE-1636,2026-05-07,Minyak Kita 1L,36.0,pcs,705000.0,0.0,-2540698.0,Mei,Expense Mei,MINYAK KITA 1L,False
PCE-1637,2026-05-07,Butter Unsalted Mni Anchor 7gr,30.0,pcs,120000.0,0.0,-2660698.0,Mei,Expense Mei,BUTTER UNSALTED MNI ANCHOR 7GR,False
PCE-1638,2026-05-07,Isi Paket HP Toko (05/05),1.0,time,35000.0,0.0,-2695698.0,Mei,Expense Mei,ISI PAKET HP TOKO (05/05),False
PCE-1639,2026-05-07,es,1.0,pack,10000.0,0.0,-2705698.0,Mei,Expense Mei,ES,False
PCE-1640,2026-05-07,"Kabel Listrik 2x0,75",5.0,meter,40000.0,0.0,-2745698.0,Mei,Expense Mei,"KABEL LISTRIK 2X0,75",False
PCE-1641,2026-05-07,Saklar,1.0,pcs,8000.0,0.0,-2753698.0,Mei,Expense Mei,SAKLAR,False
PCE-1642,2026-05-07,Pisang Cavendish Sunpride,0.8706,gr,20500.0,0.0,-2774198.0,Mei,Expense Mei,PISANG CAVENDISH SUNPRIDE,False
PCE-1643,2026-05-08,Aqua Galon,1.0,pcs,23000.0,0.0,-2797198.0,Mei,Expense Mei,AQUA GALON,False
PCE-1644,2026-05-08,Air Isi Ulang,1.0,pcs,7000.0,0.0,-2804198.0,Mei,Expense Mei,AIR ISI ULANG,False
PCE-1645,2026-05-08,es,2.0,pack,20000.0,0.0,-2824198.0,Mei,Expense Mei,ES,False
PCE-1646,2026-05-08,Kraft All in 1 Cheddar Blok 2kg,1.0,pcs,156900.0,0.0,-2981098.0,Mei,Expense Mei,KRAFT ALL IN 1 CHEDDAR BLOK 2KG,False
PCE-1647,2026-05-08,Kucai,300.0,gr,12000.0,0.0,-2993098.0,Mei,Expense Mei,KUCAI,False
PCE-1648,2026-05-08,Lettuce Iceberg,500.0,gr,25000.0,0.0,-3018098.0,Mei,Expense Mei,LETTUCE ICEBERG,False
PCE-1649,2026-05-08,Pisang Cavendish Sunpride,1.0,sisir,48000.0,0.0,-3066098.0,Mei,Expense Mei,PISANG CAVENDISH SUNPRIDE,False
PCE-1650,2026-05-08,Diamond UHT Full Cream Plain 1L,24.0,pcs,468000.0,0.0,-3534098.0,Mei,Expense Mei,DIAMOND UHT FULL CREAM PLAIN 1L,False
PCE-1651,2026-05-08,Kertas SOS Kecil,400.0,pcs,80000.0,0.0,-3614098.0,Mei,Expense Mei,KERTAS SOS KECIL,False
PCE-1652,2026-05-08,Kresek PE Size15,4.0,pack,64400.0,0.0,-3678498.0,Mei,Expense Mei,KRESEK PE SIZE15,False
PCE-1653,2026-05-08,Cup Sambung 35ml LUX,600.0,pcs,168000.0,0.0,-3846498.0,Mei,Expense Mei,CUP SAMBUNG 35ML LUX,False
PCE-1654,2026-05-08,ongkir shopeexpress toko enampuluh,1.0,time,5000.0,0.0,-3851498.0,Mei,Expense Mei,ONGKIR SHOPEEXPRESS TOKO ENAMPULUH,False
PCE-1655,2026-05-08,Pisang Cavendish Sunpride (04/05),1.0662,gr,25100.0,0.0,-3876598.0,Mei,Expense Mei,PISANG CAVENDISH SUNPRIDE (04/05),False
PCE-1656,2026-05-08,Beras Premium 5kg (05/05),1.0,pcs,80000.0,0.0,-3956598.0,Mei,Expense Mei,BERAS PREMIUM 5KG (05/05),False
PCE-1657,2026-05-08,ongkir shopeexpress dummy box (05/05),1.0,time,7500.0,0.0,-3964098.0,Mei,Expense Mei,ONGKIR SHOPEEXPRESS DUMMY BOX (05/05),False
PCE-1658,2026-05-08,ongkir shopeexpress poster roti china,1.0,time,5000.0,0.0,-3969098.0,Mei,Expense Mei,ONGKIR SHOPEEXPRESS POSTER ROTI CHINA,False
PCE-1659,2026-05-08,Bawang Merah,1.0,pack,20000.0,0.0,-3989098.0,Mei,Expense Mei,BAWANG MERAH,False
PCE-1660,2026-05-08,Additional Petty Cash,1.0,time,0.0,4452098.0,463000.0,Mei,Expense Mei,ADDITIONAL PETTY CASH,True
PCE-1661,2026-05-09,Coriander Ground 500gr,1.0,pack,55000.0,0.0,408000.0,Mei,Expense Mei,CORIANDER GROUND 500GR,False
PCE-1662,2026-05-09,ongkir shopeexpress gluckmart tirto,1.0,time,10000.0,0.0,398000.0,Mei,Expense Mei,ONGKIR SHOPEEXPRESS GLUCKMART TIRTO,False
PCE-1663,2026-05-09,Minyak Kita 1L,12.0,pcs,242000.0,0.0,156000.0,Mei,Expense Mei,MINYAK KITA 1L,False
PCE-1664,2026-05-09,Greenfields Cho 950ml,4.0,pcs,92840.0,0.0,63160.0,Mei,Expense Mei,GREENFIELDS CHO 950ML,False
PCE-1665,2026-05-09,Aqua Galon,2.0,pcs,46000.0,0.0,17160.0,Mei,Expense Mei,AQUA GALON,False
PCE-1666,2026-05-09,Air Isi Ulang,1.0,pcs,7000.0,0.0,10160.0,Mei,Expense Mei,AIR ISI ULANG,False
PCE-1667,2026-05-09,es,2.0,pack,20000.0,0.0,-9840.0,Mei,Expense Mei,ES,False
PCE-1668,2026-05-09,Sticky Note Forte 657py 100x75/Yellow ps,2.0,pcs,8000.0,0.0,-17840.0,Mei,Expense Mei,STICKY NOTE FORTE 657PY 100X75/YELLOW PS,False
PCE-1669,2026-05-09,Sticky Notes Eselon 76x76mm/Tumpuk,1.0,pcs,5500.0,0.0,-23340.0,Mei,Expense Mei,STICKY NOTES ESELON 76X76MM/TUMPUK,False
PCE-1670,2026-05-09,Tape Nachi 1/2x10,36.0,pcs,31500.0,0.0,-54840.0,Mei,Expense Mei,TAPE NACHI 1/2X10,False
PCE-1671,2026-05-09,Nota Ppl K2/Ncr,10.0,pcs,35000.0,0.0,-89840.0,Mei,Expense Mei,NOTA PPL K2/NCR,False
PCE-1672,2026-05-09,Thermal Forte 57x40,50.0,pcs,147500.0,0.0,-237340.0,Mei,Expense Mei,THERMAL FORTE 57X40,False
PCE-1673,2026-05-09,Btter Unslted Mni Anchor 7gr,20.0,pcs,80000.0,0.0,-317340.0,Mei,Expense Mei,BTTER UNSLTED MNI ANCHOR 7GR,False
PCE-1674,2026-05-09,Beras Darmi 5kg,1.0,pcs,77500.0,0.0,-394840.0,Mei,Expense Mei,BERAS DARMI 5KG,False
PCE-1675,2026-05-09,Grandairy UHT FC 1L,12.0,pcs,219200.0,0.0,-614040.0,Mei,Expense Mei,GRANDAIRY UHT FC 1L,False
PCE-1676,2026-05-09,Maizenaku 250gr,12.0,pcs,60000.0,0.0,-674040.0,Mei,Expense Mei,MAIZENAKU 250GR,False
PCE-1677,2026-05-09,Dada Ayam Tp. Tulang,1554.0,gr,98700.0,0.0,-772740.0,Mei,Expense Mei,DADA AYAM TP. TULANG,False
PCE-1678,2026-05-09,plastic shopbag,1.0,pcs,200.0,0.0,-772940.0,Mei,Expense Mei,PLASTIC SHOPBAG,False
PCE-1679,2026-05-09,parkir superindo,1.0,time,2000.0,0.0,-774940.0,Mei,Expense Mei,PARKIR SUPERINDO,False
PCE-1680,2026-05-10,Hansaplast Kain Elastis Toples 24s,2.0,pcs,13800.0,0.0,-788740.0,Mei,Expense Mei,HANSAPLAST KAIN ELASTIS TOPLES 24S,False
PCE-1681,2026-05-10,parkir apotek k24,1.0,time,1000.0,0.0,-789740.0,Mei,Expense Mei,PARKIR APOTEK K24,False
PCE-1682,2026-05-10,Es Krim Vanilla 8L,1.0,box,184109.0,0.0,-973849.0,Mei,Expense Mei,ES KRIM VANILLA 8L,False
PCE-1683,2026-05-10,Telur Omega 3,20.0,pcs,52000.0,0.0,-1025849.0,Mei,Expense Mei,TELUR OMEGA 3,False
PCE-1684,2026-05-10,es,2.0,pack,20000.0,0.0,-1045849.0,Mei,Expense Mei,ES,False
PCE-1685,2026-05-10,Ongkir Shopeexpress Tepung BerlyanFood,1.0,time,24000.0,0.0,-1069849.0,Mei,Expense Mei,ONGKIR SHOPEEXPRESS TEPUNG BERLYANFOOD,False
PCE-1686,2026-05-10,Bumbu Dapur,2.0,pcs,3000.0,0.0,-1072849.0,Mei,Expense Mei,BUMBU DAPUR,False
PCE-1687,2026-05-11,es,2.0,pack,20000.0,0.0,-1092849.0,Mei,Expense Mei,ES,False
PCE-1688,2026-05-11,Sewa HP Spotify (April - Mei),1.0,time,100000.0,0.0,-1192849.0,Mei,Expense Mei,SEWA HP SPOTIFY (APRIL - MEI),False
PCE-1689,2026-05-11,Bogasari Terigu Cakra Kembar 1kg,6.0,pcs,89500.0,0.0,-1282349.0,Mei,Expense Mei,BOGASARI TERIGU CAKRA KEMBAR 1KG,False
PCE-1690,2026-05-11,Shinpo Seal Ware Segi Oyatsu SIP-456S Bening,2.0,pcs,70600.0,0.0,-1352949.0,Mei,Expense Mei,SHINPO SEAL WARE SEGI OYATSU SIP-456S BENING,False
PCE-1691,2026-05-11,Lettuce Iceberg,1.0,kg,60000.0,0.0,-1412949.0,Mei,Expense Mei,LETTUCE ICEBERG,False
PCE-1692,2026-05-11,Cabai Rawit,1.0,kg,95000.0,0.0,-1507949.0,Mei,Expense Mei,CABAI RAWIT,False
PCE-1693,2026-05-11,Kol Ungu,650.0,gr,29250.0,0.0,-1537199.0,Mei,Expense Mei,KOL UNGU,False
PCE-1694,2026-05-11,Kobis,800.0,gr,12000.0,0.0,-1549199.0,Mei,Expense Mei,KOBIS,False
PCE-1695,2026-05-11,Refill Gas 50kg,1.0,pcs,1070000.0,0.0,-2619199.0,Mei,Expense Mei,REFILL GAS 50KG,False
PCE-1696,2026-05-11,Minyak Kita 1L,12.0,pcs,243000.0,0.0,-2862199.0,Mei,Expense Mei,MINYAK KITA 1L,False
PCE-1697,2026-05-11,Beras Darmi 5kg,1.0,pcs,77500.0,0.0,-2939699.0,Mei,Expense Mei,BERAS DARMI 5KG,False
PCE-1698,2026-05-11,"Grandco Minyak Goreng 1,8L",1.0,pcs,40500.0,0.0,-2980199.0,Mei,Expense Mei,"GRANDCO MINYAK GORENG 1,8L",False
PCE-1699,2026-05-11,Wortel Berastagi,608.0,gr,12100.0,0.0,-2992299.0,Mei,Expense Mei,WORTEL BERASTAGI,False
PCE-1700,2026-05-11,N/F Tomat Beef Wh,432.0,gr,12940.0,0.0,-3005239.0,Mei,Expense Mei,N/F TOMAT BEEF WH,False
PCE-1701,2026-05-11,Daun Bawang 150gr,1.0,pack,7950.0,0.0,-3013189.0,Mei,Expense Mei,DAUN BAWANG 150GR,False
PCE-1702,2026-05-11,Kucay 150gr,1.0,pack,7950.0,0.0,-3021139.0,Mei,Expense Mei,KUCAY 150GR,False
PCE-1703,2026-05-11,plastic shopbag,1.0,pcs,200.0,0.0,-3021339.0,Mei,Expense Mei,PLASTIC SHOPBAG,False
PCE-1704,2026-05-11,parkir superindo,1.0,time,2000.0,0.0,-3023339.0,Mei,Expense Mei,PARKIR SUPERINDO,False
PCE-1705,2026-05-12,Minyak Kita 1L,36.0,pcs,723000.0,0.0,-3746339.0,Mei,Expense Mei,MINYAK KITA 1L,False
PCE-1706,2026-05-12,Garam Masala AI 45gr,3.0,pcs,45000.0,0.0,-3791339.0,Mei,Expense Mei,GARAM MASALA AI 45GR,False
PCE-1707,2026-05-12,Cooking Cream Pleasure Gold 1L,1.0,pcs,81000.0,0.0,-3872339.0,Mei,Expense Mei,COOKING CREAM PLEASURE GOLD 1L,False
PCE-1708,2026-05-12,parkir gluckmart,1.0,time,2000.0,0.0,-3874339.0,Mei,Expense Mei,PARKIR GLUCKMART,False
PCE-1709,2026-05-12,Telur Ayam,15.0,kg,352500.0,0.0,-4226839.0,Mei,Expense Mei,TELUR AYAM,False
PCE-1710,2026-05-12,1 Mesin Pendorong Air & 2 Set Gembok Tempat Sampah,1.0,pax,255000.0,0.0,-4481839.0,Mei,Expense Mei,1 MESIN PENDORONG AIR & 2 SET GEMBOK TEMPAT SAMPAH,False
PCE-1711,2026-05-12,Aqua Galon,1.0,pcs,23000.0,0.0,-4504839.0,Mei,Expense Mei,AQUA GALON,False
PCE-1712,2026-05-12,Masala Sticker Piring,14.0,pcs,238000.0,0.0,-4742839.0,Mei,Expense Mei,MASALA STICKER PIRING,False
PCE-1713,2026-05-12,Artpaper 150 A3,12.0,pcs,48000.0,0.0,-4790839.0,Mei,Expense Mei,ARTPAPER 150 A3,False
PCE-1714,2026-05-12,Ritrama Billboard 158x57 Laminasi Doff,1.0,pcs,125000.0,0.0,-4915839.0,Mei,Expense Mei,RITRAMA BILLBOARD 158X57 LAMINASI DOFF,False
PCE-1715,2026-05-12,Ritrama Poster A1 Laminasi Doff,3.0,pcs,187000.0,0.0,-5102839.0,Mei,Expense Mei,RITRAMA POSTER A1 LAMINASI DOFF,False
PCE-1716,2026-05-12,Jasa Pasang,1.0,pax,70000.0,0.0,-5172839.0,Mei,Expense Mei,JASA PASANG,False
PCE-1717,2026-05-12,es,2.0,pack,20000.0,0.0,-5192839.0,Mei,Expense Mei,ES,False
PCE-1718,2026-05-12,Sticker Vinyl Matte A3 (Roti China Ori/Sechuan) (08/05),2.0,lembar,35000.0,0.0,-5227839.0,Mei,Expense Mei,STICKER VINYL MATTE A3 (ROTI CHINA ORI/SECHUAN) (08/05),False
PCE-1719,2026-05-13,Additional Petty Cash,1.0,time,0.0,6803830.0,1575991.0,Mei,Expense Mei,ADDITIONAL PETTY CASH,True
PCE-1720,2026-05-13,Jasa Pemasangan Mesin dan Pelampung Air,1.0,time,50000.0,0.0,1525991.0,Mei,Expense Mei,JASA PEMASANGAN MESIN DAN PELAMPUNG AIR,False
PCE-1721,2026-05-13,Nestle Pure Life 600ml,96.0,pcs,192000.0,0.0,1333991.0,Mei,Expense Mei,NESTLE PURE LIFE 600ML,False
PCE-1722,2026-05-13,es,2.0,pack,20000.0,0.0,1313991.0,Mei,Expense Mei,ES,False
PCE-1723,2026-05-13,Kresek PE Size28,3.0,pack,121800.0,0.0,1192191.0,Mei,Expense Mei,KRESEK PE SIZE28,False
PCE-1724,2026-05-13,ongkir shopeexpress toko enampuluh,1.0,time,5000.0,0.0,1187191.0,Mei,Expense Mei,ONGKIR SHOPEEXPRESS TOKO ENAMPULUH,False
PCE-1725,2026-05-13,Es Krim Vanilla 8L,1.0,pcs,170000.0,0.0,1017191.0,Mei,Expense Mei,ES KRIM VANILLA 8L,False
PCE-1726,2026-05-13,Btter Unslted Mni Anchor 7gr,20.0,pcs,80000.0,0.0,937191.0,Mei,Expense Mei,BTTER UNSLTED MNI ANCHOR 7GR,False
PCE-1727,2026-05-13,Kikkoman Oyster Flavored 300gr,1.0,pcs,20500.0,0.0,916691.0,Mei,Expense Mei,KIKKOMAN OYSTER FLAVORED 300GR,False
PCE-1728,2026-05-13,Nutella 680gr,1.0,pcs,153000.0,0.0,763691.0,Mei,Expense Mei,NUTELLA 680GR,False
PCE-1729,2026-05-13,Skppy Crmy Pnut Btter 500gr,1.0,pcs,52000.0,0.0,711691.0,Mei,Expense Mei,SKPPY CRMY PNUT BTTER 500GR,False
PCE-1730,2026-05-13,parkir gluckmart,1.0,time,2000.0,0.0,709691.0,Mei,Expense Mei,PARKIR GLUCKMART,False
PCE-1731,2026-05-13,Pelampung,1.0,pcs,90000.0,0.0,619691.0,Mei,Expense Mei,PELAMPUNG,False
PCE-1732,2026-05-13,Keniedratdlm 3/4,1.0,pcs,5000.0,0.0,614691.0,Mei,Expense Mei,KENIEDRATDLM 3/4,False
PCE-1733,2026-05-13,Bohlam WW 7W,1.0,pcs,17500.0,0.0,597191.0,Mei,Expense Mei,BOHLAM WW 7W,False
PCE-1734,2026-05-14,Sunpride Pisang W,834.0,gr,22435.0,0.0,574756.0,Mei,Expense Mei,SUNPRIDE PISANG W,False
PCE-1735,2026-05-14,Taokaenoi Rumput Laut Ori,4.0,pcs,59160.0,0.0,515596.0,Mei,Expense Mei,TAOKAENOI RUMPUT LAUT ORI,False
PCE-1736,2026-05-14,plastic shopbag,1.0,pcs,200.0,0.0,515396.0,Mei,Expense Mei,PLASTIC SHOPBAG,False
PCE-1737,2026-05-14,parkir superindo,1.0,time,2000.0,0.0,513396.0,Mei,Expense Mei,PARKIR SUPERINDO,False
PCE-1738,2026-05-14,Ultra UHT Cho 1000ml,5.0,pcs,99450.0,0.0,413946.0,Mei,Expense Mei,ULTRA UHT CHO 1000ML,False
PCE-1739,2026-05-14,Btter Unslted Mni Anchor 7gr,15.0,pcs,60000.0,0.0,353946.0,Mei,Expense Mei,BTTER UNSLTED MNI ANCHOR 7GR,False
PCE-1740,2026-05-14,Aqua Galon,2.0,pcs,46000.0,0.0,307946.0,Mei,Expense Mei,AQUA GALON,False
PCE-1741,2026-05-14,Air Isi Ulang,1.0,pcs,7000.0,0.0,300946.0,Mei,Expense Mei,AIR ISI ULANG,False
PCE-1742,2026-05-14,Telur Omega 3,10.0,pcs,26290.0,0.0,274656.0,Mei,Expense Mei,TELUR OMEGA 3,False
PCE-1743,2026-05-15,L'arome Vanilla Susu 500gr,1.0,pcs,255000.0,0.0,19656.0,Mei,Expense Mei,L'AROME VANILLA SUSU 500GR,False
PCE-1744,2026-05-15,Gula Psr 1kg,3.0,pcs,69000.0,0.0,-49344.0,Mei,Expense Mei,GULA PSR 1KG,False
PCE-1745,2026-05-15,ongkir shopeexpress intisari,1.0,time,5000.0,0.0,-54344.0,Mei,Expense Mei,ONGKIR SHOPEEXPRESS INTISARI,False
PCE-1746,2026-05-15,es,2.0,pack,20000.0,0.0,-74344.0,Mei,Expense Mei,ES,False
PCE-1747,2026-05-15,Denali Caramel Sauce 2000ml,1.0,pcs,189200.0,0.0,-263544.0,Mei,Expense Mei,DENALI CARAMEL SAUCE 2000ML,False
PCE-1748,2026-05-15,Service Clean AC,2.0,unit,200000.0,0.0,-463544.0,Mei,Expense Mei,SERVICE CLEAN AC,False
PCE-1749,2026-05-15,Cek Tekanan Freon Outdoor,2.0,unit,50000.0,0.0,-513544.0,Mei,Expense Mei,CEK TEKANAN FREON OUTDOOR,False
PCE-1750,2026-05-15,Cairan Pelindung Karat Evaporator,2.0,unit,40000.0,0.0,-553544.0,Mei,Expense Mei,CAIRAN PELINDUNG KARAT EVAPORATOR,False
PCE-1751,2026-05-15,Isi Token Listrik Atas via BCA,1.0,time,103000.0,0.0,-656544.0,Mei,Expense Mei,ISI TOKEN LISTRIK ATAS VIA BCA,False
PCE-1752,2026-05-15,Mama/S Rumput Laut Panggang,1.0,pack,52900.0,0.0,-709444.0,Mei,Expense Mei,MAMA/S RUMPUT LAUT PANGGANG,False
PCE-1753,2026-05-15,Kol Merah Whl,412.0,gr,26760.0,0.0,-736204.0,Mei,Expense Mei,KOL MERAH WHL,False
PCE-1754,2026-05-15,Sunpride Pisang W,496.0,gr,9660.0,0.0,-745864.0,Mei,Expense Mei,SUNPRIDE PISANG W,False
PCE-1755,2026-05-15,Sunpride Pisang W,884.0,gr,17240.0,0.0,-763104.0,Mei,Expense Mei,SUNPRIDE PISANG W,False
PCE-1756,2026-05-15,Happy Egg Omega ,10.0,pcs,31490.0,0.0,-794594.0,Mei,Expense Mei,HAPPY EGG OMEGA,False
PCE-1757,2026-05-15,Parsley Sayur 150gr,1.0,pack,14950.0,0.0,-809544.0,Mei,Expense Mei,PARSLEY SAYUR 150GR,False
PCE-1758,2026-05-15,plastic shopbag,1.0,pcs,200.0,0.0,-809744.0,Mei,Expense Mei,PLASTIC SHOPBAG,False
PCE-1759,2026-05-15,Anchor Processed Cheddar 84 Slice,1.0,pack,163000.0,0.0,-972744.0,Mei,Expense Mei,ANCHOR PROCESSED CHEDDAR 84 SLICE,False
PCE-1760,2026-05-15,ongkir shopeexpress keju,1.0,time,5000.0,0.0,-977744.0,Mei,Expense Mei,ONGKIR SHOPEEXPRESS KEJU,False
PCE-1761,2026-05-15,Bawang Bombay,4.0,kg,128000.0,0.0,-1105744.0,Mei,Expense Mei,BAWANG BOMBAY,False
PCE-1762,2026-05-15,Additional Petty Cash,1.0,time,0.0,2105744.0,1000000.0,Mei,Expense Mei,ADDITIONAL PETTY CASH,True
PCE-1763,2026-05-16,Terigu Segitiga Biru Premium 1kg,10.0,pcs,140000.0,0.0,860000.0,Mei,Expense Mei,TERIGU SEGITIGA BIRU PREMIUM 1KG,False
PCE-1764,2026-05-16,Terigu Cakra Kembar 1kg,8.0,pcs,104000.0,0.0,756000.0,Mei,Expense Mei,TERIGU CAKRA KEMBAR 1KG,False
PCE-1765,2026-05-16,ongkir shopeexpress intisari,1.0,time,5000.0,0.0,751000.0,Mei,Expense Mei,ONGKIR SHOPEEXPRESS INTISARI,False
PCE-1766,2026-05-16,es,2.0,pack,20000.0,0.0,731000.0,Mei,Expense Mei,ES,False
PCE-1767,2026-05-16,Aqua Galon,2.0,pcs,46000.0,0.0,685000.0,Mei,Expense Mei,AQUA GALON,False
PCE-1768,2026-05-16,Air Isi Ulang,1.0,pcs,7000.0,0.0,678000.0,Mei,Expense Mei,AIR ISI ULANG,False
PCE-1769,2026-05-16,Minyak Kita 1L,36.0,pcs,735000.0,0.0,-57000.0,Mei,Expense Mei,MINYAK KITA 1L,False
PCE-1770,2026-05-16,Pipa Conduct 5/8,1.0,pcs,11500.0,0.0,-68500.0,Mei,Expense Mei,PIPA CONDUCT 5/8,False
PCE-1771,2026-05-16,Es Krim Vanilla 8L,1.0,box,170000.0,0.0,-238500.0,Mei,Expense Mei,ES KRIM VANILLA 8L,False
PCE-1772,2026-05-16,Nutella 1kg,1.0,pcs,203000.0,0.0,-441500.0,Mei,Expense Mei,NUTELLA 1KG,False
PCE-1773,2026-05-16,Skppy Crmy Pnut Btter 500gr,1.0,pcs,52000.0,0.0,-493500.0,Mei,Expense Mei,SKPPY CRMY PNUT BTTER 500GR,False
PCE-1774,2026-05-16,Bumbu Dapur,1.0,pcs,3000.0,0.0,-496500.0,Mei,Expense Mei,BUMBU DAPUR,False
PCE-1775,2026-05-16,Sereh,1.0,pcs,2500.0,0.0,-499000.0,Mei,Expense Mei,SEREH,False
PCE-1776,2026-05-16,Daun Jeruk,1.0,pcs,2500.0,0.0,-501500.0,Mei,Expense Mei,DAUN JERUK,False
PCE-1777,2026-05-17,Telur Omega 3,10.0,pcs,33500.0,0.0,-535000.0,Mei,Expense Mei,TELUR OMEGA 3,False
PCE-1778,2026-05-17,es,2.0,pack,20000.0,0.0,-555000.0,Mei,Expense Mei,ES,False
PCE-1779,2026-05-17,Air Isi Ulang,2.0,pcs,14000.0,0.0,-569000.0,Mei,Expense Mei,AIR ISI ULANG,False
PCE-1780,2026-05-17,ongkir shopeexpress berlyanfood,1.0,time,30000.0,0.0,-599000.0,Mei,Expense Mei,ONGKIR SHOPEEXPRESS BERLYANFOOD,False
PCE-1781,2026-05-17,Wortel,450.0,gr,9000.0,0.0,-608000.0,Mei,Expense Mei,WORTEL,False
PCE-1782,2026-05-17,Kol,900.0,gr,13500.0,0.0,-621500.0,Mei,Expense Mei,KOL,False
PCE-1783,2026-05-17,Kol Ungu,1.7,kg,76500.0,0.0,-698000.0,Mei,Expense Mei,KOL UNGU,False
PCE-1784,2026-05-17,Kucai,250.0,gr,11250.0,0.0,-709250.0,Mei,Expense Mei,KUCAI,False
PCE-1785,2026-05-18,Es Krim Vanilla 8L,1.0,pcs,170000.0,0.0,-879250.0,Mei,Expense Mei,ES KRIM VANILLA 8L,False
PCE-1786,2026-05-18,Plastik Klip 12x20,2.0,pack,59600.0,0.0,-938850.0,Mei,Expense Mei,PLASTIK KLIP 12X20,False
PCE-1787,2026-05-18,Cup Sambung 150ml Victory,50.0,pcs,27000.0,0.0,-965850.0,Mei,Expense Mei,CUP SAMBUNG 150ML VICTORY,False
PCE-1788,2026-05-18,Nestle Pure Life 600ml,72.0,pcs,144000.0,0.0,-1109850.0,Mei,Expense Mei,NESTLE PURE LIFE 600ML,False
PCE-1789,2026-05-18,Garam Masala AI 45gr,4.0,pcs,60000.0,0.0,-1169850.0,Mei,Expense Mei,GARAM MASALA AI 45GR,False
PCE-1790,2026-05-18,parkir gluckmart,1.0,time,2000.0,0.0,-1171850.0,Mei,Expense Mei,PARKIR GLUCKMART,False
PCE-1791,2026-05-18,L'arome Vanilla Susu 500gr,1.0,pcs,255000.0,0.0,-1426850.0,Mei,Expense Mei,L'AROME VANILLA SUSU 500GR,False
PCE-1792,2026-05-18,parkir intisari,1.0,time,2000.0,0.0,-1428850.0,Mei,Expense Mei,PARKIR INTISARI,False
PCE-1793,2026-05-18,Skppy Chnky Pnut Btter 340gr,1.0,pcs,52000.0,0.0,-1480850.0,Mei,Expense Mei,SKPPY CHNKY PNUT BTTER 340GR,False
PCE-1794,2026-05-18,Nutella 1kg,1.0,pcs,203000.0,0.0,-1683850.0,Mei,Expense Mei,NUTELLA 1KG,False
PCE-1795,2026-05-18,Spork Hitam (Sendok Garpu),200.0,pcs,46000.0,0.0,-1729850.0,Mei,Expense Mei,SPORK HITAM (SENDOK GARPU),False
PCE-1796,2026-05-18,es,1.0,pcs,10000.0,0.0,-1739850.0,Mei,Expense Mei,ES,False
PCE-1797,2026-05-18,Baterai AAA,1.0,pack,10000.0,0.0,-1749850.0,Mei,Expense Mei,BATERAI AAA,False
PCE-1798,2026-05-18,Aqua Galon,2.0,pcs,46000.0,0.0,-1795850.0,Mei,Expense Mei,AQUA GALON,False
PCE-1799,2026-05-18,Refill Gas 50kg,1.0,pcs,1070000.0,0.0,-2865850.0,Mei,Expense Mei,REFILL GAS 50KG,False
PCE-1800,2026-05-18,Pisang Cavendish,1.8,kg,54000.0,0.0,-2919850.0,Mei,Expense Mei,PISANG CAVENDISH,False
PCE-1801,2026-05-18,Lettuce Iceberg,1.0,kg,60000.0,0.0,-2979850.0,Mei,Expense Mei,LETTUCE ICEBERG,False
PCE-1802,2026-05-19,Telur Omega 3,10.0,pcs,28900.0,0.0,-3008750.0,Mei,Expense Mei,TELUR OMEGA 3,False
PCE-1803,2026-05-19,Minyak Kita 1L,12.0,pcs,242000.0,0.0,-3250750.0,Mei,Expense Mei,MINYAK KITA 1L,False
PCE-1804,2026-05-19,es,1.0,pack,10000.0,0.0,-3260750.0,Mei,Expense Mei,ES,False
PCE-1805,2026-05-20,S&W Whle Dlls Pckle Ghrkns 680gr,1.0,pcs,55000.0,0.0,-3315750.0,Mei,Expense Mei,S&W WHLE DLLS PCKLE GHRKNS 680GR,False
PCE-1806,2026-05-20,Indomilk UHT Cho 900 ml,2.0,pcs,34400.0,0.0,-3350150.0,Mei,Expense Mei,INDOMILK UHT CHO 900 ML,False
PCE-1807,2026-05-20,plastic shopbag,1.0,pcs,200.0,0.0,-3350350.0,Mei,Expense Mei,PLASTIC SHOPBAG,False
PCE-1808,2026-05-20,parkir superindo,1.0,time,2000.0,0.0,-3352350.0,Mei,Expense Mei,PARKIR SUPERINDO,False
PCE-1809,2026-05-20,Telur Ayam,15.0,kg,343500.0,0.0,-3695850.0,Mei,Expense Mei,TELUR AYAM,False
PCE-1810,2026-05-20,es,2.0,pack,20000.0,0.0,-3715850.0,Mei,Expense Mei,ES,False
PCE-1811,2026-05-20,Daun Bawang,1.0,pax,5000.0,0.0,-3720850.0,Mei,Expense Mei,DAUN BAWANG,False
PCE-1812,2026-05-20,ongkir shopeexpress berlyanfood,1.0,time,22000.0,0.0,-3742850.0,Mei,Expense Mei,ONGKIR SHOPEEXPRESS BERLYANFOOD,False
PCE-1813,2026-05-21,Additional Petty Cash,1.0,time,0.0,4947850.0,1205000.0,Mei,Expense Mei,ADDITIONAL PETTY CASH,True
PCE-1814,2026-05-21,Telur Omega 3,20.0,pcs,56000.0,0.0,1149000.0,Mei,Expense Mei,TELUR OMEGA 3,False
PCE-1815,2026-05-21,ongkir shopeexpress telur,1.0,time,10000.0,0.0,1139000.0,Mei,Expense Mei,ONGKIR SHOPEEXPRESS TELUR,False
PCE-1816,2026-05-21,Isi Paket Data HP Gudang,1.0,time,51000.0,0.0,1088000.0,Mei,Expense Mei,ISI PAKET DATA HP GUDANG,False
PCE-1817,2026-05-21,Karangan Bunga Belasungkawa,1.0,pax,150000.0,0.0,938000.0,Mei,Expense Mei,KARANGAN BUNGA BELASUNGKAWA,False
PCE-1818,2026-05-21,Kresek PE Size15,2.0,pack,26200.0,0.0,911800.0,Mei,Expense Mei,KRESEK PE SIZE15,False
PCE-1819,2026-05-21,Kresek PE Size28,3.0,pack,70800.0,0.0,841000.0,Mei,Expense Mei,KRESEK PE SIZE28,False
PCE-1820,2026-05-21,Cup Sambung 35ml LUX,600.0,pcs,144000.0,0.0,697000.0,Mei,Expense Mei,CUP SAMBUNG 35ML LUX,False
PCE-1821,2026-05-21,ongkir shopeexpress toko enampuluh,1.0,time,5000.0,0.0,692000.0,Mei,Expense Mei,ONGKIR SHOPEEXPRESS TOKO ENAMPULUH,False
PCE-1822,2026-05-21,es,1.0,pack,10000.0,0.0,682000.0,Mei,Expense Mei,ES,False
PCE-1823,2026-05-21,Aqua Galon,1.0,pcs,23000.0,0.0,659000.0,Mei,Expense Mei,AQUA GALON,False
PCE-1824,2026-05-21,Air Isi Ulang,1.0,pcs,7000.0,0.0,652000.0,Mei,Expense Mei,AIR ISI ULANG,False
PCE-1825,2026-05-22,Yutakachi Cabai Bubuk 1kg,1.0,pcs,92000.0,0.0,560000.0,Mei,Expense Mei,YUTAKACHI CABAI BUBUK 1KG,False
PCE-1826,2026-05-22,es,1.0,pack,10000.0,0.0,550000.0,Mei,Expense Mei,ES,False
PCE-1827,2026-05-22,Diamond UHT Full Cream Plain 1L,12.0,pcs,240000.0,0.0,310000.0,Mei,Expense Mei,DIAMOND UHT FULL CREAM PLAIN 1L,False
PCE-1828,2026-05-22,L'arome Vanilla Susu 500gr,1.0,pcs,255000.0,0.0,55000.0,Mei,Expense Mei,L'AROME VANILLA SUSU 500GR,False
PCE-1829,2026-05-22,ongkir shopeexpress intisari,1.0,time,7000.0,0.0,48000.0,Mei,Expense Mei,ONGKIR SHOPEEXPRESS INTISARI,False
PCE-1830,2026-05-22,Minyak Kita 1L,36.0,pcs,720000.0,0.0,-672000.0,Mei,Expense Mei,MINYAK KITA 1L,False
PCE-1831,2026-05-22,Ivory 260 Ukuran A4,1.0,pcs,5500.0,0.0,-677500.0,Mei,Expense Mei,IVORY 260 UKURAN A4,False
PCE-1832,2026-05-22,Laminasi Doff 1 Sisi,1.0,pcs,2500.0,0.0,-680000.0,Mei,Expense Mei,LAMINASI DOFF 1 SISI,False
PCE-1833,2026-05-22,"Oracal Ukuran 9x3,4 (8pcs)",1.0,pcs,19600.0,0.0,-699600.0,Mei,Expense Mei,"ORACAL UKURAN 9X3,4 (8PCS)",False
PCE-1834,2026-05-22,"Oracal Ukuran 9x1,7 (8pcs)",1.0,pcs,10000.0,0.0,-709600.0,Mei,Expense Mei,"ORACAL UKURAN 9X1,7 (8PCS)",False
PCE-1835,2026-05-22,ongkir shopeexpress artline,1.0,time,5000.0,0.0,-714600.0,Mei,Expense Mei,ONGKIR SHOPEEXPRESS ARTLINE,False
PCE-1836,2026-05-22,Es Krim Vanilla 8L,1.0,pcs,175000.0,0.0,-889600.0,Mei,Expense Mei,ES KRIM VANILLA 8L,False
PCE-1837,2026-05-22,Additional Petty Cash,1.0,time,0.0,1889600.0,1000000.0,Mei,Expense Mei,ADDITIONAL PETTY CASH,True
PCE-1838,2026-05-22,Lettuce Iceberg,1.0,kg,60000.0,0.0,940000.0,Mei,Expense Mei,LETTUCE ICEBERG,False
PCE-1839,2026-05-22,Pisang Cavendish Sunpride,1.5,gr,45000.0,0.0,895000.0,Mei,Expense Mei,PISANG CAVENDISH SUNPRIDE,False
PCE-1840,2026-05-22,Parsley,200.0,gr,14000.0,0.0,881000.0,Mei,Expense Mei,PARSLEY,False
PCE-1841,2026-05-22,Daun Bawang,200.0,gr,3000.0,0.0,878000.0,Mei,Expense Mei,DAUN BAWANG,False
PCE-1842,2026-05-22,Red Cabbage,1.5,kg,67500.0,0.0,810500.0,Mei,Expense Mei,RED CABBAGE,False
PCE-1843,2026-05-22,Kol,800.0,gr,12000.0,0.0,798500.0,Mei,Expense Mei,KOL,False
PCE-1844,2026-05-22,Kucai,200.0,gr,8000.0,0.0,790500.0,Mei,Expense Mei,KUCAI,False
PCE-1845,2026-05-22,Coriander,200.0,gr,30000.0,0.0,760500.0,Mei,Expense Mei,CORIANDER,False
PCE-1846,2026-05-22,Cabai Rawit,500.0,gr,50000.0,0.0,710500.0,Mei,Expense Mei,CABAI RAWIT,False
PCE-1847,2026-05-22,Wortel,400.0,gr,6000.0,0.0,704500.0,Mei,Expense Mei,WORTEL,False
PCE-1848,2026-05-22,Daun Salam,100.0,gr,1500.0,0.0,703000.0,Mei,Expense Mei,DAUN SALAM,False
PCE-1849,2026-05-22,Bawang Merah Kupas,100.0,gr,5500.0,0.0,697500.0,Mei,Expense Mei,BAWANG MERAH KUPAS,False
PCE-1850,2026-05-23,es,2.0,pack,20000.0,0.0,677500.0,Mei,Expense Mei,ES,False
PCE-1851,2026-05-23,Ongkir Shopeexpress Marinasi Ayam,1.0,time,37000.0,0.0,640500.0,Mei,Expense Mei,ONGKIR SHOPEEXPRESS MARINASI AYAM,False
PCE-1852,2026-05-23,Kraft All in 1 Cheddar Blok 2kg,1.0,pcs,145000.0,0.0,495500.0,Mei,Expense Mei,KRAFT ALL IN 1 CHEDDAR BLOK 2KG,False
PCE-1853,2026-05-23,L'arome Vanilla Susu 500gr,1.0,pcs,255000.0,0.0,240500.0,Mei,Expense Mei,L'AROME VANILLA SUSU 500GR,False
PCE-1854,2026-05-23,Anchor New Zealand Unsalted Butter 7gr,50.0,pcs,137500.0,0.0,103000.0,Mei,Expense Mei,ANCHOR NEW ZEALAND UNSALTED BUTTER 7GR,False
PCE-1855,2026-05-23,ongkir shopeexpress intisari,1.0,time,5000.0,0.0,98000.0,Mei,Expense Mei,ONGKIR SHOPEEXPRESS INTISARI,False
PCE-1856,2026-05-23,Kara Santan 200ml,3.0,pcs,52500.0,0.0,45500.0,Mei,Expense Mei,KARA SANTAN 200ML,False
PCE-1857,2026-05-23,Mama/S Rumput Laut Panggang 6x4,1.0,pack,27000.0,0.0,18500.0,Mei,Expense Mei,MAMA/S RUMPUT LAUT PANGGANG 6X4,False
PCE-1858,2026-05-24,Aqua Galon,2.0,pcs,46000.0,0.0,-27500.0,Mei,Expense Mei,AQUA GALON,False
PCE-1859,2026-05-24,Air Isi Ulang,1.0,pcs,7000.0,0.0,-34500.0,Mei,Expense Mei,AIR ISI ULANG,False
PCE-1860,2026-05-24,es,2.0,pack,20000.0,0.0,-54500.0,Mei,Expense Mei,ES,False
PCE-1861,2026-05-24,Ongkir Shopeexpress Berlyanfood,1.0,time,30000.0,0.0,-84500.0,Mei,Expense Mei,ONGKIR SHOPEEXPRESS BERLYANFOOD,False
PCE-1862,2026-05-25,es,2.0,pack,20000.0,0.0,-104500.0,Mei,Expense Mei,ES,False
PCE-1863,2026-05-25,Refund Customer Kelebihan Input Menu,1.0,time,33000.0,0.0,-137500.0,Mei,Expense Mei,REFUND CUSTOMER KELEBIHAN INPUT MENU,False
PCE-1864,2026-05-25,Tepung Maizena 1kg,5.0,pack,85000.0,0.0,-222500.0,Mei,Expense Mei,TEPUNG MAIZENA 1KG,False
PCE-1865,2026-05-25,Mosa Soda Chargers,20.0,pcs,150000.0,0.0,-372500.0,Mei,Expense Mei,MOSA SODA CHARGERS,False
PCE-1866,2026-05-25,Nutella 3kg,1.0,pack,525000.0,0.0,-897500.0,Mei,Expense Mei,NUTELLA 3KG,False
PCE-1867,2026-05-25,Milac Gold Cooking Cream 1L,1.0,pack,73500.0,0.0,-971000.0,Mei,Expense Mei,MILAC GOLD COOKING CREAM 1L,False
PCE-1868,2026-05-25,Indo Ice Cream Vanilla 8L,1.0,box,165000.0,0.0,-1136000.0,Mei,Expense Mei,INDO ICE CREAM VANILLA 8L,False
PCE-1869,2026-05-25,Telur Omega 3,10.0,pcs,28900.0,0.0,-1164900.0,Mei,Expense Mei,TELUR OMEGA 3,False
PCE-1870,2026-05-25,Tepung Cakra Kembar Premium 1kg,3.0,pcs,42000.0,0.0,-1206900.0,Mei,Expense Mei,TEPUNG CAKRA KEMBAR PREMIUM 1KG,False
PCE-1871,2026-05-25,Maizenaku 1kg,4.0,pcs,96000.0,0.0,-1302900.0,Mei,Expense Mei,MAIZENAKU 1KG,False
PCE-1872,2026-05-26,Aqua Galon,1.0,pcs,23000.0,0.0,-1325900.0,Mei,Expense Mei,AQUA GALON,False
PCE-1873,2026-05-26,Air Isi Ulang,1.0,pcs,7000.0,0.0,-1332900.0,Mei,Expense Mei,AIR ISI ULANG,False
PCE-1874,2026-05-26,es,2.0,pack,20000.0,0.0,-1352900.0,Mei,Expense Mei,ES,False
PCE-1875,2026-05-26,Akrilik A4 Warna Merah Flated,1.0,pcs,103850.0,0.0,-1456750.0,Mei,Expense Mei,AKRILIK A4 WARNA MERAH FLATED,False
PCE-1876,2026-05-26,Lettuce Iceberg,1.0,kg,60000.0,0.0,-1516750.0,Mei,Expense Mei,LETTUCE ICEBERG,False
PCE-1877,2026-05-26,Kol,1.6,kg,24000.0,0.0,-1540750.0,Mei,Expense Mei,KOL,False
PCE-1878,2026-05-26,Red Cabbage,2.4,kg,108000.0,0.0,-1648750.0,Mei,Expense Mei,RED CABBAGE,False
PCE-1879,2026-05-26,Wortel,400.0,gr,6400.0,0.0,-1655150.0,Mei,Expense Mei,WORTEL,False
PCE-1880,2026-05-26,Daun Bawang,500.0,gr,7500.0,0.0,-1662650.0,Mei,Expense Mei,DAUN BAWANG,False
PCE-1881,2026-05-26,Pisang Cavendish Sunpride,2.1,kg,63000.0,0.0,-1725650.0,Mei,Expense Mei,PISANG CAVENDISH SUNPRIDE,False
PCE-1882,2026-05-26,Telur Omega 3,20.0,pcs,56000.0,0.0,-1781650.0,Mei,Expense Mei,TELUR OMEGA 3,False
PCE-1883,2026-05-26,Minyak Kita 1L,12.0,pcs,242000.0,0.0,-2023650.0,Mei,Expense Mei,MINYAK KITA 1L,False
PCE-1884,2026-05-26,Spork Hitam (Sendok Garpu),300.0,pcs,69000.0,0.0,-2092650.0,Mei,Expense Mei,SPORK HITAM (SENDOK GARPU),False
PCE-1885,2026-05-26,Minyak Kita 1L,36.0,pcs,708000.0,0.0,-2800650.0,Mei,Expense Mei,MINYAK KITA 1L,False
PCE-1886,2026-05-26,"La Costena Chipotle in Sauce 2,8kg",1.0,pcs,504000.0,0.0,-3304650.0,Mei,Expense Mei,"LA COSTENA CHIPOTLE IN SAUCE 2,8KG",False
PCE-1887,2026-05-27,es,2.0,pack,20000.0,0.0,-3324650.0,Mei,Expense Mei,ES,False
PCE-1888,2026-05-27,Ongkir Shopeexpress Berlyanfood,1.0,time,30000.0,0.0,-3354650.0,Mei,Expense Mei,ONGKIR SHOPEEXPRESS BERLYANFOOD,False
PCE-1889,2026-05-27,Skppy Crmy Pnut Btter 500gr,1.0,pcs,52000.0,0.0,-3406650.0,Mei,Expense Mei,SKPPY CRMY PNUT BTTER 500GR,False
PCE-1890,2026-05-27,ongkir shopeexpress gluckmart,1.0,time,12000.0,0.0,-3418650.0,Mei,Expense Mei,ONGKIR SHOPEEXPRESS GLUCKMART,False
PCE-1891,2026-05-27,Es Krim Vanilla 8L,1.0,pcs,182110.0,0.0,-3600760.0,Mei,Expense Mei,ES KRIM VANILLA 8L,False
PCE-1892,2026-05-27,Tepung Segitiga Biru Premium 1kg,3.0,pcs,37800.0,0.0,-3638560.0,Mei,Expense Mei,TEPUNG SEGITIGA BIRU PREMIUM 1KG,False
PCE-1893,2026-05-27,Tepung Cakra Kembar Premium 1kg,2.0,pcs,33000.0,0.0,-3671560.0,Mei,Expense Mei,TEPUNG CAKRA KEMBAR PREMIUM 1KG,False
PCE-1894,2026-05-27,plastic shopbag,1.0,pcs,500.0,0.0,-3672060.0,Mei,Expense Mei,PLASTIC SHOPBAG,False
PCE-1895,2026-05-27,Mama/S R/L Pangg1,12.0,pcs,52900.0,0.0,-3724960.0,Mei,Expense Mei,MAMA/S R/L PANGG1,False
PCE-1896,2026-05-27,Ultra UHT Cho 1000ml,2.0,pcs,37000.0,0.0,-3761960.0,Mei,Expense Mei,ULTRA UHT CHO 1000ML,False
PCE-1897,2026-05-27,plastic shopbag,1.0,pcs,200.0,0.0,-3762160.0,Mei,Expense Mei,PLASTIC SHOPBAG,False
PCE-1898,2026-05-28,Additional Petty Cash,1.0,time,0.0,5051718.0,1289558.0,Mei,Expense Mei,ADDITIONAL PETTY CASH,True
PCE-1899,2026-05-28,Isi Pulsa HP Toko via BCA,1.0,pax,17000.0,0.0,1272558.0,Mei,Expense Mei,ISI PULSA HP TOKO VIA BCA,False
PCE-1900,2026-05-28,Ketumbar Bubuk 1kg,1.0,pcs,60000.0,0.0,1212558.0,Mei,Expense Mei,KETUMBAR BUBUK 1KG,False
PCE-1901,2026-05-28,Paprika Powder 1kg,1.0,pcs,60892.0,0.0,1151666.0,Mei,Expense Mei,PAPRIKA POWDER 1KG,False
PCE-1902,2026-05-28,Garam Masala AI 45gr,4.0,pcs,60000.0,0.0,1091666.0,Mei,Expense Mei,GARAM MASALA AI 45GR,False
PCE-1903,2026-05-28,Mc Lewis Chili Sauce 135gr,5.0,pcs,34700.0,0.0,1056966.0,Mei,Expense Mei,MC LEWIS CHILI SAUCE 135GR,False
PCE-1904,2026-05-28,Star Village Sunflower Oil 5L,1.0,pcs,248000.0,0.0,808966.0,Mei,Expense Mei,STAR VILLAGE SUNFLOWER OIL 5L,False
PCE-1905,2026-05-28,Bawang Bombay (26/05),4.0,kg,144000.0,0.0,664966.0,Mei,Expense Mei,BAWANG BOMBAY (26/05),False
PCE-1906,2026-05-28,Refill Gas 50kg,1.0,pcs,1070000.0,0.0,-405034.0,Mei,Expense Mei,REFILL GAS 50KG,False
PCE-1907,2026-05-28,Cup Polos 14oz,100.0,pcs,24000.0,0.0,-429034.0,Mei,Expense Mei,CUP POLOS 14OZ,False
PCE-1908,2026-05-29,So Soft Liquid Det Floral Lily Btl 700ml,1.0,pcs,15662.0,0.0,-444696.0,Mei,Expense Mei,SO SOFT LIQUID DET FLORAL LILY BTL 700ML,False
PCE-1909,2026-05-29,Mr Muscle Kitchen Lemon Ref 800ml,1.0,pcs,11150.0,0.0,-455846.0,Mei,Expense Mei,MR MUSCLE KITCHEN LEMON REF 800ML,False
PCE-1910,2026-05-29,plastic shopbag,1.0,pcs,300.0,0.0,-456146.0,Mei,Expense Mei,PLASTIC SHOPBAG,False
PCE-1911,2026-05-29,parkir pamela,1.0,time,1000.0,0.0,-457146.0,Mei,Expense Mei,PARKIR PAMELA,False
PCE-1912,2026-05-29,Spork Hitam (Sendok Garpu),300.0,pcs,69000.0,0.0,-526146.0,Mei,Expense Mei,SPORK HITAM (SENDOK GARPU),False
PCE-1913,2026-05-29,ongkir shopeexpress packmarket,1.0,time,6000.0,0.0,-532146.0,Mei,Expense Mei,ONGKIR SHOPEEXPRESS PACKMARKET,False
PCE-1914,2026-05-29,Ultra UHT Cho 1000ml (25/05),3.0,pcs,55470.0,0.0,-587616.0,Mei,Expense Mei,ULTRA UHT CHO 1000ML (25/05),False
PCE-1915,2026-05-29,Sunpride Pisang W 25/05),724.0,gr,19430.0,0.0,-607046.0,Mei,Expense Mei,SUNPRIDE PISANG W 25/05),False
PCE-1916,2026-05-29,plastic shopbag (25/05),1.0,pcs,200.0,0.0,-607246.0,Mei,Expense Mei,PLASTIC SHOPBAG (25/05),False
PCE-1917,2026-05-29,parkir superindo (25/05),1.0,time,2000.0,0.0,-609246.0,Mei,Expense Mei,PARKIR SUPERINDO (25/05),False
PCE-1918,2026-05-29,Grandairy Full Cream 1L,12.0,pcs,218300.0,0.0,-827546.0,Mei,Expense Mei,GRANDAIRY FULL CREAM 1L,False
PCE-1919,2026-05-29,Dua Belibis Cuka Dapur 650ml,3.0,pcs,36000.0,0.0,-863546.0,Mei,Expense Mei,DUA BELIBIS CUKA DAPUR 650ML,False
PCE-1920,2026-05-29,Maizenaku 1kg,5.0,pcs,120000.0,0.0,-983546.0,Mei,Expense Mei,MAIZENAKU 1KG,False
PCE-1921,2026-05-29,Telur Ayam,15.0,kg,358500.0,0.0,-1342046.0,Mei,Expense Mei,TELUR AYAM,False
PCE-1922,2026-05-29,es,2.0,pack,20000.0,0.0,-1362046.0,Mei,Expense Mei,ES,False
PCE-1923,2026-05-29,Aqua Galon,2.0,pcs,46000.0,0.0,-1408046.0,Mei,Expense Mei,AQUA GALON,False
PCE-1924,2026-05-29,Air Isi Ulang,1.0,pcs,7000.0,0.0,-1415046.0,Mei,Expense Mei,AIR ISI ULANG,False
PCE-1925,2026-05-30,Anchor Unsalted Butter Portion 7gr,50.0,pcs,175000.0,0.0,-1590046.0,Mei,Expense Mei,ANCHOR UNSALTED BUTTER PORTION 7GR,False
PCE-1926,2026-05-30,es,2.0,pack,20000.0,0.0,-1610046.0,Mei,Expense Mei,ES,False
PCE-1927,2026-05-30,Santos Powder Creamer 1kg ,3.0,pack,132000.0,0.0,-1742046.0,Mei,Expense Mei,SANTOS POWDER CREAMER 1KG,False
PCE-1928,2026-05-30,Indo Ice Cream Vanilla 8L,1.0,box,165000.0,0.0,-1907046.0,Mei,Expense Mei,INDO ICE CREAM VANILLA 8L,False
PCE-1929,2026-05-30,Vinmatte Diecut 1x (Sticker Uncle Masala),1.0,pack,22500.0,0.0,-1929546.0,Mei,Expense Mei,VINMATTE DIECUT 1X (STICKER UNCLE MASALA),False
PCE-1930,2026-05-30,ongkir shopeexpress sticker,1.0,time,5000.0,0.0,-1934546.0,Mei,Expense Mei,ONGKIR SHOPEEXPRESS STICKER,False
PCE-1931,2026-05-30,Lotus Biscoff Biscuit Caramel,3.0,pcs,129000.0,0.0,-2063546.0,Mei,Expense Mei,LOTUS BISCOFF BISCUIT CARAMEL,False
PCE-1932,2026-05-30,Diamond UHT Full Cream Plain 1L,12.0,pcs,240000.0,0.0,-2303546.0,Mei,Expense Mei,DIAMOND UHT FULL CREAM PLAIN 1L,False
PCE-1933,2026-05-30,Luna Life Food Chopper FP-02,1.0,pcs,134600.0,0.0,-2438146.0,Mei,Expense Mei,LUNA LIFE FOOD CHOPPER FP-02,False
PCE-1934,2026-05-30,Lettuce Iceberg,1.0,kg,60000.0,0.0,-2498146.0,Mei,Expense Mei,LETTUCE ICEBERG,False
PCE-1935,2026-05-30,Kucai,500.0,gr,6000.0,0.0,-2504146.0,Mei,Expense Mei,KUCAI,False
PCE-1936,2026-05-30,Kol Ungu,1.0,kg,45000.0,0.0,-2549146.0,Mei,Expense Mei,KOL UNGU,False
PCE-1937,2026-05-30,Kubis,1.5,kg,22500.0,0.0,-2571646.0,Mei,Expense Mei,KUBIS,False
PCE-1938,2026-05-31,Anchor Unsalted Butter Portion 7gr,50.0,pcs,200000.0,0.0,-2771646.0,Mei,Expense Mei,ANCHOR UNSALTED BUTTER PORTION 7GR,False
PCE-1939,2026-05-31,es,2.0,pack,20000.0,0.0,-2791646.0,Mei,Expense Mei,ES,False
PCE-1940,2026-05-31,Ongkir Shopeexpress Berlyanfood,1.0,time,29500.0,0.0,-2821146.0,Mei,Expense Mei,ONGKIR SHOPEEXPRESS BERLYANFOOD,False
PCE-1941,2026-05-31,Additional Petty Cash,0.0,,0.0,2821146.0,0.0,Mei,Expense Mei,ADDITIONAL PETTY CASH,True
PCE-1942,2026-06-01,Additional Petty Cash,1.0,time,0.0,2000000.0,2000000.0,Juni,Expense Juni,ADDITIONAL PETTY CASH,True
PCE-1943,2026-06-01,Spatula Sekop,3.0,pcs,58500.0,0.0,1941500.0,Juni,Expense Juni,SPATULA SEKOP,False
PCE-1944,2026-06-01,Segitiga Biru Premium 1kg,7.0,pcs,94500.0,0.0,1847000.0,Juni,Expense Juni,SEGITIGA BIRU PREMIUM 1KG,False
PCE-1945,2026-06-01,Maizenaku 1kg,5.0,pcs,120000.0,0.0,1727000.0,Juni,Expense Juni,MAIZENAKU 1KG,False
PCE-1946,2026-06-01,Cakra Kembar Premium 1kg,4.0,pcs,53300.0,0.0,1673700.0,Juni,Expense Juni,CAKRA KEMBAR PREMIUM 1KG,False
PCE-1947,2026-06-01,Garam Masala AI 45gr,2.0,pcs,30000.0,0.0,1643700.0,Juni,Expense Juni,GARAM MASALA AI 45GR,False
PCE-1948,2026-06-01,Whipping Cream Millac Gold 1L,1.0,pcs,75000.0,0.0,1568700.0,Juni,Expense Juni,WHIPPING CREAM MILLAC GOLD 1L,False
PCE-1949,2026-06-01,parkir gluckmart,1.0,time,2000.0,0.0,1566700.0,Juni,Expense Juni,PARKIR GLUCKMART,False
PCE-1950,2026-06-01,Aqua Galon,2.0,pcs,46000.0,0.0,1520700.0,Juni,Expense Juni,AQUA GALON,False
PCE-1951,2026-06-01,Air Isi Ulang,1.0,pcs,7000.0,0.0,1513700.0,Juni,Expense Juni,AIR ISI ULANG,False
PCE-1952,2026-06-01,es,1.0,pack,20000.0,0.0,1493700.0,Juni,Expense Juni,ES,False
PCE-1953,2026-06-01,Ongkir Shopeexpress BerlyanFood,1.0,time,30000.0,0.0,1463700.0,Juni,Expense Juni,ONGKIR SHOPEEXPRESS BERLYANFOOD,False
PCE-1954,2026-06-01,Lettuce Iceberg,500.0,gr,30000.0,0.0,1433700.0,Juni,Expense Juni,LETTUCE ICEBERG,False
PCE-1955,2026-06-01,Iuran Sampah Juni,1.0,time,400000.0,0.0,1033700.0,Juni,Expense Juni,IURAN SAMPAH JUNI,False
PCE-1956,2026-06-01,Millac Gold Cooking Cream 1 L,2.0,pack,147000.0,0.0,886700.0,Juni,Expense Juni,MILLAC GOLD COOKING CREAM 1 L,False
PCE-1957,2026-06-01,Garam Refina 250gr,40.0,pcs,160000.0,0.0,726700.0,Juni,Expense Juni,GARAM REFINA 250GR,False
PCE-1958,2026-06-01,Frutaneira Ecoline Peach Halves in Syrup 8500gr,1.0,can,50000.0,0.0,676700.0,Juni,Expense Juni,FRUTANEIRA ECOLINE PEACH HALVES IN SYRUP 8500GR,False
PCE-1959,2026-06-01,Country Kitchen Original 710ml,3.0,pcs,267000.0,0.0,409700.0,Juni,Expense Juni,COUNTRY KITCHEN ORIGINAL 710ML,False
PCE-1960,2026-06-01,ongkir shopeexpress intisari,1.0,time,5000.0,0.0,404700.0,Juni,Expense Juni,ONGKIR SHOPEEXPRESS INTISARI,False
PCE-1961,2026-06-02,es,1.0,pack,10000.0,0.0,394700.0,Juni,Expense Juni,ES,False
PCE-1962,2026-06-02,Lettuce Iceberg,1.0,kg,60000.0,0.0,334700.0,Juni,Expense Juni,LETTUCE ICEBERG,False
PCE-1963,2026-06-02,Isi Token Listrik Atas via BCA,1.0,time,103000.0,0.0,231700.0,Juni,Expense Juni,ISI TOKEN LISTRIK ATAS VIA BCA,False
PCE-1964,2026-06-02,LKK Sesame Oil 115ml,3.0,pcs,142500.0,0.0,89200.0,Juni,Expense Juni,LKK SESAME OIL 115ML,False
PCE-1965,2026-06-02,Minyak Kita 1L,12.0,pcs,236000.0,0.0,-146800.0,Juni,Expense Juni,MINYAK KITA 1L,False
PCE-1966,2026-06-02,Gula Pasir Curah,1.0,pcs,17000.0,0.0,-163800.0,Juni,Expense Juni,GULA PASIR CURAH,False
PCE-1967,2026-06-02,Skippy Creamy Peanut 340gr,1.0,pcs,46000.0,0.0,-209800.0,Juni,Expense Juni,SKIPPY CREAMY PEANUT 340GR,False
PCE-1968,2026-06-02,Dae Chun Gimbap Nori 22gr,1.0,pcs,27000.0,0.0,-236800.0,Juni,Expense Juni,DAE CHUN GIMBAP NORI 22GR,False
PCE-1969,2026-06-02,Diamond UHT Milk Coklat 1L,3.0,pcs,61500.0,0.0,-298300.0,Juni,Expense Juni,DIAMOND UHT MILK COKLAT 1L,False
PCE-1970,2026-06-02,Country Kitchen Original 710ml,3.0,pcs,267000.0,0.0,-565300.0,Juni,Expense Juni,COUNTRY KITCHEN ORIGINAL 710ML,False
PCE-1971,2026-06-02,Minyak Kita 1L,24.0,pcs,470000.0,0.0,-1035300.0,Juni,Expense Juni,MINYAK KITA 1L,False
PCE-1972,2026-06-03,Isi Token Listrik Gudang Depan via Shopee,1.0,time,104000.0,0.0,-1139300.0,Juni,Expense Juni,ISI TOKEN LISTRIK GUDANG DEPAN VIA SHOPEE,False
PCE-1973,2026-06-03,PW Kuning Telur 1kg,1.0,pcs,45000.0,0.0,-1184300.0,Juni,Expense Juni,PW KUNING TELUR 1KG,False
PCE-1974,2026-06-03,Bogasari Tep. Cakra Kembar 1kg,7.0,pcs,94500.0,0.0,-1278800.0,Juni,Expense Juni,BOGASARI TEP. CAKRA KEMBAR 1KG,False
PCE-1975,2026-06-03,Dae Chun Gimbap Nori 22gr,3.0,pcs,81000.0,0.0,-1359800.0,Juni,Expense Juni,DAE CHUN GIMBAP NORI 22GR,False
PCE-1976,2026-06-03,Es Krim Vanilla 8L,1.0,pcs,182112.0,0.0,-1541912.0,Juni,Expense Juni,ES KRIM VANILLA 8L,False
PCE-1977,2026-06-03,Diamond UHT Full Cream 1L,12.0,pcs,245000.0,0.0,-1786912.0,Juni,Expense Juni,DIAMOND UHT FULL CREAM 1L,False
PCE-1978,2026-06-03,Segitiga Biru Premium 1kg,4.0,pcs,51100.0,0.0,-1838012.0,Juni,Expense Juni,SEGITIGA BIRU PREMIUM 1KG,False
PCE-1979,2026-06-03,Pisang Cavendish,1.0,kg,21000.0,0.0,-1859012.0,Juni,Expense Juni,PISANG CAVENDISH,False
PCE-1980,2026-06-03,Pisang Cavendish,1.0,kg,16000.0,0.0,-1875012.0,Juni,Expense Juni,PISANG CAVENDISH,False
PCE-1981,2026-06-03,es,1.0,pack,10000.0,0.0,-1885012.0,Juni,Expense Juni,ES,False
PCE-1982,2026-06-03,Aqua Asli,1.0,pcs,23000.0,0.0,-1908012.0,Juni,Expense Juni,AQUA ASLI,False
PCE-1983,2026-06-03,Ongkir Shopeexpress Roti China Colombo - KJ,1.0,time,7000.0,0.0,-1915012.0,Juni,Expense Juni,ONGKIR SHOPEEXPRESS ROTI CHINA COLOMBO - KJ,False
PCE-1984,2026-06-03,Ongkir Shopeexpress Packaging Roti China,1.0,time,8000.0,0.0,-1923012.0,Juni,Expense Juni,ONGKIR SHOPEEXPRESS PACKAGING ROTI CHINA,False
PCE-1985,2026-06-04,es,2.0,pack,20000.0,0.0,-1943012.0,Juni,Expense Juni,ES,False
PCE-1986,2026-06-04,Makan GC,9.0,org,225000.0,0.0,-2168012.0,Juni,Expense Juni,MAKAN GC,False
PCE-1987,2026-06-04,Grandairy UHT FC 1L,24.0,pcs,379000.0,0.0,-2547012.0,Juni,Expense Juni,GRANDAIRY UHT FC 1L,False
PCE-1988,2026-06-05,Cakra Kembar Premium 1kg,10.0,pcs,140000.0,0.0,-2687012.0,Juni,Expense Juni,CAKRA KEMBAR PREMIUM 1KG,False
PCE-1989,2026-06-05,Bola Deli Maizena 1kg,7.0,pcs,129500.0,0.0,-2816512.0,Juni,Expense Juni,BOLA DELI MAIZENA 1KG,False
PCE-1990,2026-06-05,Kresek PE Bening Size28,3.0,pack,97800.0,0.0,-2914312.0,Juni,Expense Juni,KRESEK PE BENING SIZE28,False
PCE-1991,2026-06-05,Kresek PE Bening Size24,3.0,pack,70800.0,0.0,-2985112.0,Juni,Expense Juni,KRESEK PE BENING SIZE24,False
PCE-1992,2026-06-05,ongkir shopeexpress toko enampuluh,1.0,time,5000.0,0.0,-2990112.0,Juni,Expense Juni,ONGKIR SHOPEEXPRESS TOKO ENAMPULUH,False
PCE-1993,2026-06-05,Country Kitchen Original 710ml,3.0,pcs,267000.0,0.0,-3257112.0,Juni,Expense Juni,COUNTRY KITCHEN ORIGINAL 710ML,False
PCE-1994,2026-06-05,Anchor New Zeeland Unsalted 7gr,50.0,pcs,137500.0,0.0,-3394612.0,Juni,Expense Juni,ANCHOR NEW ZEELAND UNSALTED 7GR,False
PCE-1995,2026-06-05,Skippy Creamy Peanut 340gr,1.0,pcs,46000.0,0.0,-3440612.0,Juni,Expense Juni,SKIPPY CREAMY PEANUT 340GR,False
PCE-1996,2026-06-05,ongkir shopeexpress intisari,1.0,time,5000.0,0.0,-3445612.0,Juni,Expense Juni,ONGKIR SHOPEEXPRESS INTISARI,False
PCE-1997,2026-06-05,Aqua Galon,2.0,pcs,46000.0,0.0,-3491612.0,Juni,Expense Juni,AQUA GALON,False
PCE-1998,2026-06-05,Air Isi Ulang,1.0,pcs,7000.0,0.0,-3498612.0,Juni,Expense Juni,AIR ISI ULANG,False
PCE-1999,2026-06-05,es,2.0,pack,20000.0,0.0,-3518612.0,Juni,Expense Juni,ES,False
PCE-2000,2026-06-05,Telur Omega,20.0,pcs,56000.0,0.0,-3574612.0,Juni,Expense Juni,TELUR OMEGA,False
PCE-2001,2026-06-05,Minyak Kita 1L,12.0,pcs,242000.0,0.0,-3816612.0,Juni,Expense Juni,MINYAK KITA 1L,False
PCE-2002,2026-06-05,Baterai Alkaline,1.0,pack,35000.0,0.0,-3851612.0,Juni,Expense Juni,BATERAI ALKALINE,False
PCE-2003,2026-06-05,Grandairy UHT FC 1L,24.0,pcs,379000.0,0.0,-4230612.0,Juni,Expense Juni,GRANDAIRY UHT FC 1L,False
PCE-2004,2026-06-05,Handgloves Plastik,75.0,pack,525000.0,0.0,-4755612.0,Juni,Expense Juni,HANDGLOVES PLASTIK,False
PCE-2005,2026-06-05,Straw Hygen Runcing Black,1000.0,pcs,74000.0,0.0,-4829612.0,Juni,Expense Juni,STRAW HYGEN RUNCING BLACK,False
PCE-2006,2026-06-05,Nutella 3kg,1.0,pail,525000.0,0.0,-5354612.0,Juni,Expense Juni,NUTELLA 3KG,False
PCE-2007,2026-06-05,Additional Petty Cash,1.0,time,0.0,5808612.0,454000.0,Juni,Expense Juni,ADDITIONAL PETTY CASH,True
PCE-2008,2026-06-06,Minyak Kita 1L,12.0,pcs,240000.0,0.0,214000.0,Juni,Expense Juni,MINYAK KITA 1L,False
PCE-2009,2026-06-06,Telur Ayam,15.0,kg,355500.0,0.0,-141500.0,Juni,Expense Juni,TELUR AYAM,False
PCE-2010,2026-06-06,Isi Token Listrik Bawah via BCA,1.0,time,203000.0,0.0,-344500.0,Juni,Expense Juni,ISI TOKEN LISTRIK BAWAH VIA BCA,False
PCE-2011,2026-06-06,Es Krim Vanilla 8L,1.0,pcs,176450.0,0.0,-520950.0,Juni,Expense Juni,ES KRIM VANILLA 8L,False
PCE-2012,2026-06-06,Kunyit Bubuk 500gr,1.0,pack,35000.0,0.0,-555950.0,Juni,Expense Juni,KUNYIT BUBUK 500GR,False
PCE-2013,2026-06-06,Jahe Putih Bubuk,1.0,pack,69500.0,0.0,-625450.0,Juni,Expense Juni,JAHE PUTIH BUBUK,False
PCE-2014,2026-06-06,es,1.0,pack,10000.0,0.0,-635450.0,Juni,Expense Juni,ES,False
PCE-2015,2026-06-06,Onion Powder 1kg,2.0,pack,120000.0,0.0,-755450.0,Juni,Expense Juni,ONION POWDER 1KG,False
PCE-2016,2026-06-06,Royco Kaldu Ayam 1kg,1.0,pcs,56200.0,0.0,-811650.0,Juni,Expense Juni,ROYCO KALDU AYAM 1KG,False
PCE-2017,2026-06-06,Refund Kelebihan Nominal Payment Customer,1.0,time,20000.0,0.0,-831650.0,Juni,Expense Juni,REFUND KELEBIHAN NOMINAL PAYMENT CUSTOMER,False
PCE-2018,2026-06-06,Lettuce Iceberg,1.0,kg,60000.0,0.0,-891650.0,Juni,Expense Juni,LETTUCE ICEBERG,False
PCE-2019,2026-06-06,Cabai Rawit,500.0,gr,42500.0,0.0,-934150.0,Juni,Expense Juni,CABAI RAWIT,False
PCE-2020,2026-06-06,Gula Pasir Curah,3.0,kg,69000.0,0.0,-1003150.0,Juni,Expense Juni,GULA PASIR CURAH,False
PCE-2021,2026-06-06,Wortel,380.0,gr,7600.0,0.0,-1010750.0,Juni,Expense Juni,WORTEL,False
PCE-2022,2026-06-06,Pisang Cavendish,2.3,kg,69000.0,0.0,-1079750.0,Juni,Expense Juni,PISANG CAVENDISH,False
PCE-2023,2026-06-06,Refill Gas 50kg,1.0,pcs,1070000.0,0.0,-2149750.0,Juni,Expense Juni,REFILL GAS 50KG,False
PCE-2024,2026-06-06,Service AC Clean,2.0,unit,200000.0,0.0,-2349750.0,Juni,Expense Juni,SERVICE AC CLEAN,False
PCE-2025,2026-06-06,Cek Tekanan Freon,2.0,unit,50000.0,0.0,-2399750.0,Juni,Expense Juni,CEK TEKANAN FREON,False
PCE-2026,2026-06-06,Cairan Pelindung Karat,1.0,pcs,40000.0,0.0,-2439750.0,Juni,Expense Juni,CAIRAN PELINDUNG KARAT,False
PCE-2027,2026-06-06,La Fonte Macaroni 500gr ,5.0,pack,82000.0,0.0,-2521750.0,Juni,Expense Juni,LA FONTE MACARONI 500GR,False
PCE-2028,2026-06-06,Kikkoman Kecap Asin Khas Jepang 150ml ,2.0,botol,42000.0,0.0,-2563750.0,Juni,Expense Juni,KIKKOMAN KECAP ASIN KHAS JEPANG 150ML,False
PCE-2029,2026-06-06,Knorr Beef 1kg,1.0,pack,102000.0,0.0,-2665750.0,Juni,Expense Juni,KNORR BEEF 1KG,False
PCE-2030,2026-06-06,"Delmonte Sauce Extra Hot 5,5kg",2.0,jerigen,225000.0,0.0,-2890750.0,Juni,Expense Juni,"DELMONTE SAUCE EXTRA HOT 5,5KG",False
PCE-2031,2026-06-06,"Delmonte Sauce Tomat 5,7kg",2.0,jerigen,184000.0,0.0,-3074750.0,Juni,Expense Juni,"DELMONTE SAUCE TOMAT 5,7KG",False
PCE-2032,2026-06-06,Diamond UHT Full Cream Plain 1Lt,12.0,pcs,234000.0,0.0,-3308750.0,Juni,Expense Juni,DIAMOND UHT FULL CREAM PLAIN 1LT,False
PCE-2033,2026-06-07,Str Bodrex Extra Tab 4s,1.0,pcs,2605.0,0.0,-3311355.0,Juni,Expense Juni,STR BODREX EXTRA TAB 4S,False
PCE-2034,2026-06-07,Tab Panadol Extra Cap L 100s,1.0,pcs,14760.0,0.0,-3326115.0,Juni,Expense Juni,TAB PANADOL EXTRA CAP L 100S,False
PCE-2035,2026-06-07,Str Promag Tab 10s St Rip 3s,1.0,pcs,9835.0,0.0,-3335950.0,Juni,Expense Juni,STR PROMAG TAB 10S ST RIP 3S,False
PCE-2036,2026-06-07,parkir k24,1.0,time,2000.0,0.0,-3337950.0,Juni,Expense Juni,PARKIR K24,False
PCE-2037,2026-06-07,Lotus Biscoff Biscuit Caramel,1.0,pcs,40000.0,0.0,-3377950.0,Juni,Expense Juni,LOTUS BISCOFF BISCUIT CARAMEL,False
PCE-2038,2026-06-07,Logcabin Country Kitchen Original 780 ml,3.0,pcs,267000.0,0.0,-3644950.0,Juni,Expense Juni,LOGCABIN COUNTRY KITCHEN ORIGINAL 780 ML,False
PCE-2039,2026-06-07,Anchor New Zeeland Unsalted 7gr,49.0,pcs,134750.0,0.0,-3779700.0,Juni,Expense Juni,ANCHOR NEW ZEELAND UNSALTED 7GR,False
PCE-2040,2026-06-07,Ongkir GoShop Intisari,1.0,time,20000.0,0.0,-3799700.0,Juni,Expense Juni,ONGKIR GOSHOP INTISARI,False
PCE-2041,2026-06-07,es,2.0,pack,20000.0,0.0,-3819700.0,Juni,Expense Juni,ES,False
PCE-2042,2026-06-07,Point Soda Kue 1kg,2.0,pcs,44000.0,0.0,-3863700.0,Juni,Expense Juni,POINT SODA KUE 1KG,False
PCE-2043,2026-06-07,Maspion Stick Mixer Sepasang,1.0,pcs,29000.0,0.0,-3892700.0,Juni,Expense Juni,MASPION STICK MIXER SEPASANG,False
PCE-2044,2026-06-07,Additional Petty Cash,1.0,time,0.0,4346700.0,454000.0,Juni,Expense Juni,ADDITIONAL PETTY CASH,True
PCE-2045,2026-06-08,Minyak Kita 1L,12.0,pcs,235000.0,0.0,219000.0,Juni,Expense Juni,MINYAK KITA 1L,False
PCE-2046,2026-06-08,Segitiga Biru Premium 1kg,7.0,pcs,94500.0,0.0,124500.0,Juni,Expense Juni,SEGITIGA BIRU PREMIUM 1KG,False
PCE-2047,2026-06-08,Cakra Kembar Premium 1kg,5.0,pcs,70000.0,0.0,54500.0,Juni,Expense Juni,CAKRA KEMBAR PREMIUM 1KG,False
PCE-2048,2026-06-08,Maizenaku 1kg,5.0,pcs,122200.0,0.0,-67700.0,Juni,Expense Juni,MAIZENAKU 1KG,False
PCE-2049,2026-06-08,Mc Lewis Mayonnaise 1kg,4.0,pcs,96000.0,0.0,-163700.0,Juni,Expense Juni,MC LEWIS MAYONNAISE 1KG,False
PCE-2050,2026-06-08,ongkir shopeexpress intisari,1.0,time,5000.0,0.0,-168700.0,Juni,Expense Juni,ONGKIR SHOPEEXPRESS INTISARI,False
PCE-2051,2026-06-08,Anchor New Zeeland Unsalted 7gr,50.0,pcs,137500.0,0.0,-306200.0,Juni,Expense Juni,ANCHOR NEW ZEELAND UNSALTED 7GR,False
PCE-2052,2026-06-08,es,2.0,pack,20000.0,0.0,-326200.0,Juni,Expense Juni,ES,False
PCE-2053,2026-06-08,Aqua Galon,2.0,pcs,46000.0,0.0,-372200.0,Juni,Expense Juni,AQUA GALON,False
PCE-2054,2026-06-08,Minyak Kita 1L,24.0,pcs,468000.0,0.0,-840200.0,Juni,Expense Juni,MINYAK KITA 1L,False
PCE-2055,2026-06-08,Bawang Bombay,3.0,kg,96000.0,0.0,-936200.0,Juni,Expense Juni,BAWANG BOMBAY,False
PCE-2056,2026-06-09,Rajawali Baking Powder Orange 500gr,1.0,pcs,31700.0,0.0,-967900.0,Juni,Expense Juni,RAJAWALI BAKING POWDER ORANGE 500GR,False
PCE-2057,2026-06-09,Ultramilk 1L,24.0,pcs,468000.0,0.0,-1435900.0,Juni,Expense Juni,ULTRAMILK 1L,False
PCE-2058,2026-06-09,Country Kitchen Original 710ml,3.0,pcs,267000.0,0.0,-1702900.0,Juni,Expense Juni,COUNTRY KITCHEN ORIGINAL 710ML,False
PCE-2059,2026-06-09,ongkir shopeexpress intisari,1.0,time,5000.0,0.0,-1707900.0,Juni,Expense Juni,ONGKIR SHOPEEXPRESS INTISARI,False
PCE-2060,2026-06-09,Btter Unslted Mni Anchor 7gr,50.0,pcs,203000.0,0.0,-1910900.0,Juni,Expense Juni,BTTER UNSLTED MNI ANCHOR 7GR,False
PCE-2061,2026-06-09,Maintenance Jalur Instalasi Listrik & Check Mesin Waffle,1.0,time,75000.0,0.0,-1985900.0,Juni,Expense Juni,MAINTENANCE JALUR INSTALASI LISTRIK & CHECK MESIN WAFFLE,False
PCE-2062,2026-06-09,La Fonte Macaroni 500gr 1x20,5.0,pack,82000.0,0.0,-2067900.0,Juni,Expense Juni,LA FONTE MACARONI 500GR 1X20,False
PCE-2063,2026-06-09,"Ciao Peeled Tomato 2,55kg",3.0,can,285000.0,0.0,-2352900.0,Juni,Expense Juni,"CIAO PEELED TOMATO 2,55KG",False
PCE-2064,2026-06-09,es,1.0,pack,10000.0,0.0,-2362900.0,Juni,Expense Juni,ES,False
PCE-2065,2026-06-10,Bagus Sikat Baju 20930,1.0,pcs,25000.0,0.0,-2387900.0,Juni,Expense Juni,BAGUS SIKAT BAJU 20930,False
PCE-2066,2026-06-10,Minyak Kita 1L,12.0,pcs,234000.0,0.0,-2621900.0,Juni,Expense Juni,MINYAK KITA 1L,False
PCE-2067,2026-06-10,Maizenaku 1kg,7.0,pcs,175000.0,0.0,-2796900.0,Juni,Expense Juni,MAIZENAKU 1KG,False
PCE-2068,2026-06-10,Segitiga Biru Premium 1kg,7.0,pcs,94500.0,0.0,-2891400.0,Juni,Expense Juni,SEGITIGA BIRU PREMIUM 1KG,False
PCE-2069,2026-06-10,Ultramilk Coklat 1L,3.0,pcs,55470.0,0.0,-2946870.0,Juni,Expense Juni,ULTRAMILK COKLAT 1L,False
PCE-2070,2026-06-10,plastic shopbag,1.0,pcs,200.0,0.0,-2947070.0,Juni,Expense Juni,PLASTIC SHOPBAG,False
PCE-2071,2026-06-10,Nasi (orderan masRizal),2.0,pcs,10000.0,0.0,-2957070.0,Juni,Expense Juni,NASI (ORDERAN MASRIZAL),False
PCE-2072,2026-06-10,Ongkir Shopeexpress Orderan masRizal Colombo - KJ,1.0,time,8000.0,0.0,-2965070.0,Juni,Expense Juni,ONGKIR SHOPEEXPRESS ORDERAN MASRIZAL COLOMBO - KJ,False
PCE-2073,2026-06-10,Radar Otomatis Pompa Air,1.0,pcs,70000.0,0.0,-3035070.0,Juni,Expense Juni,RADAR OTOMATIS POMPA AIR,False
PCE-2074,2026-06-10,Biscoff Biscuit 156gr Lotus,2.0,pcs,86000.0,0.0,-3121070.0,Juni,Expense Juni,BISCOFF BISCUIT 156GR LOTUS,False
PCE-2075,2026-06-10,Jasa Perbaikan Radar Otomatis Pompa Air,1.0,time,75000.0,0.0,-3196070.0,Juni,Expense Juni,JASA PERBAIKAN RADAR OTOMATIS POMPA AIR,False
PCE-2076,2026-06-10,es,2.0,pack,20000.0,0.0,-3216070.0,Juni,Expense Juni,ES,False
PCE-2077,2026-06-11,Anchor New Zeeland Unsalted 7gr,50.0,pcs,137500.0,0.0,-3353570.0,Juni,Expense Juni,ANCHOR NEW ZEELAND UNSALTED 7GR,False
PCE-2078,2026-06-11,Hercules Baking Powder 450gr,1.0,pcs,50500.0,0.0,-3404070.0,Juni,Expense Juni,HERCULES BAKING POWDER 450GR,False
PCE-2079,2026-06-11,Country Kitchen Original 710ml,2.0,pcs,178000.0,0.0,-3582070.0,Juni,Expense Juni,COUNTRY KITCHEN ORIGINAL 710ML,False
PCE-2080,2026-06-11,ongkir shopeexpress intisari,1.0,time,4000.0,0.0,-3586070.0,Juni,Expense Juni,ONGKIR SHOPEEXPRESS INTISARI,False
PCE-2081,2026-06-11,Pleasure Gold 1L,1.0,pcs,78500.0,0.0,-3664570.0,Juni,Expense Juni,PLEASURE GOLD 1L,False
PCE-2082,2026-06-11,Colatta Chochip Repack 500gr,1.0,pcs,43000.0,0.0,-3707570.0,Juni,Expense Juni,COLATTA CHOCHIP REPACK 500GR,False
PCE-2083,2026-06-11,Anchor Cheese Red Cheddar 84 slices,1.0,pack,176500.0,0.0,-3884070.0,Juni,Expense Juni,ANCHOR CHEESE RED CHEDDAR 84 SLICES,False
PCE-2084,2026-06-11,Thermal Forte 57x40,50.0,pcs,162500.0,0.0,-4046570.0,Juni,Expense Juni,THERMAL FORTE 57X40,False
PCE-2085,2026-06-11,Tape Nachi 1/2x25,24.0,pcs,33000.0,0.0,-4079570.0,Juni,Expense Juni,TAPE NACHI 1/2X25,False
PCE-2086,2026-06-11,Sticky Note Forte 657py 100x75/Yellow PS,1.0,pcs,4000.0,0.0,-4083570.0,Juni,Expense Juni,STICKY NOTE FORTE 657PY 100X75/YELLOW PS,False
PCE-2087,2026-06-11,Spidol Sno K Col,2.0,pcs,2600.0,0.0,-4086170.0,Juni,Expense Juni,SPIDOL SNO K COL,False
PCE-2088,2026-06-11,plastic shopbag,1.0,pcs,500.0,0.0,-4086670.0,Juni,Expense Juni,PLASTIC SHOPBAG,False
PCE-2089,2026-06-11,Sokl Liq Btl 700ml G.Tea&Jasmine,2.0,pcs,25674.0,0.0,-4112344.0,Juni,Expense Juni,SOKL LIQ BTL 700ML G.TEA&JASMINE,False
PCE-2090,2026-06-11,Mr M Pem. Dpr Pch 720ml Lmn,1.0,pcs,11753.0,0.0,-4124097.0,Juni,Expense Juni,MR M PEM. DPR PCH 720ML LMN,False
PCE-2091,2026-06-11,MM Clear Rf 400ml Lmn,1.0,pcs,4001.0,0.0,-4128098.0,Juni,Expense Juni,MM CLEAR RF 400ML LMN,False
PCE-2092,2026-06-11,MM Clear Rf 400ml A,1.0,pcs,4001.0,0.0,-4132099.0,Juni,Expense Juni,MM CLEAR RF 400ML A,False
PCE-2093,2026-06-11,MM Clear Rf 400ml L,1.0,pcs,4001.0,0.0,-4136100.0,Juni,Expense Juni,MM CLEAR RF 400ML L,False
PCE-2094,2026-06-11,Dahlia Blue Clean 2,1.0,pack,18245.0,0.0,-4154345.0,Juni,Expense Juni,DAHLIA BLUE CLEAN 2,False
PCE-2095,2026-06-11,Stella Ars 175 Balinese Jasmine,1.0,pcs,32040.0,0.0,-4186385.0,Juni,Expense Juni,STELLA ARS 175 BALINESE JASMINE,False
PCE-2096,2026-06-11,Glade Bath 75 Lavend,2.0,pcs,18385.0,0.0,-4204770.0,Juni,Expense Juni,GLADE BATH 75 LAVEND,False
PCE-2097,2026-06-11,Dahlia Napt Fln Frs Flo K.31,1.0,pcs,18830.0,0.0,-4223600.0,Juni,Expense Juni,DAHLIA NAPT FLN FRS FLO K.31,False
PCE-2098,2026-06-11,Scotch B ID-30 P5,1.0,pack,29158.0,0.0,-4252758.0,Juni,Expense Juni,SCOTCH B ID-30 P5,False
PCE-2099,2026-06-11,Lucsa S/S Scourer 25gr LS-621,2.0,pcs,26134.0,0.0,-4278892.0,Juni,Expense Juni,LUCSA S/S SCOURER 25GR LS-621,False
PCE-2100,2026-06-11,Telur Ayam Omega,6.0,pcs,17950.0,0.0,-4296842.0,Juni,Expense Juni,TELUR AYAM OMEGA,False
PCE-2101,2026-06-11,Sapu Ijuk Kipas,1.0,pcs,15714.0,0.0,-4312556.0,Juni,Expense Juni,SAPU IJUK KIPAS,False
PCE-2102,2026-06-11,es,2.0,pack,20000.0,0.0,-4332556.0,Juni,Expense Juni,ES,False
PCE-2103,2026-06-11,Aqua Asli,2.0,pcs,46000.0,0.0,-4378556.0,Juni,Expense Juni,AQUA ASLI,False
PCE-2104,2026-06-11,Air Isi Ulang,1.0,pcs,7000.0,0.0,-4385556.0,Juni,Expense Juni,AIR ISI ULANG,False
PCE-2105,2026-06-11,Refill Gas 50kg,1.0,pcs,1070000.0,0.0,-5455556.0,Juni,Expense Juni,REFILL GAS 50KG,False
PCE-2106,2026-06-11,Ongkir Ekspedisi Logcabin Country Kitchen Syrup,1.0,time,100000.0,0.0,-5555556.0,Juni,Expense Juni,ONGKIR EKSPEDISI LOGCABIN COUNTRY KITCHEN SYRUP,False
PCE-2107,2026-06-12,Es Krim Vanilla 8L,1.0,pcs,187700.0,0.0,-5743256.0,Juni,Expense Juni,ES KRIM VANILLA 8L,False
PCE-2108,2026-06-12,Telur Omega,20.0,pcs,56000.0,0.0,-5799256.0,Juni,Expense Juni,TELUR OMEGA,False
PCE-2109,2026-06-12,Kresek PE Size15,1.0,pack,13100.0,0.0,-5812356.0,Juni,Expense Juni,KRESEK PE SIZE15,False
PCE-2110,2026-06-12,Kresek PE Size28,3.0,pack,97800.0,0.0,-5910156.0,Juni,Expense Juni,KRESEK PE SIZE28,False
PCE-2111,2026-06-12,Kresek PE Size30,3.0,pack,114000.0,0.0,-6024156.0,Juni,Expense Juni,KRESEK PE SIZE30,False
PCE-2112,2026-06-12,Indomilk UHT 950ml,12.0,pcs,226500.0,0.0,-6250656.0,Juni,Expense Juni,INDOMILK UHT 950ML,False
PCE-2113,2026-06-12,Lafonte Chifferi Rigati-206 450gr,4.0,pcs,72000.0,0.0,-6322656.0,Juni,Expense Juni,LAFONTE CHIFFERI RIGATI-206 450GR,False
PCE-2114,2026-06-12,Sun Kara Santan 200ml,4.0,pcs,64000.0,0.0,-6386656.0,Juni,Expense Juni,SUN KARA SANTAN 200ML,False
PCE-2115,2026-06-12,Pleasure Gold 1L,1.0,pcs,78500.0,0.0,-6465156.0,Juni,Expense Juni,PLEASURE GOLD 1L,False
PCE-2116,2026-06-12,Grandairy UHT FC 1L,24.0,pcs,444000.0,0.0,-6909156.0,Juni,Expense Juni,GRANDAIRY UHT FC 1L,False
PCE-2117,2026-06-12,Knorr Beef Seasoning Powder RE,1.0,pcs,98500.0,0.0,-7007656.0,Juni,Expense Juni,KNORR BEEF SEASONING POWDER RE,False
PCE-2118,2026-06-12,Oyster Sauce Cap Panda 770gr,1.0,pcs,60500.0,0.0,-7068156.0,Juni,Expense Juni,OYSTER SAUCE CAP PANDA 770GR,False
PCE-2119,2026-06-12,Bogasari Tep. Segitiga Biru 1kg,6.0,pcs,78000.0,0.0,-7146156.0,Juni,Expense Juni,BOGASARI TEP. SEGITIGA BIRU 1KG,False
PCE-2120,2026-06-12,Bogasari Tep. Cakra Kembar 1kg,7.0,pcs,94500.0,0.0,-7240656.0,Juni,Expense Juni,BOGASARI TEP. CAKRA KEMBAR 1KG,False
PCE-2121,2026-06-12,Lotus Biscoff Biscuit Caramel,3.0,pcs,120000.0,0.0,-7360656.0,Juni,Expense Juni,LOTUS BISCOFF BISCUIT CARAMEL,False
PCE-2122,2026-06-12,ongkir shopeexpress intisari,1.0,time,4000.0,0.0,-7364656.0,Juni,Expense Juni,ONGKIR SHOPEEXPRESS INTISARI,False
PCE-2123,2026-06-12,es,1.0,pack,10000.0,0.0,-7374656.0,Juni,Expense Juni,ES,False
PCE-2124,2026-06-13,Telur Ayam,3.0,kg,75000.0,0.0,-7449656.0,Juni,Expense Juni,TELUR AYAM,False
PCE-2125,2026-06-13,L'arome Vanilla Susu 500gr,1.0,pcs,255000.0,0.0,-7704656.0,Juni,Expense Juni,L'AROME VANILLA SUSU 500GR,False
PCE-2126,2026-06-13,ongkir shopeexpress intisari,1.0,time,5000.0,0.0,-7709656.0,Juni,Expense Juni,ONGKIR SHOPEEXPRESS INTISARI,False
PCE-2127,2026-06-13,Btter Unslted Mni Anchor 7gr,10.0,pcs,40000.0,0.0,-7749656.0,Juni,Expense Juni,BTTER UNSLTED MNI ANCHOR 7GR,False
PCE-2128,2026-06-13,Eco Friendly Bag,1.0,pcs,1000.0,0.0,-7750656.0,Juni,Expense Juni,ECO FRIENDLY BAG,False
PCE-2129,2026-06-13,parkir gluckmart,1.0,time,2000.0,0.0,-7752656.0,Juni,Expense Juni,PARKIR GLUCKMART,False
PCE-2130,2026-06-13,Btter Unslted Mni Anchor 7gr,34.0,pcs,136000.0,0.0,-7888656.0,Juni,Expense Juni,BTTER UNSLTED MNI ANCHOR 7GR,False
PCE-2131,2026-06-13,Wortel,0.0,,8000.0,0.0,-7896656.0,Juni,Expense Juni,WORTEL,False
PCE-2132,2026-06-13,Sereh,0.0,,500.0,0.0,-7897156.0,Juni,Expense Juni,SEREH,False
PCE-2133,2026-06-13,es,2.0,pack,20000.0,0.0,-7917156.0,Juni,Expense Juni,ES,False
PCE-2134,2026-06-13,Ongkir Maxim Berlyan Food,1.0,time,41000.0,0.0,-7958156.0,Juni,Expense Juni,ONGKIR MAXIM BERLYAN FOOD,False
PCE-2135,2026-06-13,Refund Kelebihan Nominal Payment Customer,1.0,time,7000.0,0.0,-7965156.0,Juni,Expense Juni,REFUND KELEBIHAN NOMINAL PAYMENT CUSTOMER,False
PCE-2136,2026-06-13,Refund Salah Input Nominal Payment Customer,1.0,time,44000.0,0.0,-8009156.0,Juni,Expense Juni,REFUND SALAH INPUT NOMINAL PAYMENT CUSTOMER,False
PCE-2137,2026-06-14,Additional Petty Cash,1.0,time,0.0,8089156.0,80000.0,Juni,Expense Juni,ADDITIONAL PETTY CASH,True
PCE-2138,2026-06-14,Lada Sechuan 100gr (12/06),1.0,pcs,44000.0,0.0,36000.0,Juni,Expense Juni,LADA SECHUAN 100GR (12/06),False
PCE-2139,2026-06-14,Yutakachi Bubuk Cabai Super Pedas 1kg (12/06),1.0,pcs,70000.0,0.0,-34000.0,Juni,Expense Juni,YUTAKACHI BUBUK CABAI SUPER PEDAS 1KG (12/06),False
PCE-2140,2026-06-14,Yutakachi Parsley Flake 250gr (12/06),1.0,pcs,60000.0,0.0,-94000.0,Juni,Expense Juni,YUTAKACHI PARSLEY FLAKE 250GR (12/06),False
PCE-2141,2026-06-14,Pisang Cavendish (12/06),1.0,kg,35000.0,0.0,-129000.0,Juni,Expense Juni,PISANG CAVENDISH (12/06),False
PCE-2142,2026-06-14,Minyak Kita 1L (13/06),24.0,pcs,468000.0,0.0,-597000.0,Juni,Expense Juni,MINYAK KITA 1L (13/06),False
PCE-2143,2026-06-14,Maizenaku 1kg (13/06),6.0,pcs,148500.0,0.0,-745500.0,Juni,Expense Juni,MAIZENAKU 1KG (13/06),False
PCE-2144,2026-06-14,es,1.0,pack,10000.0,0.0,-755500.0,Juni,Expense Juni,ES,False
PCE-2145,2026-06-14,Aqua Asli,2.0,pcs,46000.0,0.0,-801500.0,Juni,Expense Juni,AQUA ASLI,False
PCE-2146,2026-06-15,UHT Indomilk 950ml,12.0,pcs,237600.0,0.0,-1039100.0,Juni,Expense Juni,UHT INDOMILK 950ML,False
PCE-2147,2026-06-15,Aqua Asli,2.0,pcs,46000.0,0.0,-1085100.0,Juni,Expense Juni,AQUA ASLI,False
PCE-2148,2026-06-15,Air Isi Ulang,1.0,pcs,7000.0,0.0,-1092100.0,Juni,Expense Juni,AIR ISI ULANG,False
PCE-2149,2026-06-15,Telur Ayam,10.0,kg,237000.0,0.0,-1329100.0,Juni,Expense Juni,TELUR AYAM,False
PCE-2150,2026-06-15,es,2.0,pack,20000.0,0.0,-1349100.0,Juni,Expense Juni,ES,False
PCE-2151,2026-06-15,Refund Burger OG,1.0,pcs,40000.0,0.0,-1389100.0,Juni,Expense Juni,REFUND BURGER OG,False
PCE-2152,2026-06-15,Lettuce Iceberg (13/06),1.0,kg,60000.0,0.0,-1449100.0,Juni,Expense Juni,LETTUCE ICEBERG (13/06),False
PCE-2153,2026-06-15,Sereh,250.0,gr,3750.0,0.0,-1452850.0,Juni,Expense Juni,SEREH,False
PCE-2154,2026-06-15,Bawang Merah Kupas,250.0,gr,16250.0,0.0,-1469100.0,Juni,Expense Juni,BAWANG MERAH KUPAS,False
PCE-2155,2026-06-15,Gula Pasir Curah,3.0,kg,69000.0,0.0,-1538100.0,Juni,Expense Juni,GULA PASIR CURAH,False
PCE-2156,2026-06-15,Cabe Teropong Hijau,300.0,gr,13500.0,0.0,-1551600.0,Juni,Expense Juni,CABE TEROPONG HIJAU,False
PCE-2157,2026-06-15,Coriander,200.0,gr,30000.0,0.0,-1581600.0,Juni,Expense Juni,CORIANDER,False
PCE-2158,2026-06-15,Cabe Rawit Merah,500.0,gr,37500.0,0.0,-1619100.0,Juni,Expense Juni,CABE RAWIT MERAH,False
PCE-2159,2026-06-15,Cengkeh 45gr,1.0,pcs,13000.0,0.0,-1632100.0,Juni,Expense Juni,CENGKEH 45GR,False
PCE-2160,2026-06-15,Bawang Bombay,3.0,kg,96000.0,0.0,-1728100.0,Juni,Expense Juni,BAWANG BOMBAY,False
PCE-2161,2026-06-16,Es Krim Vanilla 8L,1.0,pcs,170000.0,0.0,-1898100.0,Juni,Expense Juni,ES KRIM VANILLA 8L,False
PCE-2162,2026-06-16,Wortel Brastagi,580.0,gr,12800.0,0.0,-1910900.0,Juni,Expense Juni,WORTEL BRASTAGI,False
PCE-2163,2026-06-16,Loncang,380.0,gr,5700.0,0.0,-1916600.0,Juni,Expense Juni,LONCANG,False
PCE-2164,2026-06-16,Maxim Valentino 18cm,1.0,pcs,84600.0,0.0,-2001200.0,Juni,Expense Juni,MAXIM VALENTINO 18CM,False
PCE-2165,2026-06-16,plastic shopbag,1.0,pcs,300.0,0.0,-2001500.0,Juni,Expense Juni,PLASTIC SHOPBAG,False
PCE-2166,2026-06-16,parkir mirota pasaraya,1.0,time,2000.0,0.0,-2003500.0,Juni,Expense Juni,PARKIR MIROTA PASARAYA,False
PCE-2167,2026-06-16,Sumo Beras Khs Mr,1.0,pcs,57490.0,0.0,-2060990.0,Juni,Expense Juni,SUMO BERAS KHS MR,False
PCE-2168,2026-06-16,Sunpride Pisang W,850.0,gr,22840.0,0.0,-2083830.0,Juni,Expense Juni,SUNPRIDE PISANG W,False
PCE-2169,2026-06-16,Ultra Coklat 1L,3.0,pcs,55470.0,0.0,-2139300.0,Juni,Expense Juni,ULTRA COKLAT 1L,False
PCE-2170,2026-06-16,plastic shopbag,1.0,pcs,200.0,0.0,-2139500.0,Juni,Expense Juni,PLASTIC SHOPBAG,False
PCE-2171,2026-06-16,parkir superindo,1.0,time,2000.0,0.0,-2141500.0,Juni,Expense Juni,PARKIR SUPERINDO,False
PCE-2172,2026-06-16,L'arome Vanilla Susu 500gr,1.0,pcs,255000.0,0.0,-2396500.0,Juni,Expense Juni,L'AROME VANILLA SUSU 500GR,False
PCE-2173,2026-06-16,Noccio Peanut Butter Chunky 50gr,1.0,pcs,61000.0,0.0,-2457500.0,Juni,Expense Juni,NOCCIO PEANUT BUTTER CHUNKY 50GR,False
PCE-2174,2026-06-16,es,1.0,pack,10000.0,0.0,-2467500.0,Juni,Expense Juni,ES,False
PCE-2175,2026-06-16,Sunflower Oil Orilia 1L,1.0,pcs,77000.0,0.0,-2544500.0,Juni,Expense Juni,SUNFLOWER OIL ORILIA 1L,False
PCE-2176,2026-06-17,Bola/D Agar Putih 7gr,2.0,pcs,11000.0,0.0,-2555500.0,Juni,Expense Juni,BOLA/D AGAR PUTIH 7GR,False
PCE-2177,2026-06-17,Diamond Susu UHT Full Cream 1L,8.0,pcs,200000.0,0.0,-2755500.0,Juni,Expense Juni,DIAMOND SUSU UHT FULL CREAM 1L,False
PCE-2178,2026-06-17,Anchor Unsalted Butter Portion 7gr,50.0,pcs,175000.0,0.0,-2930500.0,Juni,Expense Juni,ANCHOR UNSALTED BUTTER PORTION 7GR,False
PCE-2179,2026-06-17,Biscoff Biscuit 250gr Lotus,3.0,pcs,153000.0,0.0,-3083500.0,Juni,Expense Juni,BISCOFF BISCUIT 250GR LOTUS,False
PCE-2180,2026-06-17,Aqua Galon,2.0,pcs,46000.0,0.0,-3129500.0,Juni,Expense Juni,AQUA GALON,False
PCE-2181,2026-06-17,es,2.0,pack,20000.0,0.0,-3149500.0,Juni,Expense Juni,ES,False
PCE-2182,2026-06-17,Ongkir Shopeexpress Orderan masRizal Colombo - KJ,1.0,time,8000.0,0.0,-3157500.0,Juni,Expense Juni,ONGKIR SHOPEEXPRESS ORDERAN MASRIZAL COLOMBO - KJ,False
PCE-2183,2026-06-17,Telur Omega,20.0,pcs,56000.0,0.0,-3213500.0,Juni,Expense Juni,TELUR OMEGA,False
PCE-2184,2026-06-17,Cable Ties Merah,1.0,pack,8500.0,0.0,-3222000.0,Juni,Expense Juni,CABLE TIES MERAH,False
PCE-2185,2026-06-17,Lemon,2.0,kg,120000.0,0.0,-3342000.0,Juni,Expense Juni,LEMON,False
PCE-2186,2026-06-17,Pisang Cavendish,2.2,kg,66000.0,0.0,-3408000.0,Juni,Expense Juni,PISANG CAVENDISH,False
PCE-2187,2026-06-17,Minyak Kita 1L,36.0,pcs,729000.0,0.0,-4137000.0,Juni,Expense Juni,MINYAK KITA 1L,False
PCE-2188,2026-06-17,Isi Paket HP Gudang,1.0,time,51000.0,0.0,-4188000.0,Juni,Expense Juni,ISI PAKET HP GUDANG,False
PCE-2189,2026-06-18,Plastik Klip 11x17,2.0,pack,41200.0,0.0,-4229200.0,Juni,Expense Juni,PLASTIK KLIP 11X17,False
PCE-2190,2026-06-18,Cup Sambung 150ml Victory,25.0,pcs,13500.0,0.0,-4242700.0,Juni,Expense Juni,CUP SAMBUNG 150ML VICTORY,False
PCE-2191,2026-06-18,Bola Deli Maizena 1kg,10.0,pcs,95000.0,0.0,-4337700.0,Juni,Expense Juni,BOLA DELI MAIZENA 1KG,False
PCE-2192,2026-06-18,Ultra Milk Full Cream 1L,6.0,pcs,126000.0,0.0,-4463700.0,Juni,Expense Juni,ULTRA MILK FULL CREAM 1L,False
PCE-2193,2026-06-18,Colatta Chochip Repack 250gr,1.0,pcs,23000.0,0.0,-4486700.0,Juni,Expense Juni,COLATTA CHOCHIP REPACK 250GR,False
PCE-2194,2026-06-18,Isi Token Listrik Bawah via BCA,1.0,time,203000.0,0.0,-4689700.0,Juni,Expense Juni,ISI TOKEN LISTRIK BAWAH VIA BCA,False
PCE-2195,2026-06-18,es,2.0,pack,20000.0,0.0,-4709700.0,Juni,Expense Juni,ES,False
PCE-2196,2026-06-18,Indomilk UHT 950ml,36.0,pcs,711000.0,0.0,-5420700.0,Juni,Expense Juni,INDOMILK UHT 950ML,False
PCE-2197,2026-06-18,Anchor Unsalted Butter Portion 7gr,50.0,pcs,175000.0,0.0,-5595700.0,Juni,Expense Juni,ANCHOR UNSALTED BUTTER PORTION 7GR,False
PCE-2198,2026-06-18,Additional Petty Cash,1.0,time,0.0,6095700.0,500000.0,Juni,Expense Juni,ADDITIONAL PETTY CASH,True
PCE-2199,2026-06-18,Nesto Paper Bowl Lid 800ml,25.0,pcs,12100.0,0.0,487900.0,Juni,Expense Juni,NESTO PAPER BOWL LID 800ML,False
PCE-2200,2026-06-18,Nesto Paper Bowl Putih 800ml,25.0,pcs,17300.0,0.0,470600.0,Juni,Expense Juni,NESTO PAPER BOWL PUTIH 800ML,False
PCE-2201,2026-06-18,Isi Token Listrik Atas via BCA,1.0,time,103000.0,0.0,367600.0,Juni,Expense Juni,ISI TOKEN LISTRIK ATAS VIA BCA,False
PCE-2202,2026-06-18,Refund Salah Input Nominal Custom Harga Burger ,1.0,time,44000.0,0.0,323600.0,Juni,Expense Juni,REFUND SALAH INPUT NOMINAL CUSTOM HARGA BURGER,False
PCE-2203,2026-06-19,Mc Lewis Mayonnaise 1kg,4.0,pcs,98000.0,0.0,225600.0,Juni,Expense Juni,MC LEWIS MAYONNAISE 1KG,False
PCE-2204,2026-06-19,Maizenaku 1kg,7.0,pcs,175000.0,0.0,50600.0,Juni,Expense Juni,MAIZENAKU 1KG,False
PCE-2205,2026-06-19,Segitiga Biru Premium 1kg,5.0,pcs,67500.0,0.0,-16900.0,Juni,Expense Juni,SEGITIGA BIRU PREMIUM 1KG,False
PCE-2206,2026-06-19,Cakra Kembar Premium 1kg,5.0,pcs,70000.0,0.0,-86900.0,Juni,Expense Juni,CAKRA KEMBAR PREMIUM 1KG,False
PCE-2207,2026-06-19,Van Houten Cocoa Powder 165gr,1.0,pcs,49000.0,0.0,-135900.0,Juni,Expense Juni,VAN HOUTEN COCOA POWDER 165GR,False
PCE-2208,2026-06-19,Anchor Unsalted Butter Portion 7gr,50.0,pcs,150000.0,0.0,-285900.0,Juni,Expense Juni,ANCHOR UNSALTED BUTTER PORTION 7GR,False
PCE-2209,2026-06-19,Millac Gold 1L,1.0,pcs,86500.0,0.0,-372400.0,Juni,Expense Juni,MILLAC GOLD 1L,False
PCE-2210,2026-06-19,Kresek PE size24,3.0,pack,70800.0,0.0,-443200.0,Juni,Expense Juni,KRESEK PE SIZE24,False
PCE-2211,2026-06-19,Kresek PE size28,3.0,pack,97800.0,0.0,-541000.0,Juni,Expense Juni,KRESEK PE SIZE28,False
PCE-2212,2026-06-19,Sendok Spork Hitam Steril (25pcs),500.0,pcs,135000.0,0.0,-676000.0,Juni,Expense Juni,SENDOK SPORK HITAM STERIL (25PCS),False
PCE-2213,2026-06-19,Belibis Cuka Dapur 650ml,4.0,pcs,54000.0,0.0,-730000.0,Juni,Expense Juni,BELIBIS CUKA DAPUR 650ML,False
PCE-2214,2026-06-19,Ultramilk 1L,36.0,pcs,702000.0,0.0,-1432000.0,Juni,Expense Juni,ULTRAMILK 1L,False
PCE-2215,2026-06-19,es,2.0,pack,20000.0,0.0,-1452000.0,Juni,Expense Juni,ES,False
PCE-2216,2026-06-19,Zeelandia Larome Vanilla Susu 40gr,2.0,pcs,60400.0,0.0,-1512400.0,Juni,Expense Juni,ZEELANDIA LAROME VANILLA SUSU 40GR,False
PCE-2217,2026-06-19,ongkir shopeexpress l'arome,1.0,time,22000.0,0.0,-1534400.0,Juni,Expense Juni,ONGKIR SHOPEEXPRESS L'AROME,False
PCE-2218,2026-06-19,Kara Santan 200ml,2.0,pcs,35000.0,0.0,-1569400.0,Juni,Expense Juni,KARA SANTAN 200ML,False
PCE-2219,2026-06-20,Telur Omega,10.0,pcs,28900.0,0.0,-1598300.0,Juni,Expense Juni,TELUR OMEGA,False
PCE-2220,2026-06-20,Anchor Unsalted Butter Portion 7gr,50.0,pcs,175000.0,0.0,-1773300.0,Juni,Expense Juni,ANCHOR UNSALTED BUTTER PORTION 7GR,False
PCE-2221,2026-06-20,Nestle Pure Life 600ml,48.0,pcs,96000.0,0.0,-1869300.0,Juni,Expense Juni,NESTLE PURE LIFE 600ML,False
PCE-2222,2026-06-20,Biscoff Biscuit 250gr Lotus,2.0,pcs,102000.0,0.0,-1971300.0,Juni,Expense Juni,BISCOFF BISCUIT 250GR LOTUS,False
PCE-2223,2026-06-20,Ultra Coklat 1L,3.0,pcs,55470.0,0.0,-2026770.0,Juni,Expense Juni,ULTRA COKLAT 1L,False
PCE-2224,2026-06-20,Wortel,374.0,gr,10080.0,0.0,-2036850.0,Juni,Expense Juni,WORTEL,False
PCE-2225,2026-06-20,Sunpride Pisang W,958.0,gr,18680.0,0.0,-2055530.0,Juni,Expense Juni,SUNPRIDE PISANG W,False
PCE-2226,2026-06-20,Sunpride Pisang W,770.0,gr,14970.0,0.0,-2070500.0,Juni,Expense Juni,SUNPRIDE PISANG W,False
PCE-2227,2026-06-20,plastic shopbag,1.0,pcs,200.0,0.0,-2070700.0,Juni,Expense Juni,PLASTIC SHOPBAG,False
PCE-2228,2026-06-20,Ultramilk 1L,12.0,pcs,234000.0,0.0,-2304700.0,Juni,Expense Juni,ULTRAMILK 1L,False
PCE-2229,2026-06-20,Baking Bimo 1kg,1.0,pcs,50000.0,0.0,-2354700.0,Juni,Expense Juni,BAKING BIMO 1KG,False
PCE-2230,2026-06-20,Kara Santan 200ml,4.0,pcs,64000.0,0.0,-2418700.0,Juni,Expense Juni,KARA SANTAN 200ML,False
PCE-2231,2026-06-20,Dae Chun Gimbap Nori 135gr,1.0,pcs,134000.0,0.0,-2552700.0,Juni,Expense Juni,DAE CHUN GIMBAP NORI 135GR,False
PCE-2232,2026-06-20,LKK Pure Sesame Oil 207ml,2.0,pcs,127000.0,0.0,-2679700.0,Juni,Expense Juni,LKK PURE SESAME OIL 207ML,False
PCE-2233,2026-06-20,ongkir shopeexpress intisari,1.0,time,10000.0,0.0,-2689700.0,Juni,Expense Juni,ONGKIR SHOPEEXPRESS INTISARI,False
PCE-2234,2026-06-20,Aqua Galon,1.0,pcs,23000.0,0.0,-2712700.0,Juni,Expense Juni,AQUA GALON,False
PCE-2235,2026-06-20,Air Isi Ulang,1.0,pcs,7000.0,0.0,-2719700.0,Juni,Expense Juni,AIR ISI ULANG,False
PCE-2236,2026-06-20,es,2.0,pack,20000.0,0.0,-2739700.0,Juni,Expense Juni,ES,False
PCE-2237,2026-06-20,Ongkir Shopeexpress Orderan masRizal Colombo - KJ,1.0,time,8000.0,0.0,-2747700.0,Juni,Expense Juni,ONGKIR SHOPEEXPRESS ORDERAN MASRIZAL COLOMBO - KJ,False
PCE-2238,2026-06-20,Isi Token Listrik Atas via Tokped,1.0,time,101100.0,0.0,-2848800.0,Juni,Expense Juni,ISI TOKEN LISTRIK ATAS VIA TOKPED,False
PCE-2239,2026-06-20,Telur,4.0,kg,96000.0,0.0,-2944800.0,Juni,Expense Juni,TELUR,False
PCE-2240,2026-06-20,Minyak Kita 1L Refill,12.0,pcs,233500.0,0.0,-3178300.0,Juni,Expense Juni,MINYAK KITA 1L REFILL,False
PCE-2241,2026-06-20,Anchor Cheese Red Cheddar 84 slices,1.0,pack,161000.0,0.0,-3339300.0,Juni,Expense Juni,ANCHOR CHEESE RED CHEDDAR 84 SLICES,False
PCE-2242,2026-06-20,La Fonte Macaroni 500gr ,8.0,pack,131200.0,0.0,-3470500.0,Juni,Expense Juni,LA FONTE MACARONI 500GR,False
PCE-2243,2026-06-20,Frutaneira Ecoline Peach Halves in Syrup 8500gr,3.0,can,150000.0,0.0,-3620500.0,Juni,Expense Juni,FRUTANEIRA ECOLINE PEACH HALVES IN SYRUP 8500GR,False
PCE-2244,2026-06-20,Mosa Soda Chargers,30.0,pcs,225000.0,0.0,-3845500.0,Juni,Expense Juni,MOSA SODA CHARGERS,False
PCE-2245,2026-06-20,Milac Gold Cooking Cream 1L ,3.0,pcs,220500.0,0.0,-4066000.0,Juni,Expense Juni,MILAC GOLD COOKING CREAM 1L,False
PCE-2246,2026-06-20,Indo Ice Cream Vanilla 8L,1.0,box,165000.0,0.0,-4231000.0,Juni,Expense Juni,INDO ICE CREAM VANILLA 8L,False
PCE-2247,2026-06-20,Anchor Butter 1kg,1.0,pack,170000.0,0.0,-4401000.0,Juni,Expense Juni,ANCHOR BUTTER 1KG,False
PCE-2248,2026-06-21,Segitiga Biru Premium 1kg,7.0,pcs,94500.0,0.0,-4495500.0,Juni,Expense Juni,SEGITIGA BIRU PREMIUM 1KG,False
PCE-2249,2026-06-21,Maizenaku 500gr,8.0,pcs,96900.0,0.0,-4592400.0,Juni,Expense Juni,MAIZENAKU 500GR,False
PCE-2250,2026-06-21,Maizenaku 1kg,1.0,pcs,25000.0,0.0,-4617400.0,Juni,Expense Juni,MAIZENAKU 1KG,False
PCE-2251,2026-06-21,Cakra Kembar Premium 1kg,4.0,pcs,56000.0,0.0,-4673400.0,Juni,Expense Juni,CAKRA KEMBAR PREMIUM 1KG,False
PCE-2252,2026-06-21,Colatta Chochip Repack 500gr,1.0,pcs,43000.0,0.0,-4716400.0,Juni,Expense Juni,COLATTA CHOCHIP REPACK 500GR,False
PCE-2253,2026-06-21,es,2.0,pack,20000.0,0.0,-4736400.0,Juni,Expense Juni,ES,False
PCE-2254,2026-06-21,Telur Omega,30.0,pcs,84000.0,0.0,-4820400.0,Juni,Expense Juni,TELUR OMEGA,False
PCE-2255,2026-06-21,Selang Flexible (kitchen) (18/06),1.0,pcs,87500.0,0.0,-4907900.0,Juni,Expense Juni,SELANG FLEXIBLE (KITCHEN) (18/06),False
PCE-2256,2026-06-21,Jasa Perbaikan Selang,1.0,time,20000.0,0.0,-4927900.0,Juni,Expense Juni,JASA PERBAIKAN SELANG,False
PCE-2257,2026-06-22,Minyak Kita 1L Refill,12.0,pcs,231000.0,0.0,-5158900.0,Juni,Expense Juni,MINYAK KITA 1L REFILL,False
PCE-2258,2026-06-22,Telur Ayam,1.0,kg,22500.0,0.0,-5181400.0,Juni,Expense Juni,TELUR AYAM,False
PCE-2259,2026-06-22,es,2.0,pack,20000.0,0.0,-5201400.0,Juni,Expense Juni,ES,False
PCE-2260,2026-06-22,Ongkir Shopeexpress Orderan masRizal Colombo - KJ,1.0,time,9000.0,0.0,-5210400.0,Juni,Expense Juni,ONGKIR SHOPEEXPRESS ORDERAN MASRIZAL COLOMBO - KJ,False
PCE-2261,2026-06-22,Lem Fox,1.0,pcs,11000.0,0.0,-5221400.0,Juni,Expense Juni,LEM FOX,False
PCE-2262,2026-06-22,Nutella 3kg,1.0,pail,525000.0,0.0,-5746400.0,Juni,Expense Juni,NUTELLA 3KG,False
PCE-2263,2026-06-22,Paprika Powder 1kg,2.0,kg,174000.0,0.0,-5920400.0,Juni,Expense Juni,PAPRIKA POWDER 1KG,False
PCE-2264,2026-06-22,Royco Ayam 1kg,2.0,pack,86000.0,0.0,-6006400.0,Juni,Expense Juni,ROYCO AYAM 1KG,False
PCE-2265,2026-06-22,"Ciao Peeled Tomato 2,55kg ",3.0,can,285000.0,0.0,-6291400.0,Juni,Expense Juni,"CIAO PEELED TOMATO 2,55KG",False
PCE-2266,2026-06-22,Garlic Powder 1kg,2.0,kg,100000.0,0.0,-6391400.0,Juni,Expense Juni,GARLIC POWDER 1KG,False
PCE-2267,2026-06-22,Anchor Unsalted Butter Portion 7gr,100.0,pcs,350000.0,0.0,-6741400.0,Juni,Expense Juni,ANCHOR UNSALTED BUTTER PORTION 7GR,False
PCE-2268,2026-06-22,Aqua Galon,2.0,pcs,46000.0,0.0,-6787400.0,Juni,Expense Juni,AQUA GALON,False
PCE-2269,2026-06-22,Kara Santan LK.20,4.0,pcs,64300.0,0.0,-6851700.0,Juni,Expense Juni,KARA SANTAN LK.20,False
PCE-2270,2026-06-22,Daun Sereh 100gr,1.0,ikat,3900.0,0.0,-6855600.0,Juni,Expense Juni,DAUN SEREH 100GR,False
PCE-2271,2026-06-22,plastic shopbag,1.0,pcs,200.0,0.0,-6855800.0,Juni,Expense Juni,PLASTIC SHOPBAG,False
PCE-2272,2026-06-22,N/F Wortel/B Brst,1.0,pack,18900.0,0.0,-6874700.0,Juni,Expense Juni,N/F WORTEL/B BRST,False
PCE-2273,2026-06-22,Nestle Pure Life 600ml,72.0,pcs,144000.0,0.0,-7018700.0,Juni,Expense Juni,NESTLE PURE LIFE 600ML,False
PCE-2274,2026-06-22,ongkir gosend car,1.0,time,26000.0,0.0,-7044700.0,Juni,Expense Juni,ONGKIR GOSEND CAR,False
PCE-2275,2026-06-22,Telur Ayam,2.0,kg,50000.0,0.0,-7094700.0,Juni,Expense Juni,TELUR AYAM,False
PCE-2276,2026-06-22,Cup Sambung 35ml LUX (50pcs),500.0,pcs,120000.0,0.0,-7214700.0,Juni,Expense Juni,CUP SAMBUNG 35ML LUX (50PCS),False
PCE-2277,2026-06-22,Set Sendok Garpu Steril ,25.0,pcs,16250.0,0.0,-7230950.0,Juni,Expense Juni,SET SENDOK GARPU STERIL,False
PCE-2278,2026-06-22,Additional Petty Cash,1.0,time,0.0,7530950.0,300000.0,Juni,Expense Juni,ADDITIONAL PETTY CASH,True
PCE-2279,2026-06-23,Melon Sakata,1683.0,gr,33500.0,0.0,266500.0,Juni,Expense Juni,MELON SAKATA,False
PCE-2280,2026-06-23,Semangka Merah Bulat,4079.0,gr,40400.0,0.0,226100.0,Juni,Expense Juni,SEMANGKA MERAH BULAT,False
PCE-2281,2026-06-23,plastic shopbag,1.0,pcs,500.0,0.0,225600.0,Juni,Expense Juni,PLASTIC SHOPBAG,False
PCE-2282,2026-06-23,Apel Fuji Istimewa,857.0,gr,30400.0,0.0,195200.0,Juni,Expense Juni,APEL FUJI ISTIMEWA,False
PCE-2283,2026-06-23,parkir bumi buah,1.0,time,2000.0,0.0,193200.0,Juni,Expense Juni,PARKIR BUMI BUAH,False
PCE-2284,2026-06-23,Segitiga Biru Premium 1kg,8.0,pcs,104200.0,0.0,89000.0,Juni,Expense Juni,SEGITIGA BIRU PREMIUM 1KG,False
PCE-2285,2026-06-23,Cakra Kembar Premium 1kg,7.0,pcs,98000.0,0.0,-9000.0,Juni,Expense Juni,CAKRA KEMBAR PREMIUM 1KG,False
PCE-2286,2026-06-23,Maizenaku 1kg,5.0,pcs,125000.0,0.0,-134000.0,Juni,Expense Juni,MAIZENAKU 1KG,False
PCE-2287,2026-06-23,Pastry Brush Large,1.0,pcs,21000.0,0.0,-155000.0,Juni,Expense Juni,PASTRY BRUSH LARGE,False
PCE-2288,2026-06-23,Bunga Lawang Repack 50gr,1.0,pcs,7000.0,0.0,-162000.0,Juni,Expense Juni,BUNGA LAWANG REPACK 50GR,False
PCE-2289,2026-06-23,Blueband Master Repack 500gr,1.0,pcs,21000.0,0.0,-183000.0,Juni,Expense Juni,BLUEBAND MASTER REPACK 500GR,False
PCE-2290,2026-06-23,Mc Lewis Sweet Mayonnaise 1kg,1.0,pcs,22500.0,0.0,-205500.0,Juni,Expense Juni,MC LEWIS SWEET MAYONNAISE 1KG,False
PCE-2291,2026-06-23,Piring Putih Plastik Besar (50pcs),1.0,pack,41000.0,0.0,-246500.0,Juni,Expense Juni,PIRING PUTIH PLASTIK BESAR (50PCS),False
PCE-2292,2026-06-23,Sendok Makan Putih Top (100pcs),1.0,pack,14000.0,0.0,-260500.0,Juni,Expense Juni,SENDOK MAKAN PUTIH TOP (100PCS),False
PCE-2293,2026-06-23,Gelas 12oz Hokkaku (50pcs),1.0,pack,15000.0,0.0,-275500.0,Juni,Expense Juni,GELAS 12OZ HOKKAKU (50PCS),False
PCE-2294,2026-06-23,Daun Bawang 150gr,2.0,ikat,11800.0,0.0,-287300.0,Juni,Expense Juni,DAUN BAWANG 150GR,False
PCE-2295,2026-06-23,N/F Tomat Beef Wh,1826.0,gr,54700.0,0.0,-342000.0,Juni,Expense Juni,N/F TOMAT BEEF WH,False
PCE-2296,2026-06-23,plastic shopbag,1.0,pcs,200.0,0.0,-342200.0,Juni,Expense Juni,PLASTIC SHOPBAG,False
PCE-2297,2026-06-23,parkir superindo,1.0,time,2000.0,0.0,-344200.0,Juni,Expense Juni,PARKIR SUPERINDO,False
PCE-2298,2026-06-23,Telur Ayam,10.0,kg,217000.0,0.0,-561200.0,Juni,Expense Juni,TELUR AYAM,False
PCE-2299,2026-06-23,es,2.0,pack,20000.0,0.0,-581200.0,Juni,Expense Juni,ES,False
PCE-2300,2026-06-23,Minyak Kita 1L,36.0,pcs,729000.0,0.0,-1310200.0,Juni,Expense Juni,MINYAK KITA 1L,False
PCE-2301,2026-06-23,Arang,3.0,pack,30000.0,0.0,-1340200.0,Juni,Expense Juni,ARANG,False
PCE-2302,2026-06-23,"Mineral Water 1,5L",3.0,pcs,24000.0,0.0,-1364200.0,Juni,Expense Juni,"MINERAL WATER 1,5L",False
PCE-2303,2026-06-23,Arang,0.0,,18000.0,0.0,-1382200.0,Juni,Expense Juni,ARANG,False
PCE-2304,2026-06-23,Tusuk Sate,0.0,,14000.0,0.0,-1396200.0,Juni,Expense Juni,TUSUK SATE,False
PCE-2305,2026-06-23,Ayam,0.0,,8000.0,0.0,-1404200.0,Juni,Expense Juni,AYAM,False
PCE-2306,2026-06-23,Isi Token Listrik Gudang Depan,1.0,time,104000.0,0.0,-1508200.0,Juni,Expense Juni,ISI TOKEN LISTRIK GUDANG DEPAN,False
PCE-2307,2026-06-23,Grandairy UHT FC 1L,3.0,ctn,568500.0,0.0,-2076700.0,Juni,Expense Juni,GRANDAIRY UHT FC 1L,False
PCE-2308,2026-06-23,Indo Ice Cream Vanilla 8L,1.0,box,165000.0,0.0,-2241700.0,Juni,Expense Juni,INDO ICE CREAM VANILLA 8L,False
PCE-2309,2026-06-24,Rose/B Gula Pth 1kg,3.0,pcs,52500.0,0.0,-2294200.0,Juni,Expense Juni,ROSE/B GULA PTH 1KG,False
PCE-2310,2026-06-24,plastic shopbag,1.0,pcs,500.0,0.0,-2294700.0,Juni,Expense Juni,PLASTIC SHOPBAG,False
PCE-2311,2026-06-24,Kara Santan 200ml,3.0,pcs,52500.0,0.0,-2347200.0,Juni,Expense Juni,KARA SANTAN 200ML,False
PCE-2312,2026-06-24,Star Village Sunflower Oil 500ml,1.0,pcs,53000.0,0.0,-2400200.0,Juni,Expense Juni,STAR VILLAGE SUNFLOWER OIL 500ML,False
PCE-2313,2026-06-24,parkir gluckmart,1.0,time,2000.0,0.0,-2402200.0,Juni,Expense Juni,PARKIR GLUCKMART,False
PCE-2314,2026-06-24,Biscoff Biscuit 156gr Lotus,4.0,pcs,196000.0,0.0,-2598200.0,Juni,Expense Juni,BISCOFF BISCUIT 156GR LOTUS,False
PCE-2315,2026-06-24,es,2.0,pack,20000.0,0.0,-2618200.0,Juni,Expense Juni,ES,False
PCE-2316,2026-06-24,Ceker Ayam,1.0,kg,10000.0,0.0,-2628200.0,Juni,Expense Juni,CEKER AYAM,False
PCE-2317,2026-06-25,Aqua Galon,1.0,pcs,23000.0,0.0,-2651200.0,Juni,Expense Juni,AQUA GALON,False
PCE-2318,2026-06-25,Air Isi Ulang,1.0,pcs,7000.0,0.0,-2658200.0,Juni,Expense Juni,AIR ISI ULANG,False
PCE-2319,2026-06-25,es,2.0,pack,20000.0,0.0,-2678200.0,Juni,Expense Juni,ES,False
PCE-2320,2026-06-25,Ongkir Shopeexpress Orderan masRizal Colombo - KJ,1.0,time,10000.0,0.0,-2688200.0,Juni,Expense Juni,ONGKIR SHOPEEXPRESS ORDERAN MASRIZAL COLOMBO - KJ,False
PCE-2321,2026-06-25,Refill Gas 50kg,1.0,pcs,1128000.0,0.0,-3816200.0,Juni,Expense Juni,REFILL GAS 50KG,False
PCE-2322,2026-06-26,Indomilk UHT 950ml,24.0,pcs,446800.0,0.0,-4263000.0,Juni,Expense Juni,INDOMILK UHT 950ML,False
PCE-2323,2026-06-26,Maizenaku 1kg,7.0,pcs,175000.0,0.0,-4438000.0,Juni,Expense Juni,MAIZENAKU 1KG,False
PCE-2324,2026-06-26,es,1.0,pack,10000.0,0.0,-4448000.0,Juni,Expense Juni,ES,False
PCE-2325,2026-06-26,Yutakachi Cabai Bubuk 1kg,1.0,pcs,82900.0,0.0,-4530900.0,Juni,Expense Juni,YUTAKACHI CABAI BUBUK 1KG,False
PCE-2326,2026-06-26,parkir adeshop,1.0,time,2000.0,0.0,-4532900.0,Juni,Expense Juni,PARKIR ADESHOP,False
PCE-2327,2026-06-26,Fry Pan Valentino 24,1.0,pcs,133500.0,0.0,-4666400.0,Juni,Expense Juni,FRY PAN VALENTINO 24,False
PCE-2328,2026-06-26,Fry Pan Valentino 18,1.0,pcs,92500.0,0.0,-4758900.0,Juni,Expense Juni,FRY PAN VALENTINO 18,False
PCE-2329,2026-06-26,Sendok Makan R 993 (6pcs),4.0,set,102400.0,0.0,-4861300.0,Juni,Expense Juni,SENDOK MAKAN R 993 (6PCS),False
PCE-2330,2026-06-26,Garpu Makan R 991 (6pcs),4.0,set,102400.0,0.0,-4963700.0,Juni,Expense Juni,GARPU MAKAN R 991 (6PCS),False
PCE-2331,2026-06-26,ongkir shopeexpress fortuna,1.0,time,13000.0,0.0,-4976700.0,Juni,Expense Juni,ONGKIR SHOPEEXPRESS FORTUNA,False
PCE-2332,2026-06-26,Cabai Rawit,500.0,gr,40000.0,0.0,-5016700.0,Juni,Expense Juni,CABAI RAWIT,False
PCE-2333,2026-06-26,Lettuce Iceberg,500.0,gr,25000.0,0.0,-5041700.0,Juni,Expense Juni,LETTUCE ICEBERG,False
PCE-2334,2026-06-26,Kucai,300.0,gr,12000.0,0.0,-5053700.0,Juni,Expense Juni,KUCAI,False
PCE-2335,2026-06-26,Wortel,500.0,gr,12500.0,0.0,-5066200.0,Juni,Expense Juni,WORTEL,False
PCE-2336,2026-06-26,Kucai (21/06),200.0,gr,8000.0,0.0,-5074200.0,Juni,Expense Juni,KUCAI (21/06),False
PCE-2337,2026-06-26,Lettuce Iceberg,1.0,kg,50000.0,0.0,-5124200.0,Juni,Expense Juni,LETTUCE ICEBERG,False
PCE-2338,2026-06-26,Bawang Putih Kupas,500.0,gr,25000.0,0.0,-5149200.0,Juni,Expense Juni,BAWANG PUTIH KUPAS,False
PCE-2339,2026-06-26,Bawang Merah Kupas,500.0,gr,30000.0,0.0,-5179200.0,Juni,Expense Juni,BAWANG MERAH KUPAS,False
PCE-2340,2026-06-26,Kol,3.0,kg,45000.0,0.0,-5224200.0,Juni,Expense Juni,KOL,False
PCE-2341,2026-06-26,Kol Merah,1.25,kg,56250.0,0.0,-5280450.0,Juni,Expense Juni,KOL MERAH,False
PCE-2342,2026-06-26,Daun Jeruk,200.0,gr,10000.0,0.0,-5290450.0,Juni,Expense Juni,DAUN JERUK,False
PCE-2343,2026-06-26,Parsley,200.0,gr,14000.0,0.0,-5304450.0,Juni,Expense Juni,PARSLEY,False
PCE-2344,2026-06-27,Anchor Unsalted Butter Portion 7gr,50.0,pcs,150000.0,0.0,-5454450.0,Juni,Expense Juni,ANCHOR UNSALTED BUTTER PORTION 7GR,False
PCE-2345,2026-06-27,Diamond Susu UHT Full Cream 1L,12.0,pcs,241100.0,0.0,-5695550.0,Juni,Expense Juni,DIAMOND SUSU UHT FULL CREAM 1L,False
PCE-2346,2026-06-27,parkir toko gedhe,1.0,time,2000.0,0.0,-5697550.0,Juni,Expense Juni,PARKIR TOKO GEDHE,False
PCE-2347,2026-06-27,Ultra UHT Cho 1000ml,3.0,pcs,53700.0,0.0,-5751250.0,Juni,Expense Juni,ULTRA UHT CHO 1000ML,False
PCE-2348,2026-06-27,Skippy PB Creamy 500gr,1.0,pcs,87730.0,0.0,-5838980.0,Juni,Expense Juni,SKIPPY PB CREAMY 500GR,False
PCE-2349,2026-06-27,Aqua Galon,2.0,pcs,46000.0,0.0,-5884980.0,Juni,Expense Juni,AQUA GALON,False
PCE-2350,2026-06-27,Air Isi Ulang,1.0,pcs,7000.0,0.0,-5891980.0,Juni,Expense Juni,AIR ISI ULANG,False
PCE-2351,2026-06-27,es,2.0,pack,20000.0,0.0,-5911980.0,Juni,Expense Juni,ES,False
PCE-2352,2026-06-27,Isi Token Listrik Bawah via BCA,1.0,time,203000.0,0.0,-6114980.0,Juni,Expense Juni,ISI TOKEN LISTRIK BAWAH VIA BCA,False
PCE-2353,2026-06-27,Ongkir Shopeexpress Orderan masRizal Colombo - KJ,1.0,time,10000.0,0.0,-6124980.0,Juni,Expense Juni,ONGKIR SHOPEEXPRESS ORDERAN MASRIZAL COLOMBO - KJ,False
PCE-2354,2026-06-27,ongkir shopeexpress menu,1.0,time,6000.0,0.0,-6130980.0,Juni,Expense Juni,ONGKIR SHOPEEXPRESS MENU,False
PCE-2355,2026-06-27,Es Krim Vanilla 8L,1.0,box,175000.0,0.0,-6305980.0,Juni,Expense Juni,ES KRIM VANILLA 8L,False
PCE-2356,2026-06-27,ongkir shopeexpress,1.0,time,17100.0,0.0,-6323080.0,Juni,Expense Juni,ONGKIR SHOPEEXPRESS,False
PCE-2357,2026-06-27,Sereh,300.0,gr,4500.0,0.0,-6327580.0,Juni,Expense Juni,SEREH,False
PCE-2358,2026-06-27,Daun Bawang,300.0,gr,4500.0,0.0,-6332080.0,Juni,Expense Juni,DAUN BAWANG,False
PCE-2359,2026-06-27,Daun Salam,300.0,gr,4500.0,0.0,-6336580.0,Juni,Expense Juni,DAUN SALAM,False
PCE-2360,2026-06-27,Bawang Putih Kupas,500.0,gr,26000.0,0.0,-6362580.0,Juni,Expense Juni,BAWANG PUTIH KUPAS,False
PCE-2361,2026-06-27,"Ciao Peeled Tomato 2,55kg ",2.0,can,190000.0,0.0,-6552580.0,Juni,Expense Juni,"CIAO PEELED TOMATO 2,55KG",False
PCE-2362,2026-06-27,Milac Gold Cooking Cream 1L ,2.0,pack,147000.0,0.0,-6699580.0,Juni,Expense Juni,MILAC GOLD COOKING CREAM 1L,False
PCE-2363,2026-06-27,La Fonte Macaroni 500gr ,7.0,pack,114800.0,0.0,-6814380.0,Juni,Expense Juni,LA FONTE MACARONI 500GR,False
PCE-2364,2026-06-27,Denali Caramel Sauce 2000ml,1.0,pcs,185200.0,0.0,-6999580.0,Juni,Expense Juni,DENALI CARAMEL SAUCE 2000ML,False
PCE-2365,2026-06-27,Cup Sambung 35ml LUX ,100.0,pcs,54000.0,0.0,-7053580.0,Juni,Expense Juni,CUP SAMBUNG 35ML LUX,False
PCE-2366,2026-06-27,Mangkok Kertas Bowl 800ml ,75.0,pcs,56250.0,0.0,-7109830.0,Juni,Expense Juni,MANGKOK KERTAS BOWL 800ML,False
PCE-2367,2026-06-27,Set Sendok Garpu Steril ,125.0,pcs,31500.0,0.0,-7141330.0,Juni,Expense Juni,SET SENDOK GARPU STERIL,False
PCE-2368,2026-06-27,Tutup Mangkok Bowl 650/800ml,75.0,pcs,71875.0,0.0,-7213205.0,Juni,Expense Juni,TUTUP MANGKOK BOWL 650/800ML,False
PCE-2369,2026-06-27,Minyak Kita 1L,12.0,pcs,228000.0,0.0,-7441205.0,Juni,Expense Juni,MINYAK KITA 1L,False
PCE-2370,2026-06-27,Telur Ayam,3.0,kg,63000.0,0.0,-7504205.0,Juni,Expense Juni,TELUR AYAM,False
PCE-2371,2026-06-27,SW Glb Agar Putih,3.0,pcs,15570.0,0.0,-7519775.0,Juni,Expense Juni,SW GLB AGAR PUTIH,False
PCE-2372,2026-06-27,D/Swallow Sun Pth,2.0,pcs,11180.0,0.0,-7530955.0,Juni,Expense Juni,D/SWALLOW SUN PTH,False
PCE-2373,2026-06-27,ABC Terasi Udg 76gr,1.0,pcs,8290.0,0.0,-7539245.0,Juni,Expense Juni,ABC TERASI UDG 76GR,False
PCE-2374,2026-06-27,Beras Lesung Padi 5kg,2.0,pcs,164000.0,0.0,-7703245.0,Juni,Expense Juni,BERAS LESUNG PADI 5KG,False
PCE-2375,2026-06-27,Bawang Bombay,2.0,kg,64000.0,0.0,-7767245.0,Juni,Expense Juni,BAWANG BOMBAY,False
PCE-2376,2026-06-28,es,2.0,pcs,20000.0,0.0,-7787245.0,Juni,Expense Juni,ES,False
PCE-2377,2026-06-28,Telur Omega,30.0,pcs,84000.0,0.0,-7871245.0,Juni,Expense Juni,TELUR OMEGA,False
PCE-2378,2026-06-28,Ongkir Shopeexpress BerlyanFood,1.0,time,30000.0,0.0,-7901245.0,Juni,Expense Juni,ONGKIR SHOPEEXPRESS BERLYANFOOD,False
PCE-2379,2026-06-29,Coriander Ground 500gr,1.0,pcs,69000.0,0.0,-7970245.0,Juni,Expense Juni,CORIANDER GROUND 500GR,False
PCE-2380,2026-06-29,es,2.0,pack,20000.0,0.0,-7990245.0,Juni,Expense Juni,ES,False
PCE-2381,2026-06-29,Lily Flower Sunflower Oil 1L,1.0,pcs,59000.0,0.0,-8049245.0,Juni,Expense Juni,LILY FLOWER SUNFLOWER OIL 1L,False
PCE-2382,2026-06-29,ongkir shopeexpress intisari,1.0,time,8000.0,0.0,-8057245.0,Juni,Expense Juni,ONGKIR SHOPEEXPRESS INTISARI,False
PCE-2383,2026-06-30,Additional Petty Cash,1.0,time,0.0,8557245.0,500000.0,Juni,Expense Juni,ADDITIONAL PETTY CASH,True
PCE-2384,2026-06-30,Kresek PE Size30,2.0,pack,76000.0,0.0,424000.0,Juni,Expense Juni,KRESEK PE SIZE30,False
PCE-2385,2026-06-30,Kresek PE Size28,2.0,pack,65200.0,0.0,358800.0,Juni,Expense Juni,KRESEK PE SIZE28,False
PCE-2386,2026-06-30,Kresek PE Size15,2.0,pack,26200.0,0.0,332600.0,Juni,Expense Juni,KRESEK PE SIZE15,False
PCE-2387,2026-06-30,ongkir shopeexpress toko enampuluh,1.0,time,5000.0,0.0,327600.0,Juni,Expense Juni,ONGKIR SHOPEEXPRESS TOKO ENAMPULUH,False
PCE-2388,2026-06-30,Butter Unsalted Mini Anchor 7gr (29/06),50.0,pcs,200000.0,0.0,127600.0,Juni,Expense Juni,BUTTER UNSALTED MINI ANCHOR 7GR (29/06),False
PCE-2389,2026-06-30,Pisang Cavendish,1.7,kg,51000.0,0.0,76600.0,Juni,Expense Juni,PISANG CAVENDISH,False
PCE-2390,2026-06-30,Telur Ayam,3.0,kg,63000.0,0.0,13600.0,Juni,Expense Juni,TELUR AYAM,False
PCE-2391,2026-06-30,Sun Kara Santan 200ml,4.0,pcs,64000.0,0.0,-50400.0,Juni,Expense Juni,SUN KARA SANTAN 200ML,False
PCE-2392,2026-06-30,Maizenaku 1kg,7.0,pcs,175000.0,0.0,-225400.0,Juni,Expense Juni,MAIZENAKU 1KG,False
PCE-2393,2026-06-30,Cakra Kembar Premium 1kg,7.0,pcs,98000.0,0.0,-323400.0,Juni,Expense Juni,CAKRA KEMBAR PREMIUM 1KG,False
PCE-2394,2026-06-30,Segitiga Biru Premium 1kg,7.0,pcs,94500.0,0.0,-417900.0,Juni,Expense Juni,SEGITIGA BIRU PREMIUM 1KG,False
PCE-2395,2026-06-30,Anchor Unsalted Butter Portion 7gr,50.0,pcs,150000.0,0.0,-567900.0,Juni,Expense Juni,ANCHOR UNSALTED BUTTER PORTION 7GR,False
PCE-2396,2026-06-30,Dua Belibis Cuka Dapur 650ml,3.0,pcs,40500.0,0.0,-608400.0,Juni,Expense Juni,DUA BELIBIS CUKA DAPUR 650ML,False
PCE-2397,2026-06-30,Aqua Galon,1.0,pcs,23000.0,0.0,-631400.0,Juni,Expense Juni,AQUA GALON,False
PCE-2398,2026-06-30,Air Isi Ulang,1.0,pcs,7000.0,0.0,-638400.0,Juni,Expense Juni,AIR ISI ULANG,False
PCE-2399,2026-06-30,es,2.0,pack,20000.0,0.0,-658400.0,Juni,Expense Juni,ES,False
PCE-2400,2026-06-30,Es Krim Vanilla 8L,1.0,box,192100.0,0.0,-850500.0,Juni,Expense Juni,ES KRIM VANILLA 8L,False
PCE-2401,2026-06-30,ongkir shopeexpress daging (23/06),1.0,time,16500.0,0.0,-867000.0,Juni,Expense Juni,ONGKIR SHOPEEXPRESS DAGING (23/06),False
PCE-2402,2026-06-30,Minyak Kita 1L,36.0,pcs,705000.0,0.0,-1572000.0,Juni,Expense Juni,MINYAK KITA 1L,False
PCE-2403,2026-06-30,Akrilik Menu A4 Merah Flatbed,1.0,pcs,103850.0,0.0,-1675850.0,Juni,Expense Juni,AKRILIK MENU A4 MERAH FLATBED,False
PCE-2404,2026-06-30,Additional Petty Cash,1.0,time,0.0,1675850.0,0.0,Juni,Expense Juni,ADDITIONAL PETTY CASH,True
PCE-2405,2026-07-01,Additional Petty Cash,1.0,time,0.0,2000000.0,2000000.0,Juli,Expense Juli,ADDITIONAL PETTY CASH,True
PCE-2406,2026-07-01,Telur Ayam,10.0,kg,219000.0,0.0,1781000.0,Juli,Expense Juli,TELUR AYAM,False
PCE-2407,2026-07-01,es,1.0,pack,10000.0,0.0,1771000.0,Juli,Expense Juli,ES,False
PCE-2408,2026-07-01,Iuran Sampah Juli,1.0,time,400000.0,0.0,1371000.0,Juli,Expense Juli,IURAN SAMPAH JULI,False
PCE-2409,2026-07-02,Diamond UHT Coklat 1000ml,3.0,pcs,80310.0,0.0,1290690.0,Juli,Expense Juli,DIAMOND UHT COKLAT 1000ML,False
PCE-2410,2026-07-02,Indomilk UHT 950ml,24.0,pcs,448500.0,0.0,842190.0,Juli,Expense Juli,INDOMILK UHT 950ML,False
PCE-2411,2026-07-02,Makan GC,8.0,org,200000.0,0.0,642190.0,Juli,Expense Juli,MAKAN GC,False
PCE-2412,2026-07-02,Isi Pulsa HP Toko,1.0,time,17000.0,0.0,625190.0,Juli,Expense Juli,ISI PULSA HP TOKO,False
PCE-2413,2026-07-02,es,2.0,pack,20000.0,0.0,605190.0,Juli,Expense Juli,ES,False
PCE-2414,2026-07-02,Refund Kelebihan Payment Customer (qris - cash),0.0,,18000.0,0.0,587190.0,Juli,Expense Juli,REFUND KELEBIHAN PAYMENT CUSTOMER (QRIS - CASH),False
PCE-2415,2026-07-03,Psm Gula Premium 1kg,3.0,pcs,52500.0,0.0,534690.0,Juli,Expense Juli,PSM GULA PREMIUM 1KG,False
PCE-2416,2026-07-03,plastic shopbag,1.0,pcs,500.0,0.0,534190.0,Juli,Expense Juli,PLASTIC SHOPBAG,False
PCE-2417,2026-07-03,Beras Mbok Darmi 5kg,1.0,pcs,78500.0,0.0,455690.0,Juli,Expense Juli,BERAS MBOK DARMI 5KG,False
PCE-2418,2026-07-03,Whipping Cream Millac Gold 1L,1.0,pcs,81000.0,0.0,374690.0,Juli,Expense Juli,WHIPPING CREAM MILLAC GOLD 1L,False
PCE-2419,2026-07-03,Lily Flower Sunflower Oil 1L,1.0,pcs,59000.0,0.0,315690.0,Juli,Expense Juli,LILY FLOWER SUNFLOWER OIL 1L,False
PCE-2420,2026-07-03,Colatta Choco Chips 150gr,3.0,pcs,43500.0,0.0,272190.0,Juli,Expense Juli,COLATTA CHOCO CHIPS 150GR,False
PCE-2421,2026-07-03,Aqua Galon,2.0,pcs,46000.0,0.0,226190.0,Juli,Expense Juli,AQUA GALON,False
PCE-2422,2026-07-03,es,2.0,pack,20000.0,0.0,206190.0,Juli,Expense Juli,ES,False
PCE-2423,2026-07-03,Santos Powder Creamer 1kg ,3.0,pack,132000.0,0.0,74190.0,Juli,Expense Juli,SANTOS POWDER CREAMER 1KG,False
PCE-2424,2026-07-03,Milac Gold Cooking Cream 1L ,3.0,pack,220500.0,0.0,-146310.0,Juli,Expense Juli,MILAC GOLD COOKING CREAM 1L,False
PCE-2425,2026-07-03,La Fonte Macaroni 500gr ,8.0,pack,131200.0,0.0,-277510.0,Juli,Expense Juli,LA FONTE MACARONI 500GR,False
PCE-2426,2026-07-03,Isi Token Listrik Atas,1.0,time,100000.0,0.0,-377510.0,Juli,Expense Juli,ISI TOKEN LISTRIK ATAS,False
PCE-2427,2026-07-04,Cakra Kembar Premium 1kg,7.0,pcs,98000.0,0.0,-475510.0,Juli,Expense Juli,CAKRA KEMBAR PREMIUM 1KG,False
PCE-2428,2026-07-04,Maizenaku 1kg,8.0,pcs,200000.0,0.0,-675510.0,Juli,Expense Juli,MAIZENAKU 1KG,False
PCE-2429,2026-07-04,Indomilk UHT 950ml,1.0,pcs,226500.0,0.0,-902010.0,Juli,Expense Juli,INDOMILK UHT 950ML,False
PCE-2430,2026-07-04,Kara Santan 200ml,2.0,pcs,34000.0,0.0,-936010.0,Juli,Expense Juli,KARA SANTAN 200ML,False
PCE-2431,2026-07-04,Segitiga Biru Premium 1kg,10.0,pcs,135000.0,0.0,-1071010.0,Juli,Expense Juli,SEGITIGA BIRU PREMIUM 1KG,False
PCE-2432,2026-07-04,Kuas Silicon Premium Tahan Panas,4.0,pcs,23000.0,0.0,-1094010.0,Juli,Expense Juli,KUAS SILICON PREMIUM TAHAN PANAS,False
PCE-2433,2026-07-04,Ultra UHT Cho 1000ml,3.0,pcs,53700.0,0.0,-1147710.0,Juli,Expense Juli,ULTRA UHT CHO 1000ML,False
PCE-2434,2026-07-04,Skippy PB Creamy 500gr,1.0,pcs,87730.0,0.0,-1235440.0,Juli,Expense Juli,SKIPPY PB CREAMY 500GR,False
PCE-2435,2026-07-04,Refill Gas 50kg,1.0,pcs,1123000.0,0.0,-2358440.0,Juli,Expense Juli,REFILL GAS 50KG,False
PCE-2436,2026-07-04,Es Krim Vanilla 8L,1.0,pcs,170000.0,0.0,-2528440.0,Juli,Expense Juli,ES KRIM VANILLA 8L,False
PCE-2437,2026-07-04,Pisang Cavendish Sunpride,680.0,gr,16700.0,0.0,-2545140.0,Juli,Expense Juli,PISANG CAVENDISH SUNPRIDE,False
PCE-2438,2026-07-04,Minyak Kita 1L,12.0,pcs,224000.0,0.0,-2769140.0,Juli,Expense Juli,MINYAK KITA 1L,False
PCE-2439,2026-07-04,Beras Mbok Darmi 5kg,1.0,pcs,78500.0,0.0,-2847640.0,Juli,Expense Juli,BERAS MBOK DARMI 5KG,False
PCE-2440,2026-07-04,Lettuce,494.0,gr,30185.0,0.0,-2877825.0,Juli,Expense Juli,LETTUCE,False
PCE-2441,2026-07-04,SW.Glb Agar Putih,3.0,pcs,15570.0,0.0,-2893395.0,Juli,Expense Juli,SW.GLB AGAR PUTIH,False
PCE-2442,2026-07-04,Bawang Merah Spr2,1.0,pcs,29445.0,0.0,-2922840.0,Juli,Expense Juli,BAWANG MERAH SPR2,False
PCE-2443,2026-07-04,Btter Unslted Mni Anchor 7gr,41.0,pcs,164000.0,0.0,-3086840.0,Juli,Expense Juli,BTTER UNSLTED MNI ANCHOR 7GR,False
PCE-2444,2026-07-04,Anchor Unsalted 7gr,30.0,pcs,100500.0,0.0,-3187340.0,Juli,Expense Juli,ANCHOR UNSALTED 7GR,False
PCE-2445,2026-07-04,Tongkat Handle Pel + Kain Spin Mop,2.0,pcs,117776.0,0.0,-3305116.0,Juli,Expense Juli,TONGKAT HANDLE PEL + KAIN SPIN MOP,False
PCE-2446,2026-07-04,es,1.0,pack,10000.0,0.0,-3315116.0,Juli,Expense Juli,ES,False
PCE-2447,2026-07-05,Nestle Pure Life 600ml,72.0,pcs,144000.0,0.0,-3459116.0,Juli,Expense Juli,NESTLE PURE LIFE 600ML,False
PCE-2448,2026-07-05,Koepoe Baking Powder 1kg,1.0,pcs,77000.0,0.0,-3536116.0,Juli,Expense Juli,KOEPOE BAKING POWDER 1KG,False
PCE-2449,2026-07-05,Anchor New Zealand Unsalted 7gr,100.0,pcs,265000.0,0.0,-3801116.0,Juli,Expense Juli,ANCHOR NEW ZEALAND UNSALTED 7GR,False
PCE-2450,2026-07-05,es,2.0,pack,20000.0,0.0,-3821116.0,Juli,Expense Juli,ES,False
PCE-2451,2026-07-05,Isi Token Listrik Bawah via BCA,1.0,time,203000.0,0.0,-4024116.0,Juli,Expense Juli,ISI TOKEN LISTRIK BAWAH VIA BCA,False
PCE-2452,2026-07-05,Additional Petty Cash,1.0,time,0.0,4524116.0,500000.0,Juli,Expense Juli,ADDITIONAL PETTY CASH,True
PCE-2453,2026-07-06,Segitiga Biru Premium 1kg,8.0,pcs,108000.0,0.0,392000.0,Juli,Expense Juli,SEGITIGA BIRU PREMIUM 1KG,False
PCE-2454,2026-07-06,Maizenaku 1kg,6.0,pcs,150000.0,0.0,242000.0,Juli,Expense Juli,MAIZENAKU 1KG,False
PCE-2455,2026-07-06,Mc Lewis Mayo Original 1kg,3.0,pcs,73500.0,0.0,168500.0,Juli,Expense Juli,MC LEWIS MAYO ORIGINAL 1KG,False
PCE-2456,2026-07-06,Lotus Biscoff 250gr,2.0,pcs,96000.0,0.0,72500.0,Juli,Expense Juli,LOTUS BISCOFF 250GR,False
PCE-2457,2026-07-06,Indomilk UHT 950ml,1.0,pcs,220000.0,0.0,-147500.0,Juli,Expense Juli,INDOMILK UHT 950ML,False
PCE-2458,2026-07-06,Cabe Hijau Besar,296.0,gr,12700.0,0.0,-160200.0,Juli,Expense Juli,CABE HIJAU BESAR,False
PCE-2459,2026-07-06,Wansui D/Ketumbar,1.0,pcs,12000.0,0.0,-172200.0,Juli,Expense Juli,WANSUI D/KETUMBAR,False
PCE-2460,2026-07-06,plastic shopbag,1.0,pcs,200.0,0.0,-172400.0,Juli,Expense Juli,PLASTIC SHOPBAG,False
PCE-2461,2026-07-06,Red Cheddar Anchor 84 Slices,1.0,pack,165000.0,0.0,-337400.0,Juli,Expense Juli,RED CHEDDAR ANCHOR 84 SLICES,False
PCE-2462,2026-07-06,ongkir shopeexpress keju,1.0,time,5000.0,0.0,-342400.0,Juli,Expense Juli,ONGKIR SHOPEEXPRESS KEJU,False
PCE-2463,2026-07-06,Telur Ayam,10.0,kg,206000.0,0.0,-548400.0,Juli,Expense Juli,TELUR AYAM,False
PCE-2464,2026-07-06,Telur Ayam,1.0,kg,24000.0,0.0,-572400.0,Juli,Expense Juli,TELUR AYAM,False
PCE-2465,2026-07-06,es,2.0,pack,20000.0,0.0,-592400.0,Juli,Expense Juli,ES,False
PCE-2466,2026-07-06,Isi Pulsa HP Gudang via Shopee,1.0,time,51000.0,0.0,-643400.0,Juli,Expense Juli,ISI PULSA HP GUDANG VIA SHOPEE,False
PCE-2467,2026-07-06,Minyak Kita 1L,36.0,pcs,705000.0,0.0,-1348400.0,Juli,Expense Juli,MINYAK KITA 1L,False
PCE-2468,2026-07-06,Kresek PE Size30,2.0,pack,76000.0,0.0,-1424400.0,Juli,Expense Juli,KRESEK PE SIZE30,False
PCE-2469,2026-07-06,Kresek PE Size28,2.0,pack,65200.0,0.0,-1489600.0,Juli,Expense Juli,KRESEK PE SIZE28,False
PCE-2470,2026-07-07,Kresek PE Size24,2.0,pack,47200.0,0.0,-1536800.0,Juli,Expense Juli,KRESEK PE SIZE24,False
PCE-2471,2026-07-07,Kresek PE Size15 (50pcs),100.0,pcs,31000.0,0.0,-1567800.0,Juli,Expense Juli,KRESEK PE SIZE15 (50PCS),False
PCE-2472,2026-07-07,ongkir shopeexpress tokoenampuluh,1.0,time,5000.0,0.0,-1572800.0,Juli,Expense Juli,ONGKIR SHOPEEXPRESS TOKOENAMPULUH,False
PCE-2473,2026-07-07,L'arome Vanilla Susu 500gr,1.0,pack,255000.0,0.0,-1827800.0,Juli,Expense Juli,L'AROME VANILLA SUSU 500GR,False
PCE-2474,2026-07-07,ongkir shopeexpress intisari,1.0,time,5000.0,0.0,-1832800.0,Juli,Expense Juli,ONGKIR SHOPEEXPRESS INTISARI,False
PCE-2475,2026-07-07,Aqua Galon,2.0,pcs,46000.0,0.0,-1878800.0,Juli,Expense Juli,AQUA GALON,False
PCE-2476,2026-07-07,Air Isi Ulang,1.0,pcs,7000.0,0.0,-1885800.0,Juli,Expense Juli,AIR ISI ULANG,False
PCE-2477,2026-07-07,es,2.0,pack,20000.0,0.0,-1905800.0,Juli,Expense Juli,ES,False
PCE-2478,2026-07-07,Ongkir Shopeexpress Orderan masRizal Colombo - KJ,1.0,time,8000.0,0.0,-1913800.0,Juli,Expense Juli,ONGKIR SHOPEEXPRESS ORDERAN MASRIZAL COLOMBO - KJ,False
PCE-2479,2026-07-07,Lettuce Iceberg,1.0,kg,50000.0,0.0,-1963800.0,Juli,Expense Juli,LETTUCE ICEBERG,False
PCE-2480,2026-07-07,Cabai Rawit Merah,1.0,kg,65000.0,0.0,-2028800.0,Juli,Expense Juli,CABAI RAWIT MERAH,False
PCE-2481,2026-07-07,Wortel,1.0,kg,18000.0,0.0,-2046800.0,Juli,Expense Juli,WORTEL,False
PCE-2482,2026-07-07,Daun Bawang,500.0,gr,7500.0,0.0,-2054300.0,Juli,Expense Juli,DAUN BAWANG,False
PCE-2483,2026-07-07,Pisang Cavendish Sunpride,1.1,kg,33000.0,0.0,-2087300.0,Juli,Expense Juli,PISANG CAVENDISH SUNPRIDE,False
PCE-2484,2026-07-07,Sereh,200.0,gr,3000.0,0.0,-2090300.0,Juli,Expense Juli,SEREH,False
PCE-2485,2026-07-07,La Fonte Macaroni 500gr ,7.0,pack,114800.0,0.0,-2205100.0,Juli,Expense Juli,LA FONTE MACARONI 500GR,False
PCE-2486,2026-07-07,Tepung Maizena 1kg,7.0,pack,119000.0,0.0,-2324100.0,Juli,Expense Juli,TEPUNG MAIZENA 1KG,False
PCE-2487,2026-07-07,"Ciao Peeled Tomato 2,55kg",3.0,can,285000.0,0.0,-2609100.0,Juli,Expense Juli,"CIAO PEELED TOMATO 2,55KG",False
PCE-2488,2026-07-07,Milac Gold Cooking Cream 1L ,2.0,pcs,147000.0,0.0,-2756100.0,Juli,Expense Juli,MILAC GOLD COOKING CREAM 1L,False
PCE-2489,2026-07-07,Indomilk UHT Full Cream Plain 1 L,36.0,pcs,660000.0,0.0,-3416100.0,Juli,Expense Juli,INDOMILK UHT FULL CREAM PLAIN 1 L,False
PCE-2490,2026-07-07,Nutella 3kg,1.0,pail,525000.0,0.0,-3941100.0,Juli,Expense Juli,NUTELLA 3KG,False
PCE-2491,2026-07-07,Indo Ice Cream Vanilla 8L,1.0,box,165000.0,0.0,-4106100.0,Juli,Expense Juli,INDO ICE CREAM VANILLA 8L,False
PCE-2492,2026-07-08,Desaku Keumbar BUbuk 250gr,4.0,pcs,70000.0,0.0,-4176100.0,Juli,Expense Juli,DESAKU KEUMBAR BUBUK 250GR,False
PCE-2493,2026-07-08,Yutakachi Parsley 250gr,2.0,pcs,108000.0,0.0,-4284100.0,Juli,Expense Juli,YUTAKACHI PARSLEY 250GR,False
PCE-2494,2026-07-08,Segitiga Biru Premium 1kg,7.0,pcs,94500.0,0.0,-4378600.0,Juli,Expense Juli,SEGITIGA BIRU PREMIUM 1KG,False
PCE-2495,2026-07-08,LKK Sesame Oil 115ml,1.0,pcs,47500.0,0.0,-4426100.0,Juli,Expense Juli,LKK SESAME OIL 115ML,False
PCE-2496,2026-07-08,Ultra UHT Cho 1000ml,3.0,pcs,55500.0,0.0,-4481600.0,Juli,Expense Juli,ULTRA UHT CHO 1000ML,False
PCE-2497,2026-07-08,es,1.0,pack,10000.0,0.0,-4491600.0,Juli,Expense Juli,ES,False
PCE-2498,2026-07-08,Jahe Putih Bubuk,1.0,kg,65000.0,0.0,-4556600.0,Juli,Expense Juli,JAHE PUTIH BUBUK,False
PCE-2499,2026-07-08,Kapulaga K,1.0,ons,26000.0,0.0,-4582600.0,Juli,Expense Juli,KAPULAGA K,False
PCE-2500,2026-07-08,Additional Petty Cash,1.0,time,0.0,5082600.0,500000.0,Juli,Expense Juli,ADDITIONAL PETTY CASH,True
PCE-2501,2026-07-08,3 Sapi Krimer 490gr,1.0,pcs,12900.0,0.0,487100.0,Juli,Expense Juli,3 SAPI KRIMER 490GR,False
PCE-2502,2026-07-08,Carnation KKM 405gr,1.0,pcs,18600.0,0.0,468500.0,Juli,Expense Juli,CARNATION KKM 405GR,False
PCE-2503,2026-07-08,Lily Flower Sunflower Oil 1L,1.0,pcs,59000.0,0.0,409500.0,Juli,Expense Juli,LILY FLOWER SUNFLOWER OIL 1L,False
PCE-2504,2026-07-08,Colatta Choco Chips 150gr,4.0,pcs,58500.0,0.0,351000.0,Juli,Expense Juli,COLATTA CHOCO CHIPS 150GR,False
PCE-2505,2026-07-08,ongkir intisari,1.0,time,5000.0,0.0,346000.0,Juli,Expense Juli,ONGKIR INTISARI,False
PCE-2506,2026-07-08,Parsley 500gr,2.0,pack,96000.0,0.0,250000.0,Juli,Expense Juli,PARSLEY 500GR,False
PCE-2507,2026-07-08,Anchor Butter 1kg,2.0,pack,340000.0,0.0,-90000.0,Juli,Expense Juli,ANCHOR BUTTER 1KG,False
PCE-2508,2026-07-09,es,1.0,pack,10000.0,0.0,-100000.0,Juli,Expense Juli,ES,False
PCE-2509,2026-07-09,Ongkir Shopeexpress Orderan masRizal Colombo - KJ,1.0,time,6000.0,0.0,-106000.0,Juli,Expense Juli,ONGKIR SHOPEEXPRESS ORDERAN MASRIZAL COLOMBO - KJ,False
PCE-2510,2026-07-10,Aqua Galon,1.0,pcs,23000.0,0.0,-129000.0,Juli,Expense Juli,AQUA GALON,False
PCE-2511,2026-07-10,Air Isi Ulang,1.0,pcs,7000.0,0.0,-136000.0,Juli,Expense Juli,AIR ISI ULANG,False
PCE-2512,2026-07-10,es,2.0,pack,20000.0,0.0,-156000.0,Juli,Expense Juli,ES,False
PCE-2513,2026-07-10,Minyak Kita 1L,36.0,pcs,678000.0,0.0,-834000.0,Juli,Expense Juli,MINYAK KITA 1L,False
PCE-2514,2026-07-10,Beras Lesung Padi 5kg,1.0,pcs,84500.0,0.0,-918500.0,Juli,Expense Juli,BERAS LESUNG PADI 5KG,False
PCE-2515,2026-07-10,Skippy Creamy Peanut Butter 500gr,2.0,pcs,124000.0,0.0,-1042500.0,Juli,Expense Juli,SKIPPY CREAMY PEANUT BUTTER 500GR,False
PCE-2516,2026-07-10,ongkir shopeexpress intisari,1.0,time,6000.0,0.0,-1048500.0,Juli,Expense Juli,ONGKIR SHOPEEXPRESS INTISARI,False
PCE-2517,2026-07-10,Indomilk UHT 950ml,24.0,pcs,448500.0,0.0,-1497000.0,Juli,Expense Juli,INDOMILK UHT 950ML,False
PCE-2518,2026-07-11,Es Krim Vanilla 8L,1.0,box,171200.0,0.0,-1668200.0,Juli,Expense Juli,ES KRIM VANILLA 8L,False
PCE-2519,2026-07-11,Pisang Cavendish Sunpride,1179.0,gr,28900.0,0.0,-1697100.0,Juli,Expense Juli,PISANG CAVENDISH SUNPRIDE,False
PCE-2520,2026-07-11,parkir bumi buah,1.0,time,2000.0,0.0,-1699100.0,Juli,Expense Juli,PARKIR BUMI BUAH,False
PCE-2521,2026-07-11,Telur Ayam,10.0,kg,224000.0,0.0,-1923100.0,Juli,Expense Juli,TELUR AYAM,False
PCE-2522,2026-07-11,Cup Sambung 35ml LUX (50pcs),600.0,pcs,144000.0,0.0,-2067100.0,Juli,Expense Juli,CUP SAMBUNG 35ML LUX (50PCS),False
PCE-2523,2026-07-11,Pan Penggorengan Roti China,1.0,pcs,380000.0,0.0,-2447100.0,Juli,Expense Juli,PAN PENGGORENGAN ROTI CHINA,False
PCE-2524,2026-07-11,Beras Ladang Pangan 5kg,1.0,pcs,82500.0,0.0,-2529600.0,Juli,Expense Juli,BERAS LADANG PANGAN 5KG,False
PCE-2525,2026-07-11,Ultra UHT Cho 1000ml,2.0,pcs,37000.0,0.0,-2566600.0,Juli,Expense Juli,ULTRA UHT CHO 1000ML,False
PCE-2526,2026-07-11,Bawang Bombay (08/07),3.0,kg,96000.0,0.0,-2662600.0,Juli,Expense Juli,BAWANG BOMBAY (08/07),False
PCE-2527,2026-07-11,Kain Lap Micro 30x30 Kng/Onl,2.0,pcs,12034.0,0.0,-2674634.0,Juli,Expense Juli,KAIN LAP MICRO 30X30 KNG/ONL,False
PCE-2528,2026-07-11,Scotch B ID-30 P5,1.0,pcs,29158.0,0.0,-2703792.0,Juli,Expense Juli,SCOTCH B ID-30 P5,False
PCE-2529,2026-07-11,Stella Ars 175 Balinese Jasmine,1.0,pcs,18540.0,0.0,-2722332.0,Juli,Expense Juli,STELLA ARS 175 BALINESE JASMINE,False
PCE-2530,2026-07-11,Sayang Det 770 Rose,1.0,pcs,14124.0,0.0,-2736456.0,Juli,Expense Juli,SAYANG DET 770 ROSE,False
PCE-2531,2026-07-11,Mr M Pemb.Dpr Pch 720 Lmn,1.0,pcs,11753.0,0.0,-2748209.0,Juli,Expense Juli,MR M PEMB.DPR PCH 720 LMN,False
PCE-2532,2026-07-11,Glade Bath 75 M.Pine,2.0,pcs,20428.0,0.0,-2768637.0,Juli,Expense Juli,GLADE BATH 75 M.PINE,False
PCE-2533,2026-07-11,plastic shopbag,1.0,pcs,500.0,0.0,-2769137.0,Juli,Expense Juli,PLASTIC SHOPBAG,False
PCE-2534,2026-07-11,Lucsa S/S Scourer 25gr LS-621,1.0,pcs,13067.0,0.0,-2782204.0,Juli,Expense Juli,LUCSA S/S SCOURER 25GR LS-621,False
PCE-2535,2026-07-11,Bagus Sibiru 2Sx5,1.0,pcs,20160.0,0.0,-2802364.0,Juli,Expense Juli,BAGUS SIBIRU 2SX5,False
PCE-2536,2026-07-11,Dahlia Napt Fln Frs Fld K.31,1.0,pcs,18830.0,0.0,-2821194.0,Juli,Expense Juli,DAHLIA NAPT FLN FRS FLD K.31,False
PCE-2537,2026-07-11,MM Clear Rf 400L,1.0,pcs,4001.0,0.0,-2825195.0,Juli,Expense Juli,MM CLEAR RF 400L,False
PCE-2538,2026-07-11,MM Clear Rf 400B,1.0,pcs,4001.0,0.0,-2829196.0,Juli,Expense Juli,MM CLEAR RF 400B,False
PCE-2539,2026-07-11,MM Clear Rf 400L,1.0,pcs,4001.0,0.0,-2833197.0,Juli,Expense Juli,MM CLEAR RF 400L,False
PCE-2540,2026-07-11,es,2.0,pack,20000.0,0.0,-2853197.0,Juli,Expense Juli,ES,False
PCE-2541,2026-07-11,Ongkir Shopeexpress Orderan masRizal Colombo - KJ,1.0,time,6000.0,0.0,-2859197.0,Juli,Expense Juli,ONGKIR SHOPEEXPRESS ORDERAN MASRIZAL COLOMBO - KJ,False
PCE-2542,2026-07-12,Kol Ungu,2.0,kg,90000.0,0.0,-2949197.0,Juli,Expense Juli,KOL UNGU,False
PCE-2543,2026-07-12,Kol Putih,1.9,kg,24700.0,0.0,-2973897.0,Juli,Expense Juli,KOL PUTIH,False
PCE-2544,2026-07-12,Bawang Putih Kupas,1.0,kg,50000.0,0.0,-3023897.0,Juli,Expense Juli,BAWANG PUTIH KUPAS,False
PCE-2545,2026-07-12,Coriander,300.0,gr,24000.0,0.0,-3047897.0,Juli,Expense Juli,CORIANDER,False
PCE-2546,2026-07-12,Cabai Teropong Hijau,300.0,gr,12000.0,0.0,-3059897.0,Juli,Expense Juli,CABAI TEROPONG HIJAU,False
PCE-2547,2026-07-12,Lettuce Iceberg,1.0,kg,50000.0,0.0,-3109897.0,Juli,Expense Juli,LETTUCE ICEBERG,False
PCE-2548,2026-07-12,Lemon,1.0,kg,65000.0,0.0,-3174897.0,Juli,Expense Juli,LEMON,False
PCE-2549,2026-07-12,Bawang Merah Kupas,300.0,gr,16500.0,0.0,-3191397.0,Juli,Expense Juli,BAWANG MERAH KUPAS,False
PCE-2550,2026-07-12,Millac Gold Whipping Cream 1L,1.0,pcs,78000.0,0.0,-3269397.0,Juli,Expense Juli,MILLAC GOLD WHIPPING CREAM 1L,False
PCE-2551,2026-07-12,Hercules Baking Powder 450gr,1.0,pcs,50500.0,0.0,-3319897.0,Juli,Expense Juli,HERCULES BAKING POWDER 450GR,False
PCE-2552,2026-07-12,ongkir shopeexpress intisari,1.0,time,6000.0,0.0,-3325897.0,Juli,Expense Juli,ONGKIR SHOPEEXPRESS INTISARI,False
PCE-2553,2026-07-12,es,2.0,pack,20000.0,0.0,-3345897.0,Juli,Expense Juli,ES,False
PCE-2554,2026-07-12,Ongkir Shopeexpress BerlyanFood,1.0,time,30000.0,0.0,-3375897.0,Juli,Expense Juli,ONGKIR SHOPEEXPRESS BERLYANFOOD,False
PCE-2555,2026-07-12,Telur Omega,30.0,pcs,84000.0,0.0,-3459897.0,Juli,Expense Juli,TELUR OMEGA,False
PCE-2556,2026-07-12,ongkir shopeexpress,1.0,time,14000.0,0.0,-3473897.0,Juli,Expense Juli,ONGKIR SHOPEEXPRESS,False
PCE-2557,2026-07-12,Refund Kelebihan Payment Customer (qris - cash),0.0,,6000.0,0.0,-3479897.0,Juli,Expense Juli,REFUND KELEBIHAN PAYMENT CUSTOMER (QRIS - CASH),False
PCE-2558,2026-07-12,Additional Petty Cash,1.0,time,0.0,4079897.0,600000.0,Juli,Expense Juli,ADDITIONAL PETTY CASH,True
PCE-2559,2026-07-13,Aqua Galon,2.0,pcs,46000.0,0.0,554000.0,Juli,Expense Juli,AQUA GALON,False
PCE-2560,2026-07-13,Flame Gun,1.0,pcs,20990.0,0.0,533010.0,Juli,Expense Juli,FLAME GUN,False
PCE-2561,2026-07-13,Asbak Aluminium Kotak Lubang 16,3.0,pcs,87000.0,0.0,446010.0,Juli,Expense Juli,ASBAK ALUMINIUM KOTAK LUBANG 16,False
PCE-2562,2026-07-13,Isi Token Listrik via BCA,1.0,time,503000.0,0.0,-56990.0,Juli,Expense Juli,ISI TOKEN LISTRIK VIA BCA,False
